{
  "ScorpioIOSummaryStatistics":{
    "OverallIOStatistics":{
      "name" : "Scorpio",
      "avg_wtput" : 1938.186937,
      "avg_rtput" : 92032.030736,
      "tot_wb" : 14902655154,
      "tot_rb" : 5593711370892,
      "tot_wtime" : 68.897308
      }
    ,
    "ModelComponentIOStatistics":[
      {
        "name" : "CPL",
        "avg_wtput" : 1728.120069,
        "avg_rtput" : 28.802602,
        "tot_wb" : 760685627,
        "tot_rb" : 6417296,
        "tot_wtime" : 0.982819
        }
      ,
      {
        "name" : "tmp_002700tasks000042io01_comp",
        "avg_wtput" : 2490.804983,
        "avg_rtput" : 94795.266032,
        "tot_wb" : 12410010762,
        "tot_rb" : 5593480413664,
        "tot_wtime" : 63.727689
        }
      ,
      {
        "name" : "tmp_002560tasks000040io02_comp",
        "avg_wtput" : 764.170302,
        "avg_rtput" : 144.739135,
        "tot_wb" : 1731958765,
        "tot_rb" : 224539932,
        "tot_wtime" : 4.186799
        }
      ,
      {
        "name" : "tmp_01tasks01io03_comp",
        "avg_wtput" : 0.000000,
        "avg_rtput" : 0.000000,
        "tot_wb" : 0,
        "tot_rb" : 0,
        "tot_wtime" : 0.000000
        }
      ,
      {
        "name" : "tmp_01tasks01io04_comp",
        "avg_wtput" : 0.000000,
        "avg_rtput" : 0.000000,
        "tot_wb" : 0,
        "tot_rb" : 0,
        "tot_wtime" : 0.000000
        }
      ,
      {
        "name" : "tmp_01tasks01io05_comp",
        "avg_wtput" : 0.000000,
        "avg_rtput" : 0.000000,
        "tot_wb" : 0,
        "tot_rb" : 0,
        "tot_wtime" : 0.000000
        }
      ]
    ,
    "FileIOStatistics":[
      {
        "name" : "/lcrc/group/e3sm/data/inputdata/cpl/cpl6/map_r05_to_oEC60to30v3_smoothed.r300e600.161222.nc",
        "avg_wtput" : 0.000000,
        "avg_rtput" : 42.265375,
        "tot_wb" : 0,
        "tot_rb" : 4147200,
        "tot_wtime" : 0.098179
        }
      ,
      {
        "name" : "/lcrc/group/e3sm/data/inputdata/cpl/gridmaps/oEC60to30v3/map_oEC60to30v3_to_ne30np4_aave.161222.nc",
        "avg_wtput" : 0.000000,
        "avg_rtput" : 18.359709,
        "tot_wb" : 0,
        "tot_rb" : 2270096,
        "tot_wtime" : 0.121205
        }
      ,
      {
        "name" : "v2-overview-wccase-chrysalis-r0.A_WCYCL1850S_CMIP6.ne30_oECv3.M.cpl.hi.0001-04-01-00000.nc",
        "avg_wtput" : 1788.065606,
        "avg_rtput" : 0.000000,
        "tot_wb" : 467109869,
        "tot_rb" : 0,
        "tot_wtime" : 0.309476
        }
      ,
      {
        "name" : "v2-overview-wccase-chrysalis-r0.A_WCYCL1850S_CMIP6.ne30_oECv3.M.cpl.r.0001-04-01-00000.nc",
        "avg_wtput" : 1634.285725,
        "avg_rtput" : 0.000000,
        "tot_wb" : 293575758,
        "tot_rb" : 0,
        "tot_wtime" : 0.206699
        }
      ,
      {
        "name" : "/lcrc/group/e3sm/data/inputdata/atm/cam/chem/trop_mam/atmsrf_ne30np4_110920.nc",
        "avg_wtput" : 0.000000,
        "avg_rtput" : 21.212528,
        "tot_wb" : 0,
        "tot_rb" : 4276976,
        "tot_wtime" : 0.195703
        }
      ,
      {
        "name" : "/lcrc/group/e3sm/data/inputdata/atm/cam/chem/trop_mozart/dvel/season_wes.nc",
        "avg_wtput" : 0.000000,
        "avg_rtput" : 1781.403611,
        "tot_wb" : 0,
        "tot_rb" : 520992000,
        "tot_wtime" : 0.282514
        }
      ,
      {
        "name" : "/lcrc/group/e3sm/data/inputdata/atm/cam/chem/trop_mozart/phot/exo_coldens.nc",
        "avg_wtput" : 0.000000,
        "avg_rtput" : 6415.519469,
        "tot_wb" : 0,
        "tot_rb" : 2192529600,
        "tot_wtime" : 0.338642
        }
      ,
      {
        "name" : "/lcrc/group/e3sm/data/inputdata/atm/cam/chem/trop_mozart/ub/Linoz_Chlorine_Loading_CMIP6_0003-2017_c20171114.nc",
        "avg_wtput" : 0.000000,
        "avg_rtput" : 63.280092,
        "tot_wb" : 0,
        "tot_rb" : 43567200,
        "tot_wtime" : 0.664071
        }
      ,
      {
        "name" : "/lcrc/group/e3sm/data/inputdata/atm/cam/chem/trop_mozart/ub/clim_p_trop.nc",
        "avg_wtput" : 0.000000,
        "avg_rtput" : 7647.078928,
        "tot_wb" : 0,
        "tot_rb" : 2729397600,
        "tot_wtime" : 0.345476
        }
      ,
      {
        "name" : "/lcrc/group/e3sm/data/inputdata/atm/cam/chem/trop_mozart_aero/emis/DECK_ne30/cmip6_mam4_bc_a4_elev_1850-2014_c180205.nc",
        "avg_wtput" : 0.000000,
        "avg_rtput" : 0.000000,
        "tot_wb" : 0,
        "tot_rb" : 0,
        "tot_wtime" : 0.103782
        }
      ,
      {
        "name" : "/lcrc/group/e3sm/data/inputdata/atm/cam/chem/trop_mozart_aero/emis/DECK_ne30/cmip6_mam4_bc_a4_surf_1850-2014_c180205.nc",
        "avg_wtput" : 0.000000,
        "avg_rtput" : 0.000000,
        "tot_wb" : 0,
        "tot_rb" : 0,
        "tot_wtime" : 0.038845
        }
      ,
      {
        "name" : "/lcrc/group/e3sm/data/inputdata/atm/cam/chem/trop_mozart_aero/emis/DECK_ne30/cmip6_mam4_num_a1_elev_1850-2014_c180205.nc",
        "avg_wtput" : 0.000000,
        "avg_rtput" : 0.000000,
        "tot_wb" : 0,
        "tot_rb" : 0,
        "tot_wtime" : 0.103219
        }
      ,
      {
        "name" : "/lcrc/group/e3sm/data/inputdata/atm/cam/chem/trop_mozart_aero/emis/DECK_ne30/cmip6_mam4_num_a1_surf_1850-2014_c180205.nc",
        "avg_wtput" : 0.000000,
        "avg_rtput" : 0.000000,
        "tot_wb" : 0,
        "tot_rb" : 0,
        "tot_wtime" : 0.040636
        }
      ,
      {
        "name" : "/lcrc/group/e3sm/data/inputdata/atm/cam/chem/trop_mozart_aero/emis/DECK_ne30/cmip6_mam4_num_a2_elev_1850-2014_c180205.nc",
        "avg_wtput" : 0.000000,
        "avg_rtput" : 0.000000,
        "tot_wb" : 0,
        "tot_rb" : 0,
        "tot_wtime" : 0.203899
        }
      ,
      {
        "name" : "/lcrc/group/e3sm/data/inputdata/atm/cam/chem/trop_mozart_aero/emis/DECK_ne30/cmip6_mam4_num_a2_surf_1850-2014_c180205.nc",
        "avg_wtput" : 0.000000,
        "avg_rtput" : 0.000000,
        "tot_wb" : 0,
        "tot_rb" : 0,
        "tot_wtime" : 0.097745
        }
      ,
      {
        "name" : "/lcrc/group/e3sm/data/inputdata/atm/cam/chem/trop_mozart_aero/emis/DECK_ne30/cmip6_mam4_num_a4_elev_1850-2014_c180205.nc",
        "avg_wtput" : 0.000000,
        "avg_rtput" : 0.000000,
        "tot_wb" : 0,
        "tot_rb" : 0,
        "tot_wtime" : 0.093516
        }
      ,
      {
        "name" : "/lcrc/group/e3sm/data/inputdata/atm/cam/chem/trop_mozart_aero/emis/DECK_ne30/cmip6_mam4_num_a4_surf_1850-2014_c180205.nc",
        "avg_wtput" : 0.000000,
        "avg_rtput" : 0.000000,
        "tot_wb" : 0,
        "tot_rb" : 0,
        "tot_wtime" : 0.043870
        }
      ,
      {
        "name" : "/lcrc/group/e3sm/data/inputdata/atm/cam/chem/trop_mozart_aero/emis/DECK_ne30/cmip6_mam4_pom_a4_elev_1850-2014_c180205.nc",
        "avg_wtput" : 0.000000,
        "avg_rtput" : 0.000000,
        "tot_wb" : 0,
        "tot_rb" : 0,
        "tot_wtime" : 0.113881
        }
      ,
      {
        "name" : "/lcrc/group/e3sm/data/inputdata/atm/cam/chem/trop_mozart_aero/emis/DECK_ne30/cmip6_mam4_pom_a4_surf_1850-2014_c180205.nc",
        "avg_wtput" : 0.000000,
        "avg_rtput" : 0.000000,
        "tot_wb" : 0,
        "tot_rb" : 0,
        "tot_wtime" : 0.035996
        }
      ,
      {
        "name" : "/lcrc/group/e3sm/data/inputdata/atm/cam/chem/trop_mozart_aero/emis/DECK_ne30/cmip6_mam4_so2_elev_1850-2014_c180205.nc",
        "avg_wtput" : 0.000000,
        "avg_rtput" : 0.000000,
        "tot_wb" : 0,
        "tot_rb" : 0,
        "tot_wtime" : 0.119632
        }
      ,
      {
        "name" : "/lcrc/group/e3sm/data/inputdata/atm/cam/chem/trop_mozart_aero/emis/DECK_ne30/cmip6_mam4_so2_surf_1850-2014_c180205.nc",
        "avg_wtput" : 0.000000,
        "avg_rtput" : 0.000000,
        "tot_wb" : 0,
        "tot_rb" : 0,
        "tot_wtime" : 0.078724
        }
      ,
      {
        "name" : "/lcrc/group/e3sm/data/inputdata/atm/cam/chem/trop_mozart_aero/emis/DECK_ne30/cmip6_mam4_so4_a1_elev_1850-2014_c180205.nc",