{
  "ScorpioIOSummaryStatistics":{
    "OverallIOStatistics":{
      "name" : "Scorpio",
      "avg_wtput" : 1574.049139,
      "avg_rtput" : 141129.782897,
      "tot_wb" : 14902655154,
      "tot_rb" : 11186378610412,
      "tot_wtime" : 91.364201
      }
    ,
    "ModelComponentIOStatistics":[
      {
        "name" : "CPL",
        "avg_wtput" : 1023.557256,
        "avg_rtput" : 8.609753,
        "tot_wb" : 760685627,
        "tot_rb" : 6417296,
        "tot_wtime" : 2.076210
        }
      ,
      {
        "name" : "tmp_005400tasks000084io01_comp",
        "avg_wtput" : 2320.523008,
        "avg_rtput" : 147200.461515,
        "tot_wb" : 12410010762,
        "tot_rb" : 11186142758464,
        "tot_wtime" : 83.139260
        }
      ,
      {
        "name" : "tmp_005120tasks000080io02_comp",
        "avg_wtput" : 512.929225,
        "avg_rtput" : 90.860536,
        "tot_wb" : 1731958765,
        "tot_rb" : 229434652,
        "tot_wtime" : 6.148730
        }
      ,
      {
        "name" : "tmp_01tasks01io03_comp",
        "avg_wtput" : 0.000000,
        "avg_rtput" : 0.000000,
        "tot_wb" : 0,
        "tot_rb" : 0,
        "tot_wtime" : 0.000000
        }
      ,
      {
        "name" : "tmp_01tasks01io04_comp",
        "avg_wtput" : 0.000000,
        "avg_rtput" : 0.000000,
        "tot_wb" : 0,
        "tot_rb" : 0,
        "tot_wtime" : 0.000000
        }
      ,
      {
        "name" : "tmp_01tasks01io05_comp",
        "avg_wtput" : 0.000000,
        "avg_rtput" : 0.000000,
        "tot_wb" : 0,
        "tot_rb" : 0,
        "tot_wtime" : 0.000000
        }
      ]
    ,
    "FileIOStatistics":[
      {
        "name" : "/lcrc/group/e3sm/data/inputdata/cpl/cpl6/map_r05_to_oEC60to30v3_smoothed.r300e600.161222.nc",
        "avg_wtput" : 0.000000,
        "avg_rtput" : 9.036343,
        "tot_wb" : 0,
        "tot_rb" : 4147200,
        "tot_wtime" : 0.444461
        }
      ,
      {
        "name" : "/lcrc/group/e3sm/data/inputdata/cpl/gridmaps/oEC60to30v3/map_oEC60to30v3_to_ne30np4_aave.161222.nc",
        "avg_wtput" : 0.000000,
        "avg_rtput" : 7.959596,
        "tot_wb" : 0,
        "tot_rb" : 2270096,
        "tot_wtime" : 0.276483
        }
      ,
      {
        "name" : "v2-overview-wccase-chrysalis-r0.A_WCYCL1850S_CMIP6.ne30_oECv3.L.cpl.hi.0001-04-01-00000.nc",
        "avg_wtput" : 1226.921195,
        "avg_rtput" : 0.000000,
        "tot_wb" : 467109869,
        "tot_rb" : 0,
        "tot_wtime" : 0.432048
        }
      ,
      {
        "name" : "v2-overview-wccase-chrysalis-r0.A_WCYCL1850S_CMIP6.ne30_oECv3.L.cpl.r.0001-04-01-00000.nc",
        "avg_wtput" : 808.671660,
        "avg_rtput" : 0.000000,
        "tot_wb" : 293575758,
        "tot_rb" : 0,
        "tot_wtime" : 0.384562
        }
      ,
      {
        "name" : "/lcrc/group/e3sm/data/inputdata/atm/cam/chem/trop_mam/atmsrf_ne30np4_110920.nc",
        "avg_wtput" : 0.000000,
        "avg_rtput" : 15.877271,
        "tot_wb" : 0,
        "tot_rb" : 4276976,
        "tot_wtime" : 0.261768
        }
      ,
      {
        "name" : "/lcrc/group/e3sm/data/inputdata/atm/cam/chem/trop_mozart/dvel/season_wes.nc",
        "avg_wtput" : 0.000000,
        "avg_rtput" : 1222.662174,
        "tot_wb" : 0,
        "tot_rb" : 1041984000,
        "tot_wtime" : 0.820983
        }
      ,
      {
        "name" : "/lcrc/group/e3sm/data/inputdata/atm/cam/chem/trop_mozart/phot/exo_coldens.nc",
        "avg_wtput" : 0.000000,
        "avg_rtput" : 5219.052927,
        "tot_wb" : 0,
        "tot_rb" : 4385059200,
        "tot_wtime" : 0.872711
        }
      ,
      {
        "name" : "/lcrc/group/e3sm/data/inputdata/atm/cam/chem/trop_mozart/ub/Linoz_Chlorine_Loading_CMIP6_0003-2017_c20171114.nc",
        "avg_wtput" : 0.000000,
        "avg_rtput" : 48.038027,
        "tot_wb" : 0,
        "tot_rb" : 87134400,
        "tot_wtime" : 1.770126
        }
      ,
      {
        "name" : "/lcrc/group/e3sm/data/inputdata/atm/cam/chem/trop_mozart/ub/clim_p_trop.nc",
        "avg_wtput" : 0.000000,
        "avg_rtput" : 6104.073892,
        "tot_wb" : 0,
        "tot_rb" : 5458795200,
        "tot_wtime" : 0.853899
        }
      ,
      {
        "name" : "/lcrc/group/e3sm/data/inputdata/atm/cam/chem/trop_mozart_aero/emis/DECK_ne30/cmip6_mam4_bc_a4_elev_1850-2014_c180205.nc",
        "avg_wtput" : 0.000000,
        "avg_rtput" : 0.000000,
        "tot_wb" : 0,
        "tot_rb" : 0,
        "tot_wtime" : 0.188629
        }
      ,
      {
        "name" : "/lcrc/group/e3sm/data/inputdata/atm/cam/chem/trop_mozart_aero/emis/DECK_ne30/cmip6_mam4_bc_a4_surf_1850-2014_c180205.nc",
        "avg_wtput" : 0.000000,
        "avg_rtput" : 0.000000,
        "tot_wb" : 0,
        "tot_rb" : 0,
        "tot_wtime" : 0.189438
        }
      ,
      {
        "name" : "/lcrc/group/e3sm/data/inputdata/atm/cam/chem/trop_mozart_aero/emis/DECK_ne30/cmip6_mam4_num_a1_elev_1850-2014_c180205.nc",
        "avg_wtput" : 0.000000,
        "avg_rtput" : 0.000000,
        "tot_wb" : 0,
        "tot_rb" : 0,
        "tot_wtime" : 0.162613
        }
      ,
      {
        "name" : "/lcrc/group/e3sm/data/inputdata/atm/cam/chem/trop_mozart_aero/emis/DECK_ne30/cmip6_mam4_num_a1_surf_1850-2014_c180205.nc",
        "avg_wtput" : 0.000000,
        "avg_rtput" : 0.000000,
        "tot_wb" : 0,
        "tot_rb" : 0,
        "tot_wtime" : 0.191168
        }
      ,
      {
        "name" : "/lcrc/group/e3sm/data/inputdata/atm/cam/chem/trop_mozart_aero/emis/DECK_ne30/cmip6_mam4_num_a2_elev_1850-2014_c180205.nc",
        "avg_wtput" : 0.000000,
        "avg_rtput" : 0.000000,
        "tot_wb" : 0,
        "tot_rb" : 0,
        "tot_wtime" : 0.178262
        }
      ,
      {
        "name" : "/lcrc/group/e3sm/data/inputdata/atm/cam/chem/trop_mozart_aero/emis/DECK_ne30/cmip6_mam4_num_a2_surf_1850-2014_c180205.nc",
        "avg_wtput" : 0.000000,
        "avg_rtput" : 0.000000,
        "tot_wb" : 0,
        "tot_rb" : 0,
        "tot_wtime" : 0.149601
        }
      ,
      {
        "name" : "/lcrc/group/e3sm/data/inputdata/atm/cam/chem/trop_mozart_aero/emis/DECK_ne30/cmip6_mam4_num_a4_elev_1850-2014_c180205.nc",
        "avg_wtput" : 0.000000,
        "avg_rtput" : 0.000000,
        "tot_wb" : 0,
        "tot_rb" : 0,
        "tot_wtime" : 0.188298
        }
      ,
      {
        "name" : "/lcrc/group/e3sm/data/inputdata/atm/cam/chem/trop_mozart_aero/emis/DECK_ne30/cmip6_mam4_num_a4_surf_1850-2014_c180205.nc",
        "avg_wtput" : 0.000000,
        "avg_rtput" : 0.000000,
        "tot_wb" : 0,
        "tot_rb" : 0,
        "tot_wtime" : 0.197758
        }
      ,
      {
        "name" : "/lcrc/group/e3sm/data/inputdata/atm/cam/chem/trop_mozart_aero/emis/DECK_ne30/cmip6_mam4_pom_a4_elev_1850-2014_c180205.nc",
        "avg_wtput" : 0.000000,
        "avg_rtput" : 0.000000,
        "tot_wb" : 0,
        "tot_rb" : 0,
        "tot_wtime" : 0.176154
        }
      ,
      {
        "name" : "/lcrc/group/e3sm/data/inputdata/atm/cam/chem/trop_mozart_aero/emis/DECK_ne30/cmip6_mam4_pom_a4_surf_1850-2014_c180205.nc",
        "avg_wtput" : 0.000000,
        "avg_rtput" : 0.000000,
        "tot_wb" : 0,
        "tot_rb" : 0,
        "tot_wtime" : 0.177585
        }
      ,
      {
        "name" : "/lcrc/group/e3sm/data/inputdata/atm/cam/chem/trop_mozart_aero/emis/DECK_ne30/cmip6_mam4_so2_elev_1850-2014_c180205.nc",
        "avg_wtput" : 0.000000,
        "avg_rtput" : 0.000000,
        "tot_wb" : 0,
        "tot_rb" : 0,
        "tot_wtime" : 0.284651
        }
      ,
      {
        "name" : "/lcrc/group/e3sm/data/inputdata/atm/cam/chem/trop_mozart_aero/emis/DECK_ne30/cmip6_mam4_so2_surf_1850-2014_c180205.nc",
        "avg_wtput" : 0.000000,
        "avg_rtput" : 0.000000,
        "tot_wb" : 0,
        "tot_rb" : 0,
        "tot_wtime" : 0.177343
        }
      ,
      {
        "name" : "/lcrc/group/e3sm/data/inputdata/atm/cam/chem/trop_mozart_aero/emis/DECK_ne30/cmip6_mam4_so4_a1_elev_1850-2014_c180205.nc",