{
  "ScorpioIOSummaryStatistics":{
    "OverallIOStatistics":{
      "name" : "Scorpio",
      "avg_wtput" : 2026.430488,
      "avg_rtput" : 212458.001130,
      "tot_wb" : 13921880226,
      "tot_rb" : 9491320258880,
      "tot_wtime" : 59.342708
      }
    ,
    "ModelComponentIOStatistics":[
      {
        "name" : "CPL",
        "avg_wtput" : 724.329333,
        "avg_rtput" : 0.000000,
        "tot_wb" : 230292538,
        "tot_rb" : 0,
        "tot_wtime" : 0.662391
        }
      ,
      {
        "name" : "tmp_004480tasks000070io01_comp",
        "avg_wtput" : 2457.534340,
        "avg_rtput" : 246082.934800,
        "tot_wb" : 12408834969,
        "tot_rb" : 9488109060224,
        "tot_wtime" : 49.731084
        }
      ,
      {
        "name" : "tmp_004480tasks000070io02_comp",
        "avg_wtput" : 1035.912760,
        "avg_rtput" : 543.076912,
        "tot_wb" : 1178143917,
        "tot_rb" : 3206014656,
        "tot_wtime" : 8.206556
        }
      ,
      {
        "name" : "tmp_004480tasks000070io03_comp",
        "avg_wtput" : 0.000000,
        "avg_rtput" : 20.864544,
        "tot_wb" : 0,
        "tot_rb" : 2592000,
        "tot_wtime" : 0.134512
        }
      ,
      {
        "name" : "tmp_004480tasks000070io04_comp",
        "avg_wtput" : 286.123380,
        "avg_rtput" : 28.909477,
        "tot_wb" : 104608802,
        "tot_rb" : 2592000,
        "tot_wtime" : 0.608144
        }
      ,
      {
        "name" : "tmp_004480tasks000070io05_comp",
        "avg_wtput" : 0.000000,
        "avg_rtput" : 0.000000,
        "tot_wb" : 0,
        "tot_rb" : 0,
        "tot_wtime" : 0.000002
        }
      ,
      {
        "name" : "tmp_004480tasks000070io06_comp",
        "avg_wtput" : 0.000000,
        "avg_rtput" : 0.000000,
        "tot_wb" : 0,
        "tot_rb" : 0,
        "tot_wtime" : 0.000001
        }
      ,
      {
        "name" : "tmp_004480tasks000070io07_comp",
        "avg_wtput" : 0.000000,
        "avg_rtput" : 0.000000,
        "tot_wb" : 0,
        "tot_rb" : 0,
        "tot_wtime" : 0.000009
        }
      ,
      {
        "name" : "tmp_004480tasks000004io08_comp",
        "avg_wtput" : 0.000000,
        "avg_rtput" : 0.000000,
        "tot_wb" : 0,
        "tot_rb" : 0,
        "tot_wtime" : 0.000008
        }
      ]
    ,
    "FileIOStatistics":[
      {
        "name" : "v2-overview-fcase-chrysalis-r0.FC5AV1C-L.ne30_ne30.70.cpl.hi.0001-04-01-00000.nc",
        "avg_wtput" : 782.624722,
        "avg_rtput" : 0.000000,
        "tot_wb" : 147778552,
        "tot_rb" : 0,
        "tot_wtime" : 0.246889
        }
      ,
      {
        "name" : "v2-overview-fcase-chrysalis-r0.FC5AV1C-L.ne30_ne30.70.cpl.r.0001-04-01-00000.nc",
        "avg_wtput" : 634.213211,
        "avg_rtput" : 0.000000,
        "tot_wb" : 82513986,
        "tot_rb" : 0,
        "tot_wtime" : 0.164314
        }
      ,
      {
        "name" : "/lcrc/group/e3sm/data/inputdata/atm/cam/chem/trop_mam/atmsrf_ne30np4_110920.nc",
        "avg_wtput" : 0.000000,
        "avg_rtput" : 26.884447,
        "tot_wb" : 0,
        "tot_rb" : 4276976,
        "tot_wtime" : 0.163483
        }
      ,
      {
        "name" : "/lcrc/group/e3sm/data/inputdata/atm/cam/chem/trop_mozart/dvel/season_wes.nc",
        "avg_wtput" : 0.000000,
        "avg_rtput" : 817.984087,
        "tot_wb" : 0,
        "tot_rb" : 864460800,
        "tot_wtime" : 1.019005
        }
      ,
      {
        "name" : "/lcrc/group/e3sm/data/inputdata/atm/cam/chem/trop_mozart/phot/exo_coldens.nc",
        "avg_wtput" : 0.000000,
        "avg_rtput" : 5158.894399,
        "tot_wb" : 0,
        "tot_rb" : 3637975040,
        "tot_wtime" : 0.698988
        }
      ,
      {
        "name" : "/lcrc/group/e3sm/data/inputdata/atm/cam/chem/trop_mozart/ub/EESC_1850-2100_c090603.nc",
        "avg_wtput" : 0.000000,
        "avg_rtput" : 2.360417,
        "tot_wb" : 0,
        "tot_rb" : 4569600,
        "tot_wtime" : 1.851768
        }
      ,
      {
        "name" : "/lcrc/group/e3sm/data/inputdata/atm/cam/chem/trop_mozart/ub/clim_p_trop.nc",
        "avg_wtput" : 0.000000,
        "avg_rtput" : 6095.581291,
        "tot_wb" : 0,
        "tot_rb" : 4528778240,
        "tot_wtime" : 0.715057
        }
      ,
      {
        "name" : "/lcrc/group/e3sm/data/inputdata/atm/cam/chem/trop_mozart_aero/emis/DMSflux.2000.1deg_latlon_conserv.POPmonthlyClimFromACES4BGC_c20160226.nc",
        "avg_wtput" : 0.000000,
        "avg_rtput" : 0.000000,
        "tot_wb" : 0,
        "tot_rb" : 0,
        "tot_wtime" : 0.150578
        }
      ,
      {
        "name" : "/lcrc/group/e3sm/data/inputdata/atm/cam/chem/trop_mozart_aero/emis/aces4bgc_nvsoa_soag_elev_2000_c160427.nc",
        "avg_wtput" : 0.000000,
        "avg_rtput" : 0.000000,
        "tot_wb" : 0,
        "tot_rb" : 0,
        "tot_wtime" : 0.147725
        }
      ,
      {
        "name" : "/lcrc/group/e3sm/data/inputdata/atm/cam/chem/trop_mozart_aero/emis/ar5_mam3_bc_elev_2000_c120315.nc",
        "avg_wtput" : 0.000000,
        "avg_rtput" : 0.000000,
        "tot_wb" : 0,
        "tot_rb" : 0,
        "tot_wtime" : 0.158101
        }
      ,
      {
        "name" : "/lcrc/group/e3sm/data/inputdata/atm/cam/chem/trop_mozart_aero/emis/ar5_mam3_bc_surf_2000_c120315.nc",
        "avg_wtput" : 0.000000,
        "avg_rtput" : 0.000000,
        "tot_wb" : 0,
        "tot_rb" : 0,
        "tot_wtime" : 0.111404
        }
      ,
      {
        "name" : "/lcrc/group/e3sm/data/inputdata/atm/cam/chem/trop_mozart_aero/emis/ar5_mam3_num_a2_elev_2000_c120315.nc",
        "avg_wtput" : 0.000000,
        "avg_rtput" : 0.000000,
        "tot_wb" : 0,
        "tot_rb" : 0,
        "tot_wtime" : 0.122236
        }
      ,
      {
        "name" : "/lcrc/group/e3sm/data/inputdata/atm/cam/chem/trop_mozart_aero/emis/ar5_mam3_num_a2_surf_2000_c120315.nc",
        "avg_wtput" : 0.000000,
        "avg_rtput" : 0.000000,
        "tot_wb" : 0,
        "tot_rb" : 0,
        "tot_wtime" : 0.104080
        }
      ,
      {
        "name" : "/lcrc/group/e3sm/data/inputdata/atm/cam/chem/trop_mozart_aero/emis/ar5_mam3_pom_elev_2000_c130422.nc",
        "avg_wtput" : 0.000000,
        "avg_rtput" : 0.000000,
        "tot_wb" : 0,
        "tot_rb" : 0,
        "tot_wtime" : 0.166313
        }
      ,
      {
        "name" : "/lcrc/group/e3sm/data/inputdata/atm/cam/chem/trop_mozart_aero/emis/ar5_mam3_pom_surf_2000_c130422.nc",
        "avg_wtput" : 0.000000,
        "avg_rtput" : 0.000000,
        "tot_wb" : 0,
        "tot_rb" : 0,
        "tot_wtime" : 0.163682
        }
      ,
      {
        "name" : "/lcrc/group/e3sm/data/inputdata/atm/cam/chem/trop_mozart_aero/emis/ar5_mam3_so2_elev_2000_c120315.nc",
        "avg_wtput" : 0.000000,
        "avg_rtput" : 0.000000,
        "tot_wb" : 0,
        "tot_rb" : 0,
        "tot_wtime" : 0.159709
        }
      ,
      {
        "name" : "/lcrc/group/e3sm/data/inputdata/atm/cam/chem/trop_mozart_aero/emis/ar5_mam3_so2_surf_2000_c120315.nc",
        "avg_wtput" : 0.000000,
        "avg_rtput" : 0.000000,
        "tot_wb" : 0,
        "tot_rb" : 0,
        "tot_wtime" : 0.090707
        }
      ,
      {
        "name" : "/lcrc/group/e3sm/data/inputdata/atm/cam/chem/trop_mozart_aero/emis/ar5_mam3_so4_a1_elev_2000_c120315.nc",
        "avg_wtput" : 0.000000,
        "avg_rtput" : 0.000000,
        "tot_wb" : 0,
        "tot_rb" : 0,
        "tot_wtime" : 0.152584
        }
      ,
      {
        "name" : "/lcrc/group/e3sm/data/inputdata/atm/cam/chem/trop_mozart_aero/emis/ar5_mam3_so4_a1_surf_2000_c120315.nc",
        "avg_wtput" : 0.000000,
        "avg_rtput" : 0.000000,
        "tot_wb" : 0,
        "tot_rb" : 0,
        "tot_wtime" : 0.099319
        }
      ,
      {
        "name" : "/lcrc/group/e3sm/data/inputdata/atm/cam/chem/trop_mozart_aero/emis/ar5_mam3_so4_a2_elev_2000_c120315.nc",
        "avg_wtput" : 0.000000,
        "avg_rtput" : 0.000000,
        "tot_wb" : 0,
        "tot_rb" : 0,