
***** GLOBAL STATISTICS ( 49152 MPI TASKS) *****

$Id: gptl.c,v 1.157 2011-03-28 20:55:18 rosinski Exp $
'count' is cumulative. All other stats are max/min
'on' indicates whether the timer was active during output, and so stats are lower or upper bounds.

name                                                                                                                on  processes  threads        count      walltotal   wallmax (proc   thrd  )   wallmin (proc   thrd  )
"CPL:INIT"                                                                                                           -      49152    49152 4.915200e+04   6.006195e+07  1234.991 ( 33294      0)  1209.300 ( 29347      0)
"CPL:cime_pre_init1"                                                                                                 -      49152    49152 4.915200e+04   1.027837e+06    33.941 ( 33288      0)     8.256 ( 28937      0)
"CPL:mpi_init"                                                                                                       -      49152    49152 4.915200e+04   7.472807e+05    27.914 ( 33288      0)     2.582 ( 28940      0)
"CPL:ESMF_Initialize"                                                                                                -      49152    49152 4.915200e+04   1.774308e+01     0.034 ( 14219      0)     0.000 ( 25760      0)
"CPL:cime_pre_init2"                                                                                                 -      49152    49152 4.915200e+04   4.352216e+05     8.985 ( 46943      0)     7.141 (     7      0)
"CPL:seq_infodata_init"                                                                                              -      49152    49152 4.915200e+04   3.564823e+04     2.607 ( 38769      0)     0.002 (  7697      0)
"CPL:seq_timemgr_clockInit"                                                                                          -      49152    49152 4.915200e+04   1.153944e+03     0.153 ( 46909      0)     0.021 ( 27024      0)
"CPL:cime_init"                                                                                                      -      49152    49152 4.915200e+04   5.859887e+07  1193.909 (     0      0)  1192.035 ( 27837      0)
"CPL:init_comps"                                                                                                     -      49152    49152 4.915200e+04   5.858169e+07  1193.565 (     0      0)  1191.691 ( 27837      0)
"CPL:comp_init_pre_all"                                                                                              -      49152    49152 4.915200e+04   7.428890e+00     0.048 ( 11740      0)     0.000 ( 26073      0)
"comp_init_cc_iac"                                                                                                   -      49152    49152 4.915200e+04   6.517648e+01     0.057 ( 16773      0)     0.001 ( 45527      0)
"z_i:comp_init"                                                                                                      -      49152    49152 4.915200e+04   7.272438e+00     0.035 ( 47914      0)     0.000 ( 45292      0)
"CPL:comp_init_cc_atm"                                                                                               -      49152    49152 4.915200e+04   1.602075e+07   327.656 (     0      0)   325.785 ( 14211      0)
"a_i:comp_init"                                                                                                      -      49152    49152 9.830400e+04   1.601936e+07   327.653 (     0      0)   325.754 ( 14211      0)
"a_i:EAMxx::init"                                                                                                    -      49152    49152 3.440640e+05   1.571128e+07   324.481 (   168      0)   314.413 ( 37550      0)
"a_i:EAMxx::create_output_managers"                                                                                  -      49152    49152 4.915200e+04   1.001755e+03     0.224 ( 39244      0)     0.000 ( 16843      0)
"a_i:EAMxx::create_atm_processes"                                                                                    -      49152    49152 4.915200e+04   7.757999e+04     3.040 (    53      0)     0.477 ( 21716      0)
"a_i:EAMxx::create_grids"                                                                                            -      49152    49152 4.915200e+04   3.847397e+06    78.996 (     0      0)    78.025 ( 17999      0)
"a_i:PartitioningTime"                                                                                               -      49152    49152 4.915200e+04   1.234217e-02     0.000 ( 35587      0)     0.000 (  6449      0)
"a_i:repro_sum_int"                                                                                                  -      49152    49152 4.915200e+04   2.293240e+04     0.783 ( 34386      0)     0.276 ( 32052      0)
"a_i:PIO:spio_get_att_tc"                                                                                            -      49152    49152 8.798208e+06   2.216943e+03     0.094 ( 28718      0)     0.039 (     1      0)
"a_i:PIO:spio_get_vars_tc"                                                                                           -      49152    49152 9.830400e+05   1.835208e+04     0.534 ( 40032      0)     0.218 (    94      0)
"a_i:PIO:PIOc_closefile"                                                                                             -      49152    49152 8.847360e+05   5.226270e+03     4.226 ( 40776      0)     0.000 ( 40160      0)
"a_i:EAMxx::create_fields"                                                                                           -      49152    49152 4.915200e+04   3.229178e+03     0.123 ( 47620      0)     0.057 ( 32736      0)
"a_i:EAMxx::initialize_fields"                                                                                       -      49152    49152 4.915200e+04   6.141655e+06   125.066 (   516      0)   124.751 ( 32061      0)
"a_i:PIO:PIOc_initdecomp"                                                                                            -      49152    49152 7.864320e+05   1.155083e+06    23.501 ( 34927      0)    23.473 ( 27831      0)
"a_i:PIO:box_rearrange_create"                                                                                       -      49152    49152 7.864320e+05   1.153121e+06    23.462 (  5292      0)    23.436 ( 47913      0)
"a_i:PIO:pio_swapm"                                                                                                  -      49152    49152 3.588096e+06   2.107413e+06    48.988 ( 20554      0)    20.888 ( 20448      0)
"a_i:PIO:PIOc_read_darray"                                                                                           -      49152    49152 1.228800e+06   1.361514e+06    28.938 ( 20714      0)    24.791 ( 33995      0)
"a_i:PIO:read_darray_nc"                                                                                             -      49152    49152 1.228800e+06   6.110625e+04    25.373 ( 24984      0)     0.000 ( 34731      0)
"a_i:PIO:rearrange_io2comp"                                                                                          -      49152    49152 1.228800e+06   1.113358e+06    28.637 ( 20533      0)     0.898 ( 20448      0)
"a_i:EAMxx::initialize_atm_procs"                                                                                    -      49152    49152 4.915200e+04   5.560652e+06   117.212 ( 10370      0)   107.710 (     0      0)
"a_i:EAMxx::SurfaceCouplingImporter::init"                                                                           -      49152    49152 4.915200e+04   4.602190e+01     0.435 (  6868      0)     0.000 ( 14710      0)
"a_i:EAMxx::homme::init"                                                                                             -      49152    49152 4.915200e+04   3.682753e+05     7.718 ( 15222      0)     6.658 ( 35139      0)
"a_i:compose_init"                                                                                                   -      49152    49152 4.915200e+04   5.873542e+03     1.010 ( 47934      0)     0.004 ( 12180      0)
"a_i:sl_init1"                                                                                                       -      49152    49152 4.915200e+04   4.425594e+03     1.033 ( 35132      0)     0.056 ( 39902      0)
"a_i:EAMxx::tms::init"                                                                                               -      49152    49152 4.915200e+04   1.785802e-01     0.000 (     0      0)     0.000 ( 19244      0)
"a_i:EAMxx::shoc::init"                                                                                              -      49152    49152 4.915200e+04   6.628618e+01     0.079 (  6868      0)     0.001 ( 22708      0)
"a_i:EAMxx::cld_fraction::init"                                                                                      -      49152    49152 4.915200e+04   1.038525e+00     0.000 (     0      0)     0.000 ( 45392      0)
"a_i:EAMxx::spa::init"                                                                                               -      49152    49152 4.915200e+04   4.901788e+06    99.774 ( 41340      0)    99.569 ( 15219      0)
"a_i:Build HorizRemap data /lus/flare/projects/E3SMinput/data/atm/scream/maps/map_ne30pg2_to_ne1024pg2_20231201.nc"  -      49152    49152 4.915200e+04   4.478194e+06    91.112 (  1733      0)    91.103 ( 41544      0)
"a_i:EAMxx::p3::init"                                                                                                -      49152    49152 4.915200e+04   7.597901e+04     2.681 (  7852      0)     0.174 (     6      0)
"a_i:EAMxx::rrtmgp::init"                                                                                            -      49152    49152 4.915200e+04   2.139146e+05     7.973 ( 16909      0)     0.237 ( 22110      0)
"a_i:EAMxx::SurfaceCouplingExporter::init"                                                                           -      49152    49152 4.915200e+04   2.337993e+02     0.296 ( 47395      0)     0.002 ( 47471      0)
"a_i:EAMxx::initialize_output_managers"                                                                              -      49152    49152 4.915200e+04   7.976147e+04     1.650 ( 18060      0)     1.620 (  9124      0)
"a_i:EAMxx::IO::standard"                                                                                            -      49152    49152 4.915200e+04   5.421715e+04     1.382 ( 15144      0)     0.988 ( 16775      0)
"a_i:EAMxx::IO::nooutput.yaml"                                                                                       -      49152    49152 4.915200e+04   5.421709e+04     1.382 ( 15144      0)     0.988 ( 16775      0)
"a_i:EAMxx::IO::standard::get_new_file"                                                                              -      49152    49152 4.915200e+04   5.410284e+04     1.358 ( 15147      0)     0.988 ( 16775      0)
"a_i:PIO:PIOc_createfile"                                                                                            -      49152    49152 4.915200e+04   4.522890e+04     1.177 ( 15147      0)     0.807 ( 16774      0)
"a_i:PIO:write_total"                                                                                                -      49152    49152 1.622016e+06   4.529556e+04     1.182 ( 15144      0)     0.808 ( 16774      0)
"a_i:PIO:spio_put_att_tc"                                                                                            -      49152    49152 1.474560e+06   4.244341e+00     0.003 ( 36024      0)     0.000 ( 11141      0)
"a_i:PIO:spio_put_vars_tc"                                                                                           -      49152    49152 4.915200e+04   3.494260e+01     0.002 ( 35124      0)     0.000 ( 13371      0)
"a_i:PIO:flush_output_buffer"                                                                                        -       4096     4096 8.192000e+03   3.391241e+01     0.009 ( 35136      0)     0.007 ( 46908      0)
"a_i:EAMxx::IO::standard::run_output_streams"                                                                        -      49152    49152 4.915200e+04   5.759067e-03     0.000 ( 13584      0)     0.000 (  4740      0)
"a_i:EAMxx::IO::standard::update_snapshot_tally"                                                                     -      49152    49152 4.915200e+04   1.140962e+02     0.028 ( 18060      0)     0.000 ( 44548      0)
"a_i:PIO:PIOc_sync"                                                                                                  -      49152    49152 4.915200e+04   2.750806e+01     0.007 ( 34224      0)     0.000 ( 47776      0)
"CPL:comp_init_cc_lnd"                                                                                               -      49152    49152 4.915200e+04   3.246390e+07   660.501 ( 25252      0)   660.463 (  9444      0)
"l_i:comp_init"                                                                                                      -      49152    49152 4.915200e+04   3.245841e+07   660.498 ( 25252      0)   660.334 (  9450      0)
"l_i:elm_init1"                                                                                                      -      49152    49152 4.915200e+04   7.995704e+06   162.771 (  4177      0)   162.548 ( 35201      0)
"l_i:PIO:openfile"                                                                                                   -      49152    49152 1.130496e+06   4.062066e+05    10.971 ( 14555      0)     5.445 ( 37583      0)
"l_i:PIO:pio_inq_dimid_file_dimid"                                                                                   -      49152    49152 2.998272e+06   3.801930e+02     0.203 ( 31308      0)     0.003 ( 24139      0)
"l_i:PIO:pio_inq_dimlen_file_dimid"                                                                                  -      49152    49152 1.764557e+07   1.054226e+03     0.048 (  4284      0)     0.009 ( 20146      0)
"l_i:PIO:pio_inq_dimlen_file_dimid_offlen"                                                                           -      49152    49152 1.764557e+07   1.050120e+03     0.048 (  4284      0)     0.009 ( 20146      0)
"l_i:PIO:pio_inq_varid_file_vdesc"                                                                                   -      49152    49152 2.295398e+07   2.055565e+04     2.747 (  9580      0)     0.042 (     2      0)
"l_i:PIO:pio_inq_varid_file_vid"                                                                                     -      49152    49152 2.295398e+07   2.054375e+04     2.747 (  9580      0)     0.042 (     2      0)
"l_i:PIO:get_var_1d_int"                                                                                             -      49152    49152 2.949120e+05   1.189965e+04     0.252 ( 17783      0)     0.186 ( 31421      0)
"l_i:PIO:spio_get_vars_tc"                                                                                           -      49152    49152 9.781248e+06   5.032187e+04     1.256 ( 40439      0)     0.672 ( 28661      0)
"l_i:PIO:closefile"                                                                                                  -      49152    49152 9.830400e+05   4.525776e+03     1.797 ( 15276      0)     0.001 ( 41438      0)
"l_i:PIO:PIOc_closefile"                                                                                             -      49152    49152 9.830400e+05   4.524797e+03     1.797 ( 15276      0)     0.001 ( 41438      0)
"l_i:PIO:pio_inq_varndims_file_vdesc"                                                                                -      49152    49152 1.086259e+07   2.351406e+03     3.005 ( 16380      0)     0.010 ( 26243      0)
"l_i:PIO:pio_inq_varndims_file_vid"                                                                                  -      49152    49152 1.086259e+07   2.347816e+03     3.005 ( 16380      0)     0.010 ( 26243      0)
"l_i:PIO:pio_inq_vardimid_file_vdesc"                                                                                -      49152    49152 1.086259e+07   2.812301e+03     0.137 (  1608      0)     0.023 ( 25258      0)
"l_i:PIO:pio_inq_vardimid_file_vid"                                                                                  -      49152    49152 1.086259e+07   2.809278e+03     0.137 (  1613      0)     0.023 ( 25258      0)
"l_i:PIO:pio_inq_dimname_file_dimid"                                                                                 -      49152    49152 3.907584e+07   3.247635e+03     0.148 (  1613      0)     0.024 ( 24912      0)
"l_i:PIO:initdecomp"                                                                                                 -      49152    49152 1.277952e+06   1.976662e+06    40.542 (     6      0)    39.678 ( 33408      0)
"l_i:PIO:PIOc_initdecomp"                                                                                            -      49152    49152 1.277952e+06   1.976644e+06    40.541 (     6      0)    39.670 ( 33408      0)
"l_i:PIO:box_rearrange_create"                                                                                       -      49152    49152 1.277952e+06   1.923260e+06    39.131 ( 34210      0)    39.119 ( 39646      0)
"l_i:PIO:pio_swapm"                                                                                                  -      49152    49152 1.459814e+07   2.863996e+07   609.424 ( 24947      0)   145.240 (  7824      0)
"l_i:PIO:read_darray_1d_double"                                                                                      -      49152    49152 4.030464e+06   6.501923e+06   132.450 ( 46367      0)   129.847 (  9580      0)
"l_i:PIO:PIOc_read_darray"                                                                                           -      49152    49152 1.076429e+07   2.805260e+07   571.447 ( 26004      0)   567.324 ( 16380      0)
"l_i:PIO:read_darray_nc"                                                                                             -      49152    49152 1.076429e+07   1.239006e+06   460.903 (  7824      0)     0.000 ( 42106      0)
"l_i:PIO:rearrange_io2comp"                                                                                          -      49152    49152 1.076429e+07   2.680381e+07   571.321 ( 24915      0)   109.049 (  7824      0)
"l_i:PIO:pio_inquire_file"                                                                                           -      49152    49152 1.415578e+07   7.977283e+02     0.036 (  1619      0)     0.006 ( 25248      0)
"l_i:PIO:pio_inq_ndims_file"                                                                                         -      49152    49152 1.415578e+07   7.938507e+02     0.036 (  1619      0)     0.006 ( 25248      0)
"l_i:PIO:read_darray_1d_int"                                                                                         -      49152    49152 3.440640e+05   7.592766e+05    15.482 ( 33228      0)    15.316 ( 11492      0)
"l_i:PIO:read_darray_3d_double"                                                                                      -      49152    49152 8.847360e+05   5.065509e+05    10.440 ( 31931      0)     9.287 ( 16381      0)
"l_i:PIO:read_darray_3d_int"                                                                                         -      49152    49152 4.915200e+04   1.822839e+04     0.398 ( 47880      0)     0.319 (  8008      0)
"l_i:PIO:read_darray_4d_double"                                                                                      -      49152    49152 6.881280e+05   2.126959e+06    43.347 ( 40449      0)    42.248 ( 16380      0)
"l_i:PIO:get_var_1d_text"                                                                                            -      49152    49152 9.830400e+04   1.720163e+03     0.098 ( 36820      0)     0.018 ( 48898      0)
"l_i:PIO:get_var_1d_double"                                                                                          -      49152    49152 7.077888e+06   1.948730e+04     0.490 ( 30494      0)     0.094 ( 13556      0)
"l_i:PIO:get_var_0d_double"                                                                                          -      49152    49152 4.915200e+05   1.607420e+03     0.036 (  3204      0)     0.008 ( 13558      0)
"l_i:PIO:read_darray_2d_double"                                                                                      -      49152    49152 4.571136e+06   1.810247e+07   368.692 ( 35124      0)   366.716 ( 45724      0)
"l_i:PIO:read_darray_2d_int"                                                                                         -      49152    49152 1.966080e+05   3.722672e+04     0.796 (  5347      0)     0.697 ( 38420      0)
"l_i:gather_1darray_int_total"                                                                                       -      49152    49152 2.457600e+05   1.246690e+05     4.062 (     0      0)     1.499 (   253      0)
"l_i:scatter_1darray_int_total"                                                                                      -      49152    49152 2.457600e+05   1.702956e+05     4.303 (     2      0)     1.962 (     0      0)
"l_i:init_filters"                                                                                                   -      49152    49152 4.915200e+04   1.306703e+01     0.045 ( 40560      0)     0.000 ( 26284      0)
"l_i:elm_init2"                                                                                                      -      49152    49152 4.915200e+04   2.432268e+07   494.977 ( 25252      0)   494.816 (  9450      0)
"l_i:init_orbd"                                                                                                      -      49152    49152 4.915200e+04   9.303286e+01     0.435 ( 11745      0)     0.000 (  1806      0)
"l_i:PIO:get_var_0d_int"                                                                                             -      49152    49152 1.032192e+06   2.011192e+04     0.526 ( 14856      0)     0.287 ( 39675      0)
"l_i:PIO:get_var_2d_double"                                                                                          -      49152    49152 5.898240e+05   2.719027e+03     0.060 (  7992      0)     0.037 (  1338      0)
"l_i:PIO:get_var_3d_double"                                                                                          -      49152    49152 1.966080e+05   1.431007e+03     0.106 ( 47627      0)     0.011 (     0      0)
"l_i:init_accflds"                                                                                                   -      49152    49152 4.915200e+04   8.623858e+01     0.223 (  2504      0)     0.000 ( 41208      0)
"l_i:init_dyn_subgrid"                                                                                               -      49152    49152 4.915200e+04   4.109177e+03     0.167 ( 13927      0)     0.000 ( 35124      0)
"l_i:subgridRest_write-read"                                                                                         -      49152    49152 4.915200e+04   4.220271e+06    85.874 ( 32484      0)    85.848 ( 12020      0)
"l_i:init_map2gc"                                                                                                    -      49152    49152 4.915200e+04   1.343519e+01     0.077 ( 40564      0)     0.000 ( 17070      0)
"l_i:init_elm_interface_data & pflotran"                                                                             -      49152    49152 4.915200e+04   9.267038e-03     0.000 ( 33469      0)     0.000 ( 14739      0)
"l_i:init_wlog"                                                                                                      -      49152    49152 4.915200e+04   2.771051e-02     0.019 (     0      0)     0.000 ( 33879      0)
"l_i:elm_init3"                                                                                                      -      49152    49152 4.915200e+04   6.521413e-02     0.000 (  8635      0)     0.000 (  3679      0)
"CPL:comp_init_cc_rof"                                                                                               -      49152    49152 4.915200e+04   1.647428e+02     0.004 ( 27546      0)     0.001 ( 39925      0)
"r_i:comp_init"                                                                                                      -      49152    49152 4.915200e+04   3.163807e+00     0.000 ( 37712      0)     0.000 (     0      0)
"CPL:comp_init_cc_ocn"                                                                                               -      49152    49152 4.915200e+04   3.226899e+06    65.662 ( 11738      0)    65.634 ( 31402      0)
"o_i:comp_init"                                                                                                      -      49152    49152 4.915200e+04   3.226289e+06    65.659 ( 11736      0)    65.542 (  2502      0)
"o_i:docn_readnml"                                                                                                   -      49152    49152 4.915200e+04   8.065909e+04     1.786 ( 39619      0)     0.518 (     0      0)
"o_i:DOCN_INIT"                                                                                                      -      49152    49152 4.915200e+04   3.145580e+06    65.109 (     0      0)    63.736 ( 13550      0)
"o_i:docn_strdata_init"                                                                                              -      49152    49152 4.915200e+04   2.632991e+06    54.831 (     7      0)    52.832 ( 46498      0)
"o_i:PIO:initdecomp"                                                                                                 -      49152    49152 1.474560e+05   1.850619e+05     3.896 (     2      0)     3.625 (     0      0)
"o_i:PIO:PIOc_initdecomp"                                                                                            -      49152    49152 1.474560e+05   1.850614e+05     3.896 (     2      0)     3.625 (     0      0)
"o_i:PIO:box_rearrange_create"                                                                                       -      49152    49152 1.474560e+05   1.780905e+05     3.624 ( 18469      0)     3.623 ( 33514      0)
"o_i:PIO:pio_swapm"                                                                                                  -      49152    49152 5.406720e+05   1.737595e+05     3.845 ( 42419      0)     2.997 (     0      0)
"o_i:docn_initgsmaps"                                                                                                -      49152    49152 4.915200e+04   1.100756e+02     0.003 ( 45366      0)     0.002 (  6205      0)
"o_i:docn_initmctdom"                                                                                                -      49152    49152 4.915200e+04   4.310272e+01     0.457 ( 23673      0)     0.000 (  6507      0)
"o_i:docn_initmctavs"                                                                                                -      49152    49152 4.915200e+04   5.162616e+01     0.318 (  2613      0)     0.000 ( 27764      0)
"o_i:DOCN_RUN"                                                                                                       -      49152    49152 4.915200e+04   5.123801e+05    11.063 ( 46499      0)    10.122 (  2830      0)
"o_i:docn_run1"                                                                                                      -      49152    49152 4.915200e+04   5.992416e-02     0.000 ( 39633      0)     0.000 ( 47291      0)
"o_i:docn"                                                                                                           -      49152    49152 4.915200e+04   5.123798e+05    11.063 ( 46499      0)    10.122 (  2830      0)
"o_i:docn_strdata_advance"                                                                                           -      49152    49152 4.915200e+04   5.123669e+05    11.063 (  8475      0)    10.122 (  2830      0)
"o_i:docn_strd_adv_total"                                                                                            -      49152    49152 4.915200e+04   5.123668e+05    11.063 (  8475      0)    10.122 (  2830      0)
"o_i:docn_strd_adv_readLBUB"                                                                                         -      49152    49152 4.915200e+04   5.101242e+05    11.029 (   696      0)    10.115 (  5322      0)
"o_i:docn_readLBUB_setup"                                                                                            -      49152    49152 4.915200e+04   3.025364e-01     0.000 (  8465      0)     0.000 ( 16028      0)
"o_i:docn_readLBUB_fbound"                                                                                           -      49152    49152 4.915200e+04   9.519798e+00     9.513 (     0      0)     0.000 ( 35336      0)
"o_i:docn_readLBUB_bcast"                                                                                            -      49152    49152 4.915200e+04   4.753582e+05    10.302 ( 27756      0)     0.000 (     0      0)
"o_i:docn_readLBUB_LB_setup"                                                                                         -      49152    49152 4.915200e+04   1.077834e+00     0.063 ( 47624      0)     0.000 ( 25807      0)
"o_i:docn_readLBUB_LB_readpio"                                                                                       -      49152    49152 4.915200e+04   2.875629e+04     0.662 ( 21924      0)     0.487 ( 47618      0)
"o_i:PIO:openfile"                                                                                                   -      49152    49152 4.915200e+04   2.390843e+04     0.517 (     0      0)     0.403 ( 46909      0)
"o_i:PIO:pio_inq_varid_file_vdesc"                                                                                   -      49152    49152 1.966080e+05   3.926911e+02     0.087 ( 11135      0)     0.000 ( 19858      0)
"o_i:PIO:pio_inq_varid_file_vid"                                                                                     -      49152    49152 1.966080e+05   3.925942e+02     0.087 ( 11135      0)     0.000 ( 19858      0)
"o_i:PIO:pio_inq_varndims_file_vdesc"                                                                                -      49152    49152 9.830400e+04   6.176363e+01     0.075 ( 11450      0)     0.000 ( 23489      0)
"o_i:PIO:pio_inq_varndims_file_vid"                                                                                  -      49152    49152 9.830400e+04   6.170526e+01     0.075 ( 11450      0)     0.000 ( 23489      0)
"o_i:PIO:pio_inq_vardimid_file_vdesc"                                                                                -      49152    49152 9.830400e+04   4.289215e+01     0.001 ( 32821      0)     0.001 ( 14999      0)
"o_i:PIO:pio_inq_vardimid_file_vid"                                                                                  -      49152    49152 9.830400e+04   4.284521e+01     0.001 ( 32821      0)     0.001 ( 14998      0)
"o_i:PIO:pio_inq_dimlen_file_dimid"                                                                                  -      49152    49152 2.949120e+05   2.625184e+01     0.001 ( 43797      0)     0.000 ( 12133      0)
"o_i:PIO:pio_inq_dimlen_file_dimid_offlen"                                                                           -      49152    49152 2.949120e+05   2.616141e+01     0.001 ( 43797      0)     0.000 ( 12143      0)
"o_i:PIO:pio_inq_vartype_file_vdesc"                                                                                 -      49152    49152 9.830400e+04   1.904929e+01     0.001 ( 45550      0)     0.000 ( 27349      0)
"o_i:PIO:pio_inq_vartype_file_vid"                                                                                   -      49152    49152 9.830400e+04   1.900024e+01     0.001 ( 45546      0)     0.000 ( 27349      0)
"o_i:PIO:read_darray_1d_real"                                                                                        -      49152    49152 9.830400e+04   7.114489e+03     0.239 ( 42637      0)     0.059 ( 21614      0)
"o_i:PIO:PIOc_read_darray"                                                                                           -      49152    49152 9.830400e+04   7.114032e+03     0.239 ( 42637      0)     0.059 ( 21614      0)
"o_i:PIO:read_darray_nc"                                                                                             -      49152    49152 9.830400e+04   5.147090e+02     0.235 ( 37308      0)     0.000 ( 26794      0)
"o_i:PIO:rearrange_io2comp"                                                                                          -      49152    49152 9.830400e+04   6.518413e+03     0.237 ( 42419      0)     0.002 ( 37956      0)
"o_i:docn_readLBUB_UB_setup"                                                                                         -      49152    49152 4.915200e+04   4.210206e-02     0.000 (     0      0)     0.000 ( 13858      0)
"o_i:docn_readLBUB_UB_readpio"                                                                                       -      49152    49152 4.915200e+04   5.993839e+03     0.208 ( 42064      0)     0.018 ( 25023      0)
"o_i:docn_readLBUB_filemgt"                                                                                          -      49152    49152 4.915200e+04   9.792392e-03     0.000 ( 39268      0)     0.000 ( 27618      0)
"o_i:docn_strd_adv_fill"                                                                                             -      49152    49152 4.915200e+04   3.968634e+01     0.022 (  2845      0)     0.001 ( 13331      0)
"o_i:docn_strd_adv_map"                                                                                              -      49152    49152 4.915200e+04   2.198909e+03     0.096 (     0      0)     0.000 ( 27831      0)
"o_i:docn_strd_adv_tint"                                                                                             -      49152    49152 4.915200e+04   9.296718e-01     0.009 ( 32058      0)     0.000 ( 39531      0)
"o_i:docn_scatter"                                                                                                   -      49152    49152 4.915200e+04   1.116243e+01     0.000 (  5521      0)     0.000 ( 14462      0)
"o_i:docn_datamode"                                                                                                  -      49152    49152 4.915200e+04   1.038595e+00     0.007 ( 47907      0)     0.000 ( 27828      0)
"o_i:docn_run2"                                                                                                      -      49152    49152 4.915200e+04   6.861007e-02     0.000 ( 40570      0)     0.000 ( 24601      0)
"CPL:comp_init_cc_ice"                                                                                               -      49152    49152 4.915200e+04   6.844506e+06   139.273 ( 24378      0)   139.233 ( 31157      0)
"i_i:comp_init"                                                                                                      -      49152    49152 4.915200e+04   6.810740e+06   139.270 ( 18920      0)   137.951 ( 40562      0)
"i_i:cice_init"                                                                                                      -      49152    49152 4.915200e+04   9.420158e+05    19.244 ( 23663      0)    19.128 ( 13548      0)
"i_i:ice_HaloUpdate2DR8"                                                                                             -      49152    49152 1.966080e+05   2.199221e+03     1.310 ( 43164      0)     0.000 (  7276      0)
"i_i:ice_HU2DR8_init"                                                                                                -      49152    49152 1.966080e+05   1.122557e-01     0.000 ( 36827      0)     0.000 ( 45823      0)
"i_i:state_bound_h1"                                                                                                 -      49152    49152 4.915200e+04   1.192651e+01     0.079 ( 23663      0)     0.000 ( 19671      0)
"i_i:ice_HaloUpdate3DR8"                                                                                             -      49152    49152 2.457600e+05   1.101129e+01     0.079 ( 23663      0)     0.000 ( 19671      0)
"i_i:ice_HU3DR8_init"                                                                                                -      49152    49152 2.457600e+05   1.098716e+00     0.010 ( 11461      0)     0.000 ( 41282      0)
"i_i:ice_HU3DR8_recvall"                                                                                             -      49152    49152 2.457600e+05   3.316862e+00     0.079 ( 23663      0)     0.000 ( 41204      0)
"i_i:state_bound_hm"                                                                                                 -      49152    49152 4.915200e+04   8.978388e-02     0.000 ( 25643      0)     0.000 ( 21811      0)
"i_i:state_bound_hc"                                                                                                 -      49152    49152 4.915200e+04   9.062713e-01     0.001 ( 14180      0)     0.000 ( 25188      0)
"i_i:state_bound_h2"                                                                                                 -      49152    49152 4.915200e+04   7.316484e+00     0.021 ( 35194      0)     0.000 ( 10644      0)
"i_i:ice_HaloUpdate4DR8"                                                                                             -      49152    49152 4.915200e+04   4.278721e+00     0.018 ( 35194      0)     0.000 ( 22416      0)
"i_i:ice_HU4DR8_init"                                                                                                -      49152    49152 4.915200e+04   8.571996e-01     0.002 ( 35206      0)     0.000 ( 47628      0)
"i_i:ice_HU4DR8_recvall"                                                                                             -      49152    49152 4.915200e+04   1.238387e-01     0.018 ( 35194      0)     0.000 ( 26887      0)
"i_i:state_bound_hd"                                                                                                 -      49152    49152 4.915200e+04   2.683920e-02     0.000 ( 27496      0)     0.000 ( 18636      0)
"i_i:cice_mct_init"                                                                                                  -      49152    49152 4.915200e+04   5.868676e+06   120.104 ( 24367      0)   118.763 ( 47620      0)
"i_i:PIO:initdecomp"                                                                                                 -      49152    49152 1.474560e+05   1.852443e+05     3.899 (     7      0)     3.631 (     0      0)
"i_i:PIO:PIOc_initdecomp"                                                                                            -      49152    49152 1.474560e+05   1.852436e+05     3.899 (     7      0)     3.631 (     0      0)
"i_i:PIO:box_rearrange_create"                                                                                       -      49152    49152 1.474560e+05   1.783562e+05     3.629 ( 10378      0)     3.628 ( 33514      0)
"i_i:PIO:pio_swapm"                                                                                                  -      49152    49152 4.423680e+05   1.676582e+05     3.618 ( 42948      0)     3.003 ( 12016      0)
"CPL:comp_init_cc_glc"                                                                                               -      49152    49152 4.915200e+04   1.456737e+02     0.004 ( 11964      0)     0.001 (  8865      0)
"g_i:comp_init"                                                                                                      -      49152    49152 4.915200e+04   6.939147e-02     0.000 ( 27645      0)     0.000 ( 27721      0)
"CPL:comp_init_cc_wav"                                                                                               -      49152    49152 4.915200e+04   1.333854e+02     0.004 (  8367      0)     0.001 ( 41628      0)
"w_i:comp_init"                                                                                                      -      49152    49152 4.915200e+04   3.582862e-02     0.000 ( 21312      0)     0.000 ( 27224      0)
"CPL:comp_init_cc_esp"                                                                                               -      49152    49152 4.915200e+04   1.162598e+02     0.006 ( 10236      0)     0.000 ( 16821      0)
"e_i:comp_init"                                                                                                      -      49152    49152 4.915200e+04   3.625266e-02     0.000 (  8132      0)     0.000 ( 40922      0)
"CPL:comp_init_cx_all"                                                                                               -      49152    49152 4.915200e+04   2.499429e+04     0.521 (     6      0)     0.487 (  4314      0)
"CPL:comp_list_all"                                                                                                  -      49152    49152 4.915200e+04   2.222748e+00     0.013 ( 46909      0)     0.000 ( 14797      0)
"CPL:init_maps"                                                                                                      -      49152    49152 4.915200e+04   3.568810e+03     0.166 ( 36820      0)     0.059 (  3874      0)
"CPL:init_aream"                                                                                                     -      49152    49152 4.915200e+04   3.150214e+02     0.107 ( 31666      0)     0.000 ( 24097      0)
"CPL:init_domain_check"                                                                                              -      49152    49152 4.915200e+04   4.894818e+03     0.117 (   469      0)     0.010 ( 36816      0)
"CPL:init_areacor"                                                                                                   -      49152    49152 4.915200e+04   5.196007e+03     0.106 ( 47148      0)     0.105 (  5750      0)
"CPL:init_fracs"                                                                                                     -      49152    49152 4.915200e+04   1.683163e+02     0.029 (     1      0)     0.002 ( 24071      0)
"CPL:init_aoflux"                                                                                                    -      49152    49152 4.915200e+04   8.612464e+00     0.042 ( 35207      0)     0.000 (  6373      0)
"CPL:init_atminit"                                                                                                   -      49152    49152 2.949120e+05   6.091440e+02     0.074 ( 44968      0)     0.002 (  8553      0)
"CPL:comp_init_cc_atm2"                                                                                              -      49152    49152 4.915200e+04   1.484382e+03     0.073 ( 35326      0)     0.002 ( 41605      0)
"CPL:init_readrestart"                                                                                               -      49152    49152 4.915200e+04   7.797985e+00     0.005 ( 23674      0)     0.000 (  5620      0)
"CPL:cime_run_init"                                                                                                  -      49152    49152 4.915200e+04   1.935047e+01     0.048 (     0      0)     0.000 ( 24533      0)
"CPL:INIT_sync1_tprf"                                                                                                -      49152    49152 4.915200e+04   2.069799e+03     0.048 ( 42253      0)     0.000 (     0      0)
"CPL:INIT_t_prf"                                                                                                     -      49152    49152 4.915200e+04   1.497761e+01     0.059 (     0      0)     0.000 ( 26233      0)
"CPL:INIT_sync2_tprf"                                                                                                -      49152    49152 4.915200e+04   2.873150e+03     0.059 ( 26233      0)     0.000 (     0      0)
"CPL:RUN_LOOP_BSTART"                                                                                                -      49152    49152 4.915200e+04   2.331768e+00     0.000 ( 48478      0)     0.000 ( 28183      0)
"CPL:RUN_LOOP"                                                                                                       -      49152    49152 2.123366e+07   9.433278e+06   191.924 ( 19597      0)   191.916 (  9444      0)
"CPL:CLOCK_ADVANCE"                                                                                                  -      49152    49152 2.123366e+07   1.778771e+03     0.041 ( 10041      0)     0.035 ( 14896      0)
"CPL:RUN"                                                                                                            -      49152    49152 2.547548e+08   1.440227e+05     4.572 ( 30368      0)     1.401 ( 40521      0)
"CPL:OCNPRE1"                                                                                                        -      49152    49152 2.123366e+07   2.934957e+04     1.779 ( 37572      0)     0.193 ( 24220      0)
"CPL:ocnpre1_atm2ocn"                                                                                                -      49152    49152 2.123366e+07   2.933257e+04     1.778 ( 37572      0)     0.192 ( 24220      0)
"CPL:LNDPREP"                                                                                                        -      49152    49152 2.123366e+07   4.684785e+03     0.116 ( 21833      0)     0.084 ( 39635      0)
"CPL:lndprep_atm2lnd"                                                                                                -      49152    49152 2.123366e+07   4.396895e+03     0.112 ( 21833      0)     0.080 ( 39730      0)
"CPL:lndprep_mrgx2l"                                                                                                 -      49152    49152 2.123366e+07   2.551806e+02     0.008 ( 43779      0)     0.002 ( 21414      0)
"CPL:COMM"                                                                                                           -      49152    49152 1.485865e+08   2.782055e+05     8.712 ( 27114      0)     2.726 (  9034      0)
"CPL:C2L"                                                                                                            -      49152    49152 2.123366e+07   1.897705e+04     0.447 ( 46603      0)     0.290 (     0      0)
"CPL:c2l_lndx2lndl"                                                                                                  -      49152    49152 2.123366e+07   1.036356e+04     0.249 ( 11653      0)     0.144 ( 13748      0)
"CPL:c2l_infoexch"                                                                                                   -      49152    49152 2.123366e+07   8.579380e+03     0.271 ( 49107      0)     0.070 (    11      0)
"CPL:ICEPREP"                                                                                                        -      49152    49152 2.123366e+07   1.772066e+03     0.051 ( 40677      0)     0.034 (  3154      0)
"CPL:iceprep_ocn2ice"                                                                                                -      49152    49152 2.123366e+07   3.852215e+02     0.012 ( 40691      0)     0.006 (   636      0)
"CPL:iceprep_atm2ice"                                                                                                -      49152    49152 2.123366e+07   5.620178e+02     0.017 ( 40677      0)     0.011 ( 40558      0)
"CPL:iceprep_mrgx2i"                                                                                                 -      49152    49152 2.123366e+07   7.438827e+02     0.021 ( 40677      0)     0.014 ( 16819      0)
"CPL:C2I"                                                                                                            -      49152    49152 2.123366e+07   7.171236e+03     0.155 (  3728      0)     0.130 (     5      0)
"CPL:c2i_icex2icei"                                                                                                  -      49152    49152 2.123366e+07   5.577200e+02     0.015 ( 40677      0)     0.010 ( 32408      0)
"CPL:ice_infoexch"                                                                                                   -      49152    49152 2.123366e+07   6.592568e+03     0.144 ( 41203      0)     0.115 ( 40677      0)
"CPL:ICE_RUN"                                                                                                        -      49152    49152 2.123366e+07   1.543743e+05     3.676 ( 37382      0)     2.888 ( 42174      0)
"i:cice_run_total"                                                                                                   -      49152    49152 2.123366e+07   1.528968e+05     3.644 ( 37382      0)     2.859 ( 42174      0)
"i:cice_run_import"                                                                                                  -      49152    49152 2.123366e+07   2.167377e+03     0.115 ( 32321      0)     0.040 ( 41290      0)
"i:cice_imp_ocn"                                                                                                     -      49152    49152 2.123366e+07   2.205944e+02     0.006 ( 47369      0)     0.004 ( 41871      0)
"i:cice_imp_atm"                                                                                                     -      49152    49152 2.123366e+07   2.178468e+02     0.008 ( 21100      0)     0.004 ( 13202      0)
"i:cice_run_initmd"                                                                                                  -      49152    49152 2.123366e+07   9.196556e+04     1.975 (     2      0)     1.743 ( 32321      0)
"i:cice_run_presc"                                                                                                   -      49152    49152 2.123366e+07   3.037687e+04     0.685 ( 11463      0)     0.324 ( 36347      0)
"i:cice_pice_strd_adv_total"                                                                                         -      49152    49152 2.123366e+07   2.800937e+04     0.621 ( 37224      0)     0.280 ( 36347      0)
"i:cice_pice_strd_adv_readLBUB"                                                                                      -      49152    49152 2.123366e+07   1.780006e+04     0.581 (  2100      0)     0.268 (    70      0)
"i:cice_pice_readLBUB_setup"                                                                                         -      49152    49152 2.123366e+07   6.685399e+00     0.000 ( 25675      0)     0.000 (  3858      0)
"i:cice_pice_readLBUB_fbound"                                                                                        -      49152    49152 9.830400e+04   1.440982e-02     0.004 (     0      0)     0.000 ( 30684      0)
"i:cice_pice_readLBUB_bcast"                                                                                         -      49152    49152 9.830400e+04   2.206248e+02     0.005 ( 29282      0)     0.000 (     0      0)
"i:cice_pice_readLBUB_LB_setup"                                                                                      -      49152    49152 4.915200e+04   1.463744e-02     0.000 (     0      0)     0.000 ( 10216      0)
"i:cice_pice_readLBUB_LB_readpio"                                                                                    -      49152    49152 4.915200e+04   6.404641e+03     0.218 ( 25471      0)     0.084 (  4237      0)
"i:PIO:openfile"                                                                                                     -      49152    49152 4.915200e+04   3.389572e+03     0.070 (     0      0)     0.068 (     1      0)
"i:PIO:pio_inq_varid_file_vdesc"                                                                                     -      49152    49152 2.949120e+05   2.519427e+03     0.104 (  2667      0)     0.000 ( 37733      0)
"i:PIO:pio_inq_varid_file_vid"                                                                                       -      49152    49152 2.949120e+05   2.519300e+03     0.104 (  2667      0)     0.000 ( 37733      0)
"i:PIO:pio_inq_varndims_file_vdesc"                                                                                  -      49152    49152 1.474560e+05   2.515440e+02     0.102 (   362      0)     0.001 ( 37733      0)
"i:PIO:pio_inq_varndims_file_vid"                                                                                    -      49152    49152 1.474560e+05   2.514578e+02     0.102 (   362      0)     0.001 ( 37733      0)
"i:PIO:pio_inq_vardimid_file_vdesc"                                                                                  -      49152    49152 1.474560e+05   8.715688e+01     0.002 ( 17755      0)     0.001 ( 37732      0)
"i:PIO:pio_inq_vardimid_file_vid"                                                                                    -      49152    49152 1.474560e+05   8.708695e+01     0.002 ( 17754      0)     0.001 ( 37732      0)
"i:PIO:pio_inq_dimlen_file_dimid"                                                                                    -      49152    49152 4.423680e+05   5.266399e+01     0.001 ( 45656      0)     0.001 ( 43563      0)
"i:PIO:pio_inq_dimlen_file_dimid_offlen"                                                                             -      49152    49152 4.423680e+05   5.253034e+01     0.001 ( 45658      0)     0.001 ( 43563      0)
"i:PIO:pio_inq_vartype_file_vdesc"                                                                                   -      49152    49152 1.474560e+05   4.732367e+01     0.002 (    10      0)     0.000 ( 14642      0)
"i:PIO:pio_inq_vartype_file_vid"                                                                                     -      49152    49152 1.474560e+05   4.725199e+01     0.002 (     9      0)     0.000 ( 14642      0)
"i:PIO:read_darray_1d_real"                                                                                          -      49152    49152 1.474560e+05   9.473046e+03     0.490 ( 24312      0)     0.060 (  4808      0)
"i:PIO:PIOc_read_darray"                                                                                             -      49152    49152 1.474560e+05   9.472344e+03     0.490 ( 24312      0)     0.060 (  4808      0)
"i:PIO:read_darray_nc"                                                                                               -      49152    49152 1.474560e+05   6.585698e+02     0.429 (  1920      0)     0.000 (  1047      0)
"i:PIO:rearrange_io2comp"                                                                                            -      49152    49152 1.474560e+05   8.712551e+03     0.431 (  2107      0)     0.002 (     0      0)
"i:PIO:pio_swapm"                                                                                                    -      49152    49152 1.474560e+05   8.689184e+03     0.431 (  2107      0)     0.002 (     0      0)
"i:cice_pice_readLBUB_UB_setup"                                                                                      -      49152    49152 9.830400e+04   4.712203e-02     0.000 (     0      0)     0.000 (  3449      0)
"i:cice_pice_readLBUB_UB_readpio"                                                                                    -      49152    49152 9.830400e+04   1.110998e+04     0.472 (  2163      0)     0.059 ( 24330      0)
"i:cice_pice_readLBUB_filemgt"                                                                                       -      49152    49152 2.123366e+07   3.538544e+00     0.000 ( 48768      0)     0.000 ( 41539      0)
"i:cice_pice_strd_adv_map"                                                                                           -      49152    49152 9.830400e+04   9.985839e+03     0.340 (    71      0)     0.001 ( 18008      0)
"i:cice_pice_strd_adv_tint"                                                                                          -      49152    49152 2.123366e+07   1.446116e+02     0.004 ( 48732      0)     0.003 ( 32697      0)
"i:cice_run_initflux"                                                                                                -      49152    49152 2.123366e+07   9.316173e+01     0.002 ( 41848      0)     0.002 ( 43779      0)
"i:cice_run_prepradiation"                                                                                           -      49152    49152 2.123366e+07   8.284776e+01     0.004 ( 40068      0)     0.001 ( 25688      0)
"i:cice_run_therm1"                                                                                                  -      49152    49152 2.123366e+07   2.838981e+03     0.221 ( 35331      0)     0.047 ( 15759      0)
"i:cice_run_dyn"                                                                                                     -      49152    49152 2.123366e+07   1.206411e+00     0.000 ( 36600      0)     0.000 ( 43001      0)
"i:cice_run_radiation"                                                                                               -      49152    49152 2.123366e+07   1.941854e+03     0.468 ( 39421      0)     0.024 ( 44986      0)
"i:cice_step_radiationib"                                                                                            -      49152    49152 2.123366e+07   1.731768e+03     0.463 ( 39421      0)     0.020 ( 44986      0)
"i:cice_step_rib_swdedd1"                                                                                            -      49152    49152 2.123366e+07   1.873340e+02     0.007 ( 40033      0)     0.001 ( 15338      0)
"i:cice_step_rib_swdedd2"                                                                                            -      49152    49152 2.123366e+07   1.193076e+02     0.004 ( 39117      0)     0.002 (  6178      0)
"i:cice_step_rib_swdedd7"                                                                                            -      49152    49152 2.123366e+07   1.274664e+03     0.452 ( 39421      0)     0.012 ( 44986      0)
"i:cice_run_couplingprep"                                                                                            -      49152    49152 2.123366e+07   3.098465e+03     0.728 ( 37157      0)     0.021 (  5337      0)
"i:ice_HaloUpdate2DR8"                                                                                               -      49152    49152 2.123366e+07   2.239966e+03     0.711 ( 37157      0)     0.004 (   783      0)
"i:ice_HU2DR8_init"                                                                                                  -      49152    49152 2.123366e+07   9.255909e+00     0.001 (  9263      0)     0.000 (  2273      0)
"i:cice_run_diag"                                                                                                    -      49152    49152 2.123366e+07   1.785462e+04     0.536 ( 36268      0)     0.327 ( 37382      0)
"i:cice_run_hist"                                                                                                    -      49152    49152 2.123366e+07   1.399738e+03     0.038 ( 40677      0)     0.020 ( 37445      0)
"i:cice_run_accum"                                                                                                   -      49152    49152 2.123366e+07   9.511826e+01     0.002 ( 46764      0)     0.002 ( 32758      0)
"i:cice_run_export"                                                                                                  -      49152    49152 2.123366e+07   6.769336e+02     0.021 ( 38987      0)     0.012 ( 26363      0)
"CPL:LND_RUN"                                                                                                        -      49152    49152 2.123366e+07   6.482201e+05    15.238 ( 40275      0)    11.945 ( 48418      0)
"l:lc_lnd_import"                                                                                                    -      49152    49152 2.123366e+07   6.810701e+02     0.037 ( 16772      0)     0.011 ( 41288      0)
"l:elm_run"                                                                                                          -      49152    49152 2.128282e+07   6.458293e+05    15.185 ( 40275      0)    11.897 ( 48418      0)
"l:shr_orb_decl"                                                                                                     -      49152    49152 2.128282e+07   1.618807e+01     0.000 ( 38435      0)     0.000 ( 44848      0)
"l:decomp_vert"                                                                                                      -      49152    49152 2.128282e+07   8.887709e+01     0.181 ( 14216      0)     0.001 ( 39347      0)
"l:beggridwbal"                                                                                                      -      49152    49152 2.128282e+07   1.689657e+03     0.184 ( 25251      0)     0.027 ( 26489      0)
"l:cnpinit"                                                                                                          -      49152    49152 2.128282e+07   1.647925e+01     0.081 ( 47623      0)     0.000 ( 39876      0)
"l:cnpvegsumm"                                                                                                       -      49152    49152 2.128282e+07   2.099741e+00     0.000 ( 27631      0)     0.000 ( 19823      0)
"l:dyn_subgrid"                                                                                                      -      49152    49152 2.128282e+07   1.022109e+04     0.490 ( 47907      0)     0.174 ( 26489      0)
"l:begwbal"                                                                                                          -      49152    49152 2.128282e+07   1.813342e+02     0.032 ( 31154      0)     0.002 ( 24792      0)
"l:begcnpbal"                                                                                                        -      49152    49152 2.128282e+07   1.583818e+00     0.000 ( 45135      0)     0.000 ( 33681      0)
"l:drvinit"                                                                                                          -      49152    49152 2.128282e+07   1.263501e+03     0.120 (  2497      0)     0.022 ( 35149      0)
"l:canhydro"                                                                                                         -      49152    49152 2.128282e+07   1.744777e+03     0.142 (  4549      0)     0.025 ( 26496      0)
"l:surfrad"                                                                                                          -      49152    49152 2.128282e+07   3.864813e+03     0.216 (  4551      0)     0.064 ( 35799      0)
"l:bgp1"                                                                                                             -      49152    49152 2.128282e+07   2.199648e+03     0.107 ( 42805      0)     0.030 ( 36273      0)
"l:bgflux"                                                                                                           -      49152    49152 2.128282e+07   2.565313e+03     0.083 ( 26842      0)     0.031 ( 38979      0)
"l:canflux"                                                                                                          -      49152    49152 2.128282e+07   1.010957e+05     3.284 ( 40275      0)     1.189 ( 48417      0)
"l:can_iter"                                                                                                         -      49152    49152 2.128282e+07   8.339827e+04     2.856 ( 40276      0)     0.894 ( 48417      0)
"l:uflux"                                                                                                            -      49152    49152 2.128282e+07   1.564059e+03     0.326 ( 45281      0)     0.008 ( 45467      0)
"l:bgplake"                                                                                                          -      49152    49152 2.128282e+07   8.115516e+03     0.277 (  4744      0)     0.099 ( 26473      0)
"l:bgc"                                                                                                              -      49152    49152 2.128282e+07   5.739270e+03     0.227 ( 46910      0)     0.087 ( 24805      0)
"l:soiltemperature"                                                                                                  -      49152    49152 2.128282e+07   6.067276e+04     1.672 ( 41554      0)     1.022 ( 40610      0)
"l:SoilThermProp"                                                                                                    -      49152    49152 2.128282e+07   3.497587e+03     0.152 ( 41554      0)     0.046 ( 32171      0)
"l:SoilTempBandDiag"                                                                                                 -      49152    49152 4.256563e+07   6.962852e+03     0.419 ( 18214      0)     0.095 ( 37174      0)
"l:PhaseChangeH2osfc"                                                                                                -      49152    49152 2.128282e+07   4.633134e+01     0.003 ( 47344      0)     0.000 ( 38364      0)
"l:PhaseChangebeta"                                                                                                  -      49152    49152 2.128282e+07   1.466145e+03     0.067 ( 42805      0)     0.015 ( 39365      0)
"l:bgp2"                                                                                                             -      49152    49152 2.128282e+07   2.733374e+03     0.091 ( 42805      0)     0.041 ( 48418      0)
"l:bgp2_loop_1"                                                                                                      -      49152    49152 2.128282e+07   4.379197e+02     0.025 ( 36820      0)     0.007 ( 26660      0)
"l:bgp2_loop_2"                                                                                                      -      49152    49152 2.128282e+07   7.534090e+02     0.029 ( 42805      0)     0.012 ( 34467      0)
"l:bgp2_loop_3"                                                                                                      -      49152    49152 2.128282e+07   1.171206e+03     0.036 (    66      0)     0.015 ( 48418      0)
"l:bgp2_loop_4"                                                                                                      -      49152    49152 2.128282e+07   2.914784e+02     0.012 ( 40583      0)     0.004 ( 24797      0)
"l:patch2col"                                                                                                        -      49152    49152 2.128282e+07   1.360611e+03     0.047 ( 42805      0)     0.020 ( 30753      0)
"l:hydro without drainage"                                                                                           -      49152    49152 2.128282e+07   1.918615e+04     0.833 ( 42805      0)     0.294 (  9536      0)
"l:hylake"                                                                                                           -      49152    49152 2.128282e+07   1.742442e+03     0.078 ( 21726      0)     0.023 ( 29329      0)
"l:snow_init"                                                                                                        -      49152    49152 2.128282e+07   1.774477e+02     0.010 (  9483      0)     0.001 ( 32007      0)
"l:ecosysdyn"                                                                                                        -      49152    49152 2.128282e+07   5.064871e+02     0.015 ( 42805      0)     0.008 ( 25724      0)
"l:depvel"                                                                                                           -      49152    49152 4.256563e+07   1.483527e+01     0.013 ( 23666      0)     0.000 ( 10111      0)
"l:hydro2 drainage"                                                                                                  -      49152    49152 2.128282e+07   1.507646e+03     0.053 ( 42805      0)     0.021 ( 33469      0)
"l:balchk"                                                                                                           -      49152    49152 2.128282e+07   2.223919e+03     0.058 (    66      0)     0.037 ( 17067      0)
"l:gridbalchk"                                                                                                       -      49152    49152 2.128282e+07   1.093112e+03     0.028 (  6576      0)     0.019 ( 17067      0)
"l:lnd2atm"                                                                                                          -      49152    49152 2.128282e+07   1.427670e+04     0.425 ( 15167      0)     0.144 ( 47621      0)
"l:wrtdiag"                                                                                                          -      49152    49152 2.128282e+07   1.658319e+02     0.010 (     0      0)     0.003 ( 13544      0)
"l:hbuf"                                                                                                             -      49152    49152 2.128282e+07   3.171442e+04     0.782 ( 42805      0)     0.559 ( 40610      0)
"l:elm_drv_io"                                                                                                       -      49152    49152 2.128282e+07   6.222674e+01     0.004 ( 31157      0)     0.001 ( 17362      0)
"l:elm_drv_io_htapes"                                                                                                -      49152    49152 2.128282e+07   5.084141e+01     0.004 ( 35336      0)     0.001 ( 17362      0)
"l:lc_lnd_export"                                                                                                    -      49152    49152 2.128282e+07   3.224353e+02     0.009 ( 43119      0)     0.006 ( 34485      0)
"l:lc_elm2_adv_timestep"                                                                                             -      49152    49152 2.128282e+07   1.203759e+01     0.001 ( 43055      0)     0.000 ( 22692      0)
"l:accum"                                                                                                            -      49152    49152 2.123366e+07   5.733126e+03     0.163 (  4548      0)     0.107 ( 42478      0)
"CPL:ATMOCNP"                                                                                                        -      49152    49152 2.123366e+07   4.548641e+03     0.149 (  9228      0)     0.020 ( 45369      0)
"CPL:atmocnp_fluxo"                                                                                                  -      49152    49152 2.123366e+07   3.832607e+03     0.134 (  3730      0)     0.006 (  5446      0)
"CPL:atmocnp_ocnalb"                                                                                                 -      49152    49152 2.123366e+07   6.738545e+02     0.024 ( 45142      0)     0.009 ( 45347      0)
"CPL:L2C"                                                                                                            -      49152    49152 2.123366e+07   2.456828e+04     1.961 (  4383      0)     0.177 ( 21818      0)
"CPL:l2c_lndl2lndx"                                                                                                  -      49152    49152 2.123366e+07   2.449304e+04     1.959 (  4383      0)     0.175 ( 21818      0)
"lnd2cpl_run"                                                                                                        -      49152    49152 2.123366e+07   4.690374e+01     0.001 ( 34998      0)     0.001 ( 42919      0)
"CPL:LNDPOST"                                                                                                        -      49152    49152 2.123366e+07   1.184949e+01     0.000 ( 48378      0)     0.000 (  3797      0)
"CPL:I2C"                                                                                                            -      49152    49152 2.123366e+07   7.447637e+02     0.021 ( 39559      0)     0.014 ( 15796      0)
"CPL:i2c_icei2icex"                                                                                                  -      49152    49152 2.123366e+07   6.922065e+02     0.020 ( 39559      0)     0.013 ( 31765      0)
"CPL:i2c_infoexch"                                                                                                   -      49152    49152 2.123366e+07   2.165749e+01     0.001 ( 24264      0)     0.000 ( 16154      0)
"CPL:ICEPOST"                                                                                                        -      49152    49152 2.123366e+07   1.677856e+00     0.000 ( 45621      0)     0.000 ( 43822      0)
"CPL:FRACSET"                                                                                                        -      49152    49152 2.123366e+07   1.412351e+04     1.565 ( 46186      0)     0.093 ( 14592      0)
"CPL:fracset_fracset"                                                                                                -      49152    49152 2.123366e+07   1.411441e+04     1.564 ( 46186      0)     0.092 ( 14592      0)
"CPL:ATMPREP"                                                                                                        -      49152    49152 2.123366e+07   8.931421e+04     3.039 ( 45796      0)     0.868 ( 25868      0)
"CPL:atmprep_xao2atm"                                                                                                -      49152    49152 2.123366e+07   2.633986e+04     1.632 ( 16759      0)     0.182 ( 41258      0)
"CPL:atmprep_ocn2atm"                                                                                                -      49152    49152 2.123366e+07   1.642734e+04     1.277 ( 26531      0)     0.178 ( 40496      0)
"CPL:atmprep_alb2atm"                                                                                                -      49152    49152 2.123366e+07   6.464255e+03     0.844 ( 26521      0)     0.086 ( 40600      0)
"CPL:atmprep_ice2atm"                                                                                                -      49152    49152 2.123366e+07   1.389622e+04     1.245 ( 48643      0)     0.184 ( 41283      0)
"CPL:atmprep_lnd2atm"                                                                                                -      49152    49152 2.123366e+07   2.397111e+04     2.092 ( 19968      0)     0.183 ( 19106      0)
"CPL:atmprep_mrgx2a"                                                                                                 -      49152    49152 2.123366e+07   2.106379e+03     0.074 ( 41209      0)     0.029 ( 40878      0)
"CPL:C2A"                                                                                                            -      49152    49152 2.123366e+07   5.302914e+04     2.594 (   381      0)     0.399 (  4683      0)
"CPL:c2a_atmx2atmg"                                                                                                  -      49152    49152 2.123366e+07   2.590204e+04     2.334 (   381      0)     0.145 ( 46922      0)
"CPL:c2a_infoexch"                                                                                                   -      49152    49152 2.123366e+07   2.710019e+04     1.379 ( 33301      0)     0.128 (  6960      0)
"CPL:ATM_RUN"                                                                                                        -      49152    49152 2.123366e+07   8.074002e+06   166.706 ( 15589      0)   162.407 ( 26648      0)
"a:EAMxx::run"                                                                                                       -      49152    49152 2.123366e+07   8.072322e+06   166.672 ( 15589      0)   162.373 ( 26648      0)
"a:PIO:PIOc_sync"                                                                                                    -      49152    49152 4.915200e+04   1.097335e+00     0.000 (  9552      0)     0.000 ( 23079      0)
"a:PIO:write_total"                                                                                                  -      49152    49152 4.915200e+04   9.957125e-01     0.000 (  9552      0)     0.000 ( 10287      0)
"a:PIO:flush_output_buffer"                                                                                          -       4096     4096 4.096000e+03   4.421214e-01     0.000 (  9552      0)     0.000 ( 22740      0)
"a:EAMxx::EAMxx::run"                                                                                                -      49152    49152 2.123366e+07   8.069363e+06   166.610 ( 15589      0)   162.317 ( 26648      0)
"a:EAMxx::EAMxx::run-precondition-checks"                                                                            -      49152    49152 2.123366e+07   8.086956e+00     0.000 ( 47157      0)     0.000 (  9596      0)
"a:EAMxx::SurfaceCouplingImporter::run"                                                                              -      49152    49152 2.123366e+07   1.319152e+04     0.468 ( 14211      0)     0.248 ( 25652      0)
"a:EAMxx::SurfaceCouplingImporter::run-precondition-checks"                                                          -      49152    49152 2.123366e+07   3.776755e+00     0.000 ( 47056      0)     0.000 ( 30300      0)
"a:EAMxx::SurfaceCouplingImporter::run-postcondition-checks"                                                         -      49152    49152 2.123366e+07   1.133609e+04     0.430 ( 20139      0)     0.212 ( 25652      0)
"a:EAMxx::homme::run"                                                                                                -      49152    49152 2.123366e+07   7.682720e+06   156.634 (     9      0)   155.996 (  2852      0)
"a:EAMxx::homme::run-precondition-checks"                                                                            -      49152    49152 2.123366e+07   3.482862e+00     0.000 (  4325      0)     0.000 ( 37354      0)
"a:tl-sc prim_run_subcycle_c"                                                                                        -      49152    49152 4.246733e+07   7.447573e+06   151.869 (    76      0)   150.828 ( 17566      0)
"a:tl-s prim_step_flexible"                                                                                          -      49152    49152 4.246733e+07   7.447382e+06   151.865 (    76      0)   150.824 ( 17566      0)
"a:ApplyCAMForcing_tracers"                                                                                          -      49152    49152 2.123366e+07   1.771265e+04     0.888 ( 10862      0)     0.187 ( 18452      0)
"a:tl-s deep_copy+derived_dp"                                                                                        -      49152    49152 4.246733e+07   1.429250e+03     0.248 ( 14215      0)     0.026 ( 28784      0)
"a:ApplyCAMForcing_dynamics"                                                                                         -      49152    49152 1.274020e+08   1.357738e+04     0.348 ( 40325      0)     0.251 (   716      0)
"a:tl-ae prim_advance_exp"                                                                                           -      49152    49152 2.548040e+08   5.883718e+06   124.371 (  9068      0)   116.746 ( 41133      0)
"a:ttype9_imex_timestep"                                                                                             -      49152    49152 2.548040e+08   4.975935e+06   106.570 (  9066      0)    98.342 ( 25424      0)
"a:caar compute"                                                                                                     -      49152    49152 2.548040e+09   1.233338e+06    26.465 ( 15565      0)    23.065 ( 17804      0)
"a:caar_bexchV"                                                                                                      -      49152    49152 1.274020e+09   1.011508e+06    27.208 ( 10106      0)    15.749 ( 22734      0)
"a:caar limiter"                                                                                                     -      49152    49152 1.528824e+09   7.448921e+05    18.725 ( 11190      0)    12.710 ( 16178      0)
"a:compute_stage_value_dirk"                                                                                         -      49152    49152 1.274020e+09   1.965642e+06    45.496 ( 22734      0)    36.411 ( 36704      0)
"a:tl-ae advance_hypervis_dp"                                                                                        -      49152    49152 2.548040e+08   9.020154e+05    21.657 (  8932      0)    15.959 ( 22734      0)
"a:hvf-bhwk"                                                                                                         -      49152    49152 2.548040e+08   4.610167e+05    11.186 ( 26930      0)     8.017 ( 22734      0)
"a:hvf-bexch"                                                                                                        -      49152    49152 7.644119e+08   5.043099e+05    14.031 (  8932      0)     7.932 ( 22734      0)
"a:tl-sc vertical_remap"                                                                                             -      49152    49152 1.274020e+08   2.713253e+05     6.335 ( 23176      0)     5.045 ( 46976      0)
"a:Remap Thickness Functor"                                                                                          -      49152    49152 1.274020e+08   1.338891e+04     0.401 ( 17837      0)     0.245 ( 12200      0)
"a:Remap Scale States Functor"                                                                                       -      49152    49152 1.274020e+08   6.633647e+03     0.163 ( 11243      0)     0.121 (   716      0)
"a:Remap Compute Grids Functor"                                                                                      -      49152    49152 1.274020e+08   2.491965e+04     0.617 ( 33426      0)     0.472 ( 12218      0)
"a:Remap Compute Remap Functor"                                                                                      -      49152    49152 1.274020e+08   1.545282e+05     3.895 ( 23176      0)     2.846 ( 46976      0)
"a:Remap Rescale States Functor"                                                                                     -      49152    49152 1.274020e+08   1.032122e+04     0.315 (  8769      0)     0.176 ( 12200      0)
"a:tl-at prim_advec_observe_velocity"                                                                                -      49152    49152 1.274020e+08   5.566094e+02     0.041 ( 45277      0)     0.010 ( 18403      0)
"a:tl-at prim_advec_tracers_compose"                                                                                 -      49152    49152 4.246733e+07   1.227729e+06    27.603 ( 13794      0)    20.333 (  9067      0)
"a:compose_transport"                                                                                                -      49152    49152 4.246733e+07   1.227612e+06    27.601 ( 13794      0)    20.330 (  9067      0)
"a:compose_calc_trajectory"                                                                                          -      49152    49152 4.246733e+07   7.472444e+04     1.870 ( 20691      0)     1.309 ( 28338      0)
"a:compose_3d_levels"                                                                                                -      49152    49152 4.246733e+07   3.504343e+04     0.799 ( 15325      0)     0.657 (  8932      0)
"a:compose_v_bexchv"                                                                                                 -      49152    49152 4.246733e+07   3.686651e+04     1.108 ( 12218      0)     0.527 ( 28338      0)
"a:compose_v2x"                                                                                                      -      49152    49152 4.246733e+07   2.686150e+03     0.058 ( 48657      0)     0.050 (  3822      0)
"a:compose_isl"                                                                                                      -      49152    49152 4.246733e+07   3.193237e+05     9.684 ( 38916      0)     4.492 ( 15058      0)
"a:compose_hypervis_scalar"                                                                                          -      49152    49152 4.246733e+07   3.507492e+05     9.706 ( 34722      0)     4.904 (  8489      0)
"a:compose_cedr_global"                                                                                              -      49152    49152 4.246733e+07   4.424964e+05    13.075 ( 32019      0)     4.654 ( 20885      0)
"a:repro_sum_int"                                                                                                    -      49152    49152 4.246733e+07   4.036747e+05    12.273 ( 32019      0)     3.886 ( 20885      0)
"a:compose_cedr_local"                                                                                               -      49152    49152 4.246733e+07   8.486762e+03     0.208 ( 42937      0)     0.154 (  3600      0)
"a:compose_dss_q"                                                                                                    -      49152    49152 4.246733e+07   3.156958e+04     0.821 ( 40309      0)     0.499 ( 19992      0)
"a:compose_vertical_remap"                                                                                           -      49152    49152 4.246733e+07   2.969905e+04     0.727 ( 23176      0)     0.551 (  3836      0)
"a:shr_reprosum_INF_NaN_Chk"                                                                                         -      49152    49152 4.246733e+07   3.932647e+02     0.026 (  4549      0)     0.008 (  6663      0)
"a:shr_reprosum_int"                                                                                                 -      49152    49152 4.246733e+07   9.675637e+04     2.109 ( 27556      0)     1.773 ( 42613      0)
"a:repro_sum_loopa"                                                                                                  -      49152    49152 4.246733e+07   2.146989e+02     0.018 ( 41546      0)     0.004 ( 22097      0)
"a:repro_sum_allr_minmax"                                                                                            -      49152    49152 4.246733e+07   7.189546e+04     1.597 ( 27556      0)     1.282 ( 42613      0)
"a:repro_sum_loopb"                                                                                                  -      49152    49152 4.246733e+07   4.949333e+02     0.022 ( 27769      0)     0.010 (  1472      0)
"a:repro_sum_allr_i8"                                                                                                -      49152    49152 4.246733e+07   2.391555e+04     0.495 ( 31411      0)     0.464 ( 49082      0)
"a:repro_sum_finalsum"                                                                                               -      49152    49152 4.246733e+07   3.864729e+01     0.004 ( 33408      0)     0.001 ( 17749      0)
"a:EAMxx::homme::run-postcondition-checks"                                                                           -      49152    49152 2.123366e+07   1.583734e+04     0.341 ( 25187      0)     0.298 ( 25652      0)
"a:EAMxx::physics::run"                                                                                              -      49152    49152 2.123366e+07   3.565027e+05     9.685 ( 15589      0)     5.458 ( 26648      0)
"a:EAMxx::physics::run-precondition-checks"                                                                          -      49152    49152 2.123366e+07   5.862984e+00     0.000 (  6496      0)     0.000 (  5697      0)
"a:EAMxx::mac_aero_mic::run"                                                                                         -      49152    49152 2.123366e+07   1.960637e+05     5.562 ( 15589      0)     3.175 ( 26648      0)
"a:EAMxx::mac_aero_mic::run-precondition-checks"                                                                     -      49152    49152 2.123366e+07   3.707642e+00     0.000 ( 19791      0)     0.000 ( 13893      0)
"a:EAMxx::tms::run"                                                                                                  -      49152    49152 2.123366e+07   1.906883e+03     0.128 ( 17903      0)     0.034 ( 12046      0)
"a:EAMxx::tms::run-precondition-checks"                                                                              -      49152    49152 2.123366e+07   3.231342e+00     0.000 ( 32986      0)     0.000 ( 44105      0)
"a:EAMxx::tms::run-postcondition-checks"                                                                             -      49152    49152 2.123366e+07   1.180157e+03     0.029 ( 23405      0)     0.020 (  3164      0)
"a:EAMxx::shoc::run"                                                                                                 -      49152    49152 2.123366e+07   8.017921e+04     2.106 ( 28830      0)     1.350 ( 31322      0)
"a:EAMxx::shoc::run-precondition-checks"                                                                             -      49152    49152 2.123366e+07   3.333015e+00     0.000 ( 27916      0)     0.000 (  6977      0)
"a:EAMxx::shoc::run-postcondition-checks"                                                                            -      49152    49152 2.123366e+07   1.478202e+04     0.319 ( 25187      0)     0.279 ( 11564      0)
"a:EAMxx::cld_fraction::run"                                                                                         -      49152    49152 2.123366e+07   4.606313e+03     0.148 ( 13499      0)     0.087 ( 41578      0)
"a:EAMxx::cld_fraction::run-precondition-checks"                                                                     -      49152    49152 2.123366e+07   4.979393e+00     0.000 ( 31705      0)     0.000 ( 28037      0)
"a:EAMxx::cld_fraction::run-postcondition-checks"                                                                    -      49152    49152 2.123366e+07   3.980903e+03     0.086 ( 25187      0)     0.075 (  4274      0)
"a:EAMxx::spa::run"                                                                                                  -      49152    49152 2.123366e+07   3.638769e+04     0.920 ( 27828      0)     0.500 ( 42847      0)
"a:EAMxx::spa::run-precondition-checks"                                                                              -      49152    49152 2.123366e+07   3.522149e+00     0.000 ( 34634      0)     0.000 ( 27518      0)
"a:EAMxx::spa::run-postcondition-checks"                                                                             -      49152    49152 2.123366e+07   2.800374e+04     0.625 (  4548      0)     0.333 ( 42847      0)
"a:EAMxx::p3::run"                                                                                                   -      49152    49152 2.123366e+07   7.226405e+04     2.839 ( 15601      0)     0.940 (  7418      0)
"a:EAMxx::p3::run-precondition-checks"                                                                               -      49152    49152 2.123366e+07   1.455121e+03     0.231 ( 22494      0)     0.026 ( 42847      0)
"a:EAMxx::p3::run-postcondition-checks"                                                                              -      49152    49152 2.123366e+07   2.904424e+04     0.640 ( 18615      0)     0.381 ( 17996      0)
"a:EAMxx::mac_aero_mic::run-postcondition-checks"                                                                    -      49152    49152 2.123366e+07   4.724022e+00     0.000 ( 10479      0)     0.000 ( 19054      0)
"a:EAMxx::rrtmgp::run"                                                                                               -      49152    49152 2.123366e+07   1.598110e+05     4.333 ( 11461      0)     2.250 ( 23035      0)
"a:EAMxx::rrtmgp::run-precondition-checks"                                                                           -      49152    49152 2.123366e+07   6.541424e+02     0.015 ( 30785      0)     0.012 ( 12046      0)
"a:EAMxx::rrtmgp::run-postcondition-checks"                                                                          -      49152    49152 2.123366e+07   2.337051e+04     0.543 ( 14529      0)     0.414 (  3822      0)
"a:EAMxx::physics::run-postcondition-checks"                                                                         -      49152    49152 2.123366e+07   3.382569e+00     0.000 ( 32534      0)     0.000 ( 12122      0)
"a:EAMxx::SurfaceCouplingExporter::run"                                                                              -      49152    49152 2.123366e+07   1.528316e+04     0.356 ( 22365      0)     0.280 (  5930      0)
"a:EAMxx::SurfaceCouplingExporter::run-precondition-checks"                                                          -      49152    49152 2.123366e+07   5.581673e+00     0.000 (  1433      0)     0.000 ( 26762      0)
"a:EAMxx::SurfaceCouplingExporter::run-postcondition-checks"                                                         -      49152    49152 2.123366e+07   7.235479e+00     0.000 ( 36780      0)     0.000 ( 27170      0)
"a:EAMxx::EAMxx::run-postcondition-checks"                                                                           -      49152    49152 2.123366e+07   2.853641e+00     0.000 ( 29313      0)     0.000 ( 41879      0)
"a:EAMxx::IO::restart"                                                                                               -      49152    49152 2.123366e+07   9.803883e+01     0.004 ( 35136      0)     0.002 ( 26098      0)
"a:EAMxx::IO::model_restart"                                                                                         -      49152    49152 2.123366e+07   8.188405e+01     0.004 ( 35146      0)     0.001 ( 26098      0)
"a:EAMxx::IO::restart::get_new_file"                                                                                 -      49152    49152 2.123366e+07   2.538373e+00     0.000 ( 13856      0)     0.000 ( 34037      0)
"a:EAMxx::IO::restart::run_output_streams"                                                                           -      49152    49152 2.123366e+07   3.266925e+01     0.003 ( 35144      0)     0.000 ( 47345      0)
"a:EAMxx::IO::standard"                                                                                              -      49152    49152 2.123366e+07   4.327341e+01     0.001 ( 12414      0)     0.001 ( 14849      0)
"a:EAMxx::IO::nooutput.yaml"                                                                                         -      49152    49152 2.123366e+07   3.054184e+01     0.001 ( 20447      0)     0.000 (   231      0)
"a:EAMxx::IO::standard::get_new_file"                                                                                -      49152    49152 2.123366e+07   1.088978e+00     0.000 ( 44407      0)     0.000 ( 15320      0)
"a:EAMxx::IO::standard::run_output_streams"                                                                          -      49152    49152 2.123366e+07   2.933154e+00     0.000 ( 12859      0)     0.000 ( 25724      0)
"CPL:A2C"                                                                                                            -      49152    49152 2.123366e+07   1.385811e+05     4.751 ( 22360      0)     0.843 (  9013      0)
"CPL:a2c_atma2atmx"                                                                                                  -      49152    49152 2.123366e+07   7.556410e+04     3.684 ( 34780      0)     0.221 ( 15606      0)
"CPL:a2c_infoexch"                                                                                                   -      49152    49152 2.123366e+07   6.297172e+04     3.621 ( 28426      0)     0.030 (     0      0)
"CPL:ATMPOST"                                                                                                        -      49152    49152 2.123366e+07   9.388006e+00     0.000 ( 32083      0)     0.000 ( 27002      0)
"CPL:HISTORY"                                                                                                        -      49152    49152 2.123366e+07   4.717177e+01     0.002 ( 48981      0)     0.001 ( 41801      0)
"CPL:cime_run_write_history"                                                                                         -      49152    49152 2.123366e+07   3.560878e+01     0.002 ( 48981      0)     0.001 ( 14787      0)
"CPL:TSTAMP_WRITE"                                                                                                   -      49152    49152 2.123366e+07   1.348828e+01     0.001 ( 12516      0)     0.000 ( 23729      0)
"CPL:TPROF_WRITE"                                                                                                    -      49152    49152 2.123366e+07   5.774862e+00     0.000 ( 34800      0)     0.000 ( 31786      0)
"CPL:C2O_INITWAIT"                                                                                                   -      49152    49152 2.118451e+07   1.201994e+05     4.084 (     0      0)     1.298 (  8406      0)
"l:interpMonthlyVeg"                                                                                                 -      49152    49152 2.118451e+07   3.342154e+05     6.826 ( 36564      0)     6.741 (  1907      0)
"l:readMonthlyVeg"                                                                                                   -      49152    49152 4.915200e+04   3.341965e+05     6.825 ( 46824      0)     6.728 ( 13493      0)
"l:PIO:openfile"                                                                                                     -      49152    49152 4.915200e+04   1.119578e+04     0.376 ( 45784      0)     0.079 ( 33922      0)
"l:PIO:pio_inq_varid_file_vdesc"                                                                                     -      49152    49152 3.932160e+05   8.782822e+01     0.024 ( 23936      0)     0.000 ( 21598      0)
"l:PIO:pio_inq_varid_file_vid"                                                                                       -      49152    49152 3.932160e+05   8.764433e+01     0.024 ( 23936      0)     0.000 ( 21598      0)
"l:PIO:pio_inq_varndims_file_vdesc"                                                                                  -      49152    49152 3.932160e+05   5.287969e+01     0.562 ( 16381      0)     0.000 ( 36803      0)
"l:PIO:pio_inq_varndims_file_vid"                                                                                    -      49152    49152 3.932160e+05   5.273393e+01     0.562 ( 16381      0)     0.000 ( 36803      0)
"l:PIO:pio_inq_vardimid_file_vdesc"                                                                                  -      49152    49152 3.932160e+05   1.035697e+02     0.005 (  3280      0)     0.001 ( 49141      0)
"l:PIO:pio_inq_vardimid_file_vid"                                                                                    -      49152    49152 3.932160e+05   1.034535e+02     0.005 (  3280      0)     0.001 ( 49141      0)
"l:PIO:pio_inq_dimname_file_dimid"                                                                                   -      49152    49152 3.342336e+06   2.768331e+02     0.013 (  3277      0)     0.002 ( 49116      0)
"l:PIO:pio_inq_dimlen_file_dimid"                                                                                    -      49152    49152 7.864320e+05   4.480290e+01     0.002 (  1101      0)     0.000 ( 20889      0)
"l:PIO:pio_inq_dimlen_file_dimid_offlen"                                                                             -      49152    49152 7.864320e+05   4.460726e+01     0.002 (  1101      0)     0.000 ( 20886      0)
"l:PIO:pio_inquire_file"                                                                                             -      49152    49152 1.474560e+06   8.231868e+01     0.005 (   429      0)     0.001 ( 21541      0)
"l:PIO:pio_inq_ndims_file"                                                                                           -      49152    49152 1.474560e+06   8.198456e+01     0.005 (   429      0)     0.001 ( 21541      0)
"l:PIO:initdecomp"                                                                                                   -      49152    49152 4.915200e+04   9.749207e+04     1.984 ( 15331      0)     1.983 ( 25958      0)
"l:PIO:PIOc_initdecomp"                                                                                              -      49152    49152 4.915200e+04   9.749165e+04     1.984 ( 15331      0)     1.983 ( 25958      0)
"l:PIO:box_rearrange_create"                                                                                         -      49152    49152 4.915200e+04   9.743977e+04     1.983 (  5167      0)     1.982 ( 17543      0)
"l:PIO:pio_swapm"                                                                                                    -      49152    49152 5.406720e+05   3.080294e+05     6.423 ( 26419      0)     3.762 (  4848      0)
"l:PIO:read_darray_3d_double"                                                                                        -      49152    49152 3.932160e+05   2.173629e+05     4.458 ( 39347      0)     3.803 ( 16380      0)
"l:PIO:PIOc_read_darray"                                                                                             -      49152    49152 3.932160e+05   2.173613e+05     4.458 ( 39347      0)     3.803 ( 16380      0)
"l:PIO:read_darray_nc"                                                                                               -      49152    49152 3.932160e+05   2.901378e+03     2.370 (  4848      0)     0.000 ( 17367      0)
"l:PIO:rearrange_io2comp"                                                                                            -      49152    49152 3.932160e+05   2.142624e+05     4.455 ( 38675      0)     1.967 (  4848      0)
"l:PIO:closefile"                                                                                                    -      49152    49152 4.915200e+04   1.177402e+02     0.085 (  2004      0)     0.000 (  6357      0)
"l:PIO:PIOc_closefile"                                                                                               -      49152    49152 4.915200e+04   1.176749e+02     0.085 (  2004      0)     0.000 (  9250      0)
"l:surfalb"                                                                                                          -      49152    49152 2.118451e+07   1.752523e+04     0.517 ( 26842      0)     0.263 (  2427      0)
"l:urbsurfalb"                                                                                                       -      49152    49152 2.118451e+07   4.309039e+03     0.115 ( 40583      0)     0.071 (   394      0)
"CPL:OCNT_RUN"                                                                                                       -      49152    49152 2.118451e+07   1.199707e+04     0.319 (     0      0)     0.147 ( 18008      0)
"o:DOCN_RUN"                                                                                                         -      49152    49152 2.118451e+07   1.160151e+04     0.284 (   396      0)     0.139 ( 18008      0)
"o:docn_run1"                                                                                                        -      49152    49152 2.118451e+07   1.794477e+01     0.001 ( 25888      0)     0.000 (  8524      0)
"o:docn"                                                                                                             -      49152    49152 2.118451e+07   1.155108e+04     0.283 (   396      0)     0.139 ( 18008      0)
"o:docn_strdata_advance"                                                                                             -      49152    49152 2.118451e+07   6.228525e+03     0.165 ( 40352      0)     0.032 ( 42805      0)
"o:docn_strd_adv_total"                                                                                              -      49152    49152 2.118451e+07   6.205152e+03     0.164 ( 40352      0)     0.031 ( 42805      0)
"o:docn_strd_adv_readLBUB"                                                                                           -      49152    49152 2.118451e+07   2.944680e+03     0.157 ( 13896      0)     0.008 (     0      0)
"o:docn_readLBUB_setup"                                                                                              -      49152    49152 2.118451e+07   6.048624e+00     0.000 ( 20973      0)     0.000 ( 12584      0)
"o:docn_readLBUB_filemgt"                                                                                            -      49152    49152 2.118451e+07   3.542110e+00     0.000 ( 10445      0)     0.000 ( 32356      0)
"o:docn_strd_adv_tint"                                                                                               -      49152    49152 2.118451e+07   1.430910e+02     0.004 ( 14998      0)     0.002 ( 30522      0)
"o:docn_scatter"                                                                                                     -      49152    49152 2.118451e+07   5.040963e+03     0.114 (   395      0)     0.095 ( 37501      0)
"o:docn_datamode"                                                                                                    -      49152    49152 2.118451e+07   5.595881e+01     0.002 ( 36341      0)     0.001 ( 15149      0)
"o:docn_run2"                                                                                                        -      49152    49152 2.118451e+07   1.457404e+00     0.003 (     0      0)     0.000 (  5492      0)
"CPL:O2CT"                                                                                                           -      49152    49152 2.118451e+07   3.505995e+04     2.202 ( 25201      0)     0.018 ( 35894      0)
"CPL:o2c_ocno2ocnx"                                                                                                  -      49152    49152 2.118451e+07   2.985365e+02     0.010 ( 39559      0)     0.005 ( 33390      0)
"CPL:o2c_infoexch"                                                                                                   -      49152    49152 2.118451e+07   3.472726e+04     2.195 ( 25206      0)     0.011 ( 35894      0)
"CPL:OCNPOSTT"                                                                                                       -      49152    49152 2.118451e+07   1.382559e+01     0.000 (  3637      0)     0.000 ( 44148      0)
"i:cice_pice_readLBUB_LB_copy"                                                                                       -      49152    49152 4.915200e+04   3.335999e-02     0.000 ( 46813      0)     0.000 ( 11537      0)
"o:docn_readLBUB_fbound"                                                                                             -      49152    49152 4.915200e+04   7.528813e-03     0.000 (     0      0)     0.000 (  3234      0)
"o:docn_readLBUB_bcast"                                                                                              -      49152    49152 4.915200e+04   2.197853e+02     0.009 ( 38189      0)     0.000 ( 42421      0)
"o:docn_readLBUB_LB_copy"                                                                                            -      49152    49152 4.915200e+04   3.461867e-02     0.000 ( 16705      0)     0.000 ( 25670      0)
"o:docn_readLBUB_UB_setup"                                                                                           -      49152    49152 4.915200e+04   1.832573e-02     0.000 (     0      0)     0.000 ( 36502      0)
"o:docn_readLBUB_UB_readpio"                                                                                         -      49152    49152 4.915200e+04   2.671975e+03     0.149 ( 15671      0)     0.006 (     1      0)
"o:PIO:pio_inq_varid_file_vdesc"                                                                                     -      49152    49152 9.830400e+04   9.539633e+00     0.003 ( 38362      0)     0.000 (  4480      0)
"o:PIO:pio_inq_varid_file_vid"                                                                                       -      49152    49152 9.830400e+04   9.492892e+00     0.003 ( 38362      0)     0.000 ( 12916      0)
"o:PIO:pio_inq_varndims_file_vdesc"                                                                                  -      49152    49152 4.915200e+04   1.834316e+01     0.001 (     0      0)     0.000 ( 28073      0)
"o:PIO:pio_inq_varndims_file_vid"                                                                                    -      49152    49152 4.915200e+04   1.831241e+01     0.001 (     0      0)     0.000 ( 28073      0)
"o:PIO:pio_inq_vardimid_file_vdesc"                                                                                  -      49152    49152 4.915200e+04   3.000729e+01     0.001 ( 26667      0)     0.000 ( 38296      0)
"o:PIO:pio_inq_vardimid_file_vid"                                                                                    -      49152    49152 4.915200e+04   2.997841e+01     0.001 ( 26667      0)     0.000 (  4801      0)
"o:PIO:pio_inq_dimlen_file_dimid"                                                                                    -      49152    49152 1.474560e+05   1.819955e+01     0.000 (  5158      0)     0.000 (  4826      0)
"o:PIO:pio_inq_dimlen_file_dimid_offlen"                                                                             -      49152    49152 1.474560e+05   1.812954e+01     0.000 (  5149      0)     0.000 ( 38300      0)
"o:PIO:pio_inq_vartype_file_vdesc"                                                                                   -      49152    49152 4.915200e+04   1.852880e+01     0.001 (    22      0)     0.000 ( 20915      0)
"o:PIO:pio_inq_vartype_file_vid"                                                                                     -      49152    49152 4.915200e+04   1.849882e+01     0.001 (    18      0)     0.000 ( 20915      0)
"o:PIO:read_darray_1d_real"                                                                                          -      49152    49152 4.915200e+04   2.519375e+03     0.146 ( 13896      0)     0.004 (     1      0)
"o:PIO:PIOc_read_darray"                                                                                             -      49152    49152 4.915200e+04   2.519073e+03     0.146 ( 13896      0)     0.003 (     1      0)
"o:PIO:read_darray_nc"                                                                                               -      49152    49152 4.915200e+04   1.772842e+02     0.145 ( 13896      0)     0.000 (  9496      0)
"o:PIO:rearrange_io2comp"                                                                                            -      49152    49152 4.915200e+04   2.328962e+03     0.146 ( 15671      0)     0.001 (     0      0)
"o:PIO:pio_swapm"                                                                                                    -      49152    49152 4.915200e+04   2.324968e+03     0.145 ( 15671      0)     0.000 (     0      0)
"o:docn_strd_adv_fill"                                                                                               -      49152    49152 4.915200e+04   2.606935e+01     0.001 (  4086      0)     0.000 ( 42348      0)
"o:docn_strd_adv_map"                                                                                                -      49152    49152 4.915200e+04   2.993224e+03     0.143 (     7      0)     0.000 ( 37548      0)
"CPL:RUN_LOOP_BSTOP"                                                                                                 -      49152    49152 4.915200e+04   1.439281e+02     0.004 (     8      0)     0.000 ( 42599      0)
"CPL:FINAL"                                                                                                          -      49152    49152 4.915200e+04   2.191781e+04     0.448 (     0      0)     0.445 ( 10709      0)
"CPL:cime_final"                                                                                                     -      49152    49152 4.915200e+04   2.191770e+04     0.448 (     0      0)     0.445 ( 10709      0)
"o_f:DOCN_FINAL"                                                                                                     -      49152    49152 4.915200e+04   1.095507e-02     0.000 (     0      0)     0.000 (  7556      0)
"a_f:EAMxx::finalize"                                                                                                y      49152    49152 4.915200e+04   2.232705e+03     0.421 ( 21991      0)     0.035 ( 16602      0)
"a_f:PIO:PIOc_sync"                                                                                                  -      49152    49152 4.915200e+04   9.585661e-01     0.000 ( 36444      0)     0.000 (  3162      0)
"a_f:PIO:write_total"                                                                                                -      49152    49152 9.830400e+04   8.014461e+01     0.041 ( 22404      0)     0.000 (  4115      0)
"a_f:PIO:flush_output_buffer"                                                                                        -       4096     4096 8.192000e+03   4.646726e-01     0.000 ( 36444      0)     0.000 ( 40380      0)
"a_f:PIO:PIOc_closefile"                                                                                             -      49152    49152 9.830400e+04   2.040977e+02     0.054 ( 26544      0)     0.000 ( 39949      0)
"a_f:PIO:PIOc_closefile_write_mode"                                                                                  -      49152    49152 4.915200e+04   7.925115e+01     0.041 ( 22404      0)     0.000 ( 25493      0)
"a_f:PIO:PIOc_freedecomp"                                                                                            -      49152    49152 7.864320e+05   7.435253e+00     0.001 (  1620      0)     0.000 ( 45115      0)
"PIO:finalize"                                                                                                       -      49152    49152 4.915200e+05   2.455089e+03     0.388 (    10      0)     0.001 ( 27835      0)
"PIO:PIOc_finalize"                                                                                                  -      49152    49152 4.915200e+05   2.450200e+03     0.388 (    10      0)     0.001 ( 27835      0)
"CPL:FINAL_sync1_tprf"                                                                                               -      49152    49152 4.915200e+04   9.226581e+01     0.002 ( 37683      0)     0.000 (     0      0)
"CPL:FINAL_t_prf"                                                                                                    y          0        0 0.000000e+00   0.000000e+00     0.000 (     0      0)     0.000 (     0      0)

