
***** GLOBAL STATISTICS ( 24576 MPI TASKS) *****

$Id: gptl.c,v 1.157 2011-03-28 20:55:18 rosinski Exp $
'count' is cumulative. All other stats are max/min
'on' indicates whether the timer was active during output, and so stats are lower or upper bounds.

name                                                                                                                on  processes  threads        count      walltotal   wallmax (proc   thrd  )   wallmin (proc   thrd  )
"CPL:INIT"                                                                                                           -      24576    24576 2.457600e+04   1.676809e+07   696.574 ( 20789      0)   674.072 (  2754      0)
"CPL:cime_pre_init1"                                                                                                 -      24576    24576 2.457600e+04   2.666780e+05    25.128 ( 20787      0)     2.630 (  2751      0)
"CPL:mpi_init"                                                                                                       -      24576    24576 2.457600e+04   2.292794e+05    23.570 ( 20785      0)     1.240 (  2748      0)
"CPL:ESMF_Initialize"                                                                                                -      24576    24576 2.457600e+04   2.896454e+00     0.007 ( 24212      0)     0.000 (  8809      0)
"CPL:cime_pre_init2"                                                                                                 -      24576    24576 2.457600e+04   8.282832e+04     3.422 ( 23589      0)     3.089 (     0      0)
"CPL:seq_infodata_init"                                                                                              -      24576    24576 2.457600e+04   1.013136e+04     1.377 ( 11972      0)     0.044 (  5245      0)
"CPL:seq_timemgr_clockInit"                                                                                          -      24576    24576 2.457600e+04   5.562221e+02     0.068 ( 23583      0)     0.021 (  8508      0)
"CPL:cime_init"                                                                                                      -      24576    24576 2.457600e+04   1.641858e+07   668.351 (     8      0)   667.970 (   514      0)
"CPL:init_comps"                                                                                                     -      24576    24576 2.457600e+04   1.641283e+07   668.116 (     8      0)   667.736 (   514      0)
"CPL:comp_init_pre_all"                                                                                              -      24576    24576 2.457600e+04   5.449485e+00     0.050 ( 12447      0)     0.000 ( 17316      0)
"comp_init_cc_iac"                                                                                                   -      24576    24576 2.457600e+04   4.008915e+01     0.051 (  6164      0)     0.001 ( 16031      0)
"z_i:comp_init"                                                                                                      -      24576    24576 2.457600e+04   2.408993e+00     0.026 ( 10791      0)     0.000 ( 24072      0)
"CPL:comp_init_cc_atm"                                                                                               -      24576    24576 2.457600e+04   4.271970e+06   174.091 (     8      0)   173.763 ( 23584      0)
"a_i:comp_init"                                                                                                      -      24576    24576 4.915200e+04   4.270288e+06   174.088 (     0      0)   173.691 (  3856      0)
"a_i:EAMxx::init"                                                                                                    -      24576    24576 1.720320e+05   4.192067e+06   172.707 (   276      0)   167.874 ( 22079      0)
"a_i:EAMxx::create_output_managers"                                                                                  -      24576    24576 2.457600e+04   3.938514e+02     0.203 ( 18964      0)     0.000 (  4332      0)
"a_i:EAMxx::create_atm_processes"                                                                                    -      24576    24576 2.457600e+04   1.529727e+04     0.931 (    17      0)     0.229 (  7922      0)
"a_i:EAMxx::create_grids"                                                                                            -      24576    24576 2.457600e+04   8.126685e+05    33.442 (     7      0)    32.936 ( 12218      0)
"a_i:PartitioningTime"                                                                                               -      24576    24576 2.457600e+04   6.553709e-03     0.000 ( 24533      0)     0.000 ( 23796      0)
"a_i:repro_sum_int"                                                                                                  -      24576    24576 2.457600e+04   1.846637e+03     0.166 (  8458      0)     0.018 ( 22257      0)
"a_i:PIO:spio_get_att_tc"                                                                                            -      24576    24576 4.399104e+06   1.110937e+03     0.068 ( 11272      0)     0.039 (     7      0)
"a_i:PIO:spio_get_vars_tc"                                                                                           -      24576    24576 4.915200e+05   8.332130e+03     0.438 ( 16512      0)     0.290 ( 17673      0)
"a_i:PIO:PIOc_closefile"                                                                                             -      24576    24576 4.423680e+05   2.029733e+03     3.243 ( 18516      0)     0.000 ( 18019      0)
"a_i:EAMxx::create_fields"                                                                                           -      24576    24576 2.457600e+04   2.530499e+03     0.167 (    10      0)     0.097 (  8868      0)
"a_i:EAMxx::initialize_fields"                                                                                       -      24576    24576 2.457600e+04   1.780246e+06    72.491 (    12      0)    72.373 ( 17674      0)
"a_i:PIO:PIOc_initdecomp"                                                                                            -      24576    24576 3.932160e+05   3.787696e+05    15.414 ( 23843      0)    15.403 (  9790      0)
"a_i:PIO:box_rearrange_create"                                                                                       -      24576    24576 3.932160e+05   3.782374e+05    15.393 (  7807      0)    15.387 (   514      0)
"a_i:PIO:pio_swapm"                                                                                                  -      24576    24576 1.794048e+06   8.295007e+05    40.305 (  2498      0)    11.568 ( 11856      0)
"a_i:PIO:PIOc_read_darray"                                                                                           -      24576    24576 6.144000e+05   6.586324e+05    27.834 (  3168      0)    24.690 ( 10490      0)
"a_i:PIO:read_darray_nc"                                                                                             -      24576    24576 6.144000e+05   3.080162e+04    25.247 (  6108      0)     0.000 (  3313      0)
"a_i:PIO:rearrange_io2comp"                                                                                          -      24576    24576 6.144000e+05   5.320563e+05    27.616 (     3      0)     0.465 (  4692      0)
"a_i:EAMxx::initialize_atm_procs"                                                                                    -      24576    24576 2.457600e+04   1.563695e+06    65.633 ( 19119      0)    60.911 ( 22068      0)
"a_i:EAMxx::SurfaceCouplingImporter::init"                                                                           -      24576    24576 2.457600e+04   1.556784e+01     0.100 (  9783      0)     0.000 ( 20436      0)
"a_i:EAMxx::homme::init"                                                                                             -      24576    24576 2.457600e+04   2.941246e+05    12.102 (  3697      0)    11.737 ( 20337      0)
"a_i:compose_init"                                                                                                   -      24576    24576 2.457600e+04   1.881657e+03     1.051 ( 13658      0)     0.007 (  2580      0)
"a_i:sl_init1"                                                                                                       -      24576    24576 2.457600e+04   3.719987e+03     1.110 (  5193      0)     0.115 ( 17690      0)
"a_i:EAMxx::tms::init"                                                                                               -      24576    24576 2.457600e+04   8.949857e-02     0.000 (     0      0)     0.000 ( 10957      0)
"a_i:EAMxx::shoc::init"                                                                                              -      24576    24576 2.457600e+04   3.303812e+01     0.033 ( 20337      0)     0.001 ( 13428      0)
"a_i:EAMxx::cld_fraction::init"                                                                                      -      24576    24576 2.457600e+04   5.135697e-01     0.000 (     0      0)     0.000 (  8840      0)
"a_i:EAMxx::spa::init"                                                                                               -      24576    24576 2.457600e+04   1.186860e+06    53.090 ( 12874      0)    48.178 (  3702      0)
"a_i:Build HorizRemap data /lus/flare/projects/E3SMinput/data/atm/scream/maps/map_ne30pg2_to_ne1024pg2_20231201.nc"  -      24576    24576 2.457600e+04   1.066312e+06    43.389 (  1668      0)    43.378 (   514      0)
"a_i:EAMxx::p3::init"                                                                                                -      24576    24576 2.457600e+04   2.211989e+04     1.533 (  9828      0)     0.047 ( 12874      0)
"a_i:EAMxx::rrtmgp::init"                                                                                            -      24576    24576 2.457600e+04   6.026112e+04     4.409 ( 18662      0)     0.043 ( 12874      0)
"a_i:EAMxx::SurfaceCouplingExporter::init"                                                                           -      24576    24576 2.457600e+04   1.739499e+02     0.426 ( 22143      0)     0.002 ( 15726      0)
"a_i:EAMxx::initialize_output_managers"                                                                              -      24576    24576 2.457600e+04   1.723516e+04     0.768 (  1176      0)     0.695 (  7405      0)
"a_i:EAMxx::IO::standard"                                                                                            -      24576    24576 2.457600e+04   1.148819e+04     0.636 ( 17016      0)     0.408 (   519      0)
"a_i:EAMxx::IO::nooutput.yaml"                                                                                       -      24576    24576 2.457600e+04   1.148816e+04     0.636 ( 17016      0)     0.408 (   519      0)
"a_i:EAMxx::IO::standard::get_new_file"                                                                              -      24576    24576 2.457600e+04   1.144014e+04     0.612 ( 17016      0)     0.408 (   519      0)
"a_i:PIO:PIOc_createfile"                                                                                            -      24576    24576 2.457600e+04   9.670686e+03     0.518 ( 14924      0)     0.340 (   519      0)
"a_i:PIO:write_total"                                                                                                -      24576    24576 8.110080e+05   9.798701e+03     0.551 ( 17016      0)     0.341 (   519      0)
"a_i:PIO:spio_put_att_tc"                                                                                            -      24576    24576 7.372800e+05   2.082095e+00     0.004 (  5988      0)     0.000 ( 12398      0)
"a_i:PIO:spio_put_vars_tc"                                                                                           -      24576    24576 2.457600e+04   1.144146e+02     0.050 (  3048      0)     0.000 ( 14110      0)
"a_i:PIO:flush_output_buffer"                                                                                        -       2048     2048 4.096000e+03   1.122681e+02     0.055 (   144      0)     0.006 (  1584      0)
"a_i:EAMxx::IO::standard::run_output_streams"                                                                        -      24576    24576 2.457600e+04   2.778792e-03     0.000 ( 22380      0)     0.000 (  9780      0)
"a_i:EAMxx::IO::standard::update_snapshot_tally"                                                                     -      24576    24576 2.457600e+04   4.794396e+01     0.023 (  1176      0)     0.000 ( 15843      0)
"a_i:PIO:PIOc_sync"                                                                                                  -      24576    24576 2.457600e+04   1.153461e+01     0.006 (  1176      0)     0.000 (  6370      0)
"CPL:comp_init_cc_lnd"                                                                                               -      24576    24576 2.457600e+04   8.905425e+06   362.379 ( 17673      0)   362.274 (   514      0)
"l_i:comp_init"                                                                                                      -      24576    24576 2.457600e+04   8.903900e+06   362.376 ( 17673      0)   362.211 (   514      0)
"l_i:elm_init1"                                                                                                      -      24576    24576 2.457600e+04   2.050672e+06    83.487 ( 23526      0)    83.305 ( 14840      0)
"l_i:PIO:openfile"                                                                                                   -      24576    24576 5.652480e+05   9.040221e+04     4.799 (  7405      0)     2.494 (  3863      0)
"l_i:PIO:pio_inq_dimid_file_dimid"                                                                                   -      24576    24576 1.499136e+06   1.895957e+03     0.097 (  4272      0)     0.006 ( 17668      0)
"l_i:PIO:pio_inq_dimlen_file_dimid"                                                                                  -      24576    24576 8.822784e+06   7.249653e+02     0.053 (   711      0)     0.009 ( 17675      0)
"l_i:PIO:pio_inq_dimlen_file_dimid_offlen"                                                                           -      24576    24576 8.822784e+06   7.232321e+02     0.053 (   718      0)     0.009 ( 17675      0)
"l_i:PIO:pio_inq_varid_file_vdesc"                                                                                   -      24576    24576 1.147699e+07   7.295965e+04    17.813 ( 12800      0)     0.070 (     0      0)
"l_i:PIO:pio_inq_varid_file_vid"                                                                                     -      24576    24576 1.147699e+07   7.295388e+04    17.813 ( 12800      0)     0.055 (     0      0)
"l_i:PIO:get_var_1d_int"                                                                                             -      24576    24576 1.474560e+05   5.059722e+03     0.210 ( 14784      0)     0.188 ( 12449      0)
"l_i:PIO:spio_get_vars_tc"                                                                                           -      24576    24576 4.890624e+06   1.574730e+04     0.854 ( 17999      0)     0.513 ( 13435      0)
"l_i:PIO:closefile"                                                                                                  -      24576    24576 4.915200e+05   1.051786e+03     0.881 (  6732      0)     0.001 ( 14878      0)
"l_i:PIO:PIOc_closefile"                                                                                             -      24576    24576 4.915200e+05   1.051314e+03     0.881 (  6732      0)     0.001 ( 14878      0)
"l_i:PIO:pio_inq_varndims_file_vdesc"                                                                                -      24576    24576 5.431296e+06   1.418438e+03     2.513 (  8186      0)     0.013 ( 23587      0)
"l_i:PIO:pio_inq_varndims_file_vid"                                                                                  -      24576    24576 5.431296e+06   1.417095e+03     2.513 (  8186      0)     0.013 ( 23587      0)
"l_i:PIO:pio_inq_vardimid_file_vdesc"                                                                                -      24576    24576 5.431296e+06   1.656769e+03     0.147 (   709      0)     0.026 ( 17664      0)
"l_i:PIO:pio_inq_vardimid_file_vid"                                                                                  -      24576    24576 5.431296e+06   1.655525e+03     0.147 (   709      0)     0.026 ( 17664      0)
"l_i:PIO:pio_inq_dimname_file_dimid"                                                                                 -      24576    24576 1.953792e+07   1.643162e+03     0.155 (  1026      0)     0.026 ( 17652      0)
"l_i:PIO:initdecomp"                                                                                                 -      24576    24576 6.389760e+05   5.161958e+05    21.342 (     2      0)    20.505 ( 13272      0)
"l_i:PIO:PIOc_initdecomp"                                                                                            -      24576    24576 6.389760e+05   5.161775e+05    21.341 (     2      0)    20.504 ( 13272      0)
"l_i:PIO:box_rearrange_create"                                                                                       -      24576    24576 6.389760e+05   5.022658e+05    20.441 (  4107      0)    20.432 (   514      0)
"l_i:PIO:pio_swapm"                                                                                                  -      24576    24576 7.299072e+06   7.736588e+06   331.789 ( 17596      0)   100.422 (   732      0)
"l_i:PIO:read_darray_1d_double"                                                                                      -      24576    24576 2.015232e+06   2.405228e+06    98.212 ( 17795      0)    90.875 (  6165      0)
"l_i:PIO:PIOc_read_darray"                                                                                           -      24576    24576 5.382144e+06   7.658152e+06   312.372 ( 17580      0)   297.131 ( 12829      0)
"l_i:PIO:read_darray_nc"                                                                                             -      24576    24576 5.382144e+06   3.832384e+05   228.671 (   732      0)     0.000 ( 23741      0)
"l_i:PIO:rearrange_io2comp"                                                                                          -      24576    24576 5.382144e+06   7.269447e+06   312.234 ( 17583      0)    82.263 (   732      0)
"l_i:PIO:pio_inquire_file"                                                                                           -      24576    24576 7.077888e+06   4.001893e+02     0.036 (   710      0)     0.006 ( 17844      0)
"l_i:PIO:pio_inq_ndims_file"                                                                                         -      24576    24576 7.077888e+06   3.986969e+02     0.036 (   710      0)     0.006 ( 17844      0)
"l_i:PIO:read_darray_1d_int"                                                                                         -      24576    24576 1.720320e+05   2.950963e+05    12.037 ( 16867      0)    11.941 (  1604      0)
"l_i:PIO:read_darray_3d_double"                                                                                      -      24576    24576 4.423680e+05   1.821640e+05     7.499 ( 23591      0)     6.800 (  8185      0)
"l_i:PIO:read_darray_3d_int"                                                                                         -      24576    24576 2.457600e+04   6.629682e+03     0.286 ( 17472      0)     0.240 (  4129      0)
"l_i:PIO:read_darray_4d_double"                                                                                      -      24576    24576 3.440640e+05   8.139943e+05    33.165 (  8539      0)    32.601 (  8188      0)
"l_i:PIO:get_var_1d_text"                                                                                            -      24576    24576 4.915200e+04   7.413347e+02     0.080 ( 10792      0)     0.011 (     9      0)
"l_i:PIO:get_var_1d_double"                                                                                          -      24576    24576 3.538944e+06   8.320024e+03     0.409 ( 18028      0)     0.115 ( 13556      0)
"l_i:PIO:get_var_0d_double"                                                                                          -      24576    24576 2.457600e+05   6.365628e+02     0.029 (  4071      0)     0.014 (     3      0)
"l_i:PIO:read_darray_2d_double"                                                                                      -      24576    24576 2.285568e+06   3.940908e+06   160.621 ( 17580      0)   145.462 ( 12829      0)
"l_i:PIO:read_darray_2d_int"                                                                                         -      24576    24576 9.830400e+04   1.414213e+04     0.592 ( 12348      0)     0.530 (  8185      0)
"l_i:gather_1darray_int_total"                                                                                       -      24576    24576 1.228800e+05   3.372491e+04     2.257 (     0      0)     0.829 (     2      0)
"l_i:scatter_1darray_int_total"                                                                                      -      24576    24576 1.228800e+05   5.866638e+04     2.667 (    12      0)     1.298 (     0      0)
"l_i:init_filters"                                                                                                   -      24576    24576 2.457600e+04   9.117951e+00     0.031 ( 19632      0)     0.000 (  6456      0)
"l_i:elm_init2"                                                                                                      -      24576    24576 2.457600e+04   6.819999e+06   277.581 ( 17673      0)   277.437 (   514      0)
"l_i:init_orbd"                                                                                                      -      24576    24576 2.457600e+04   1.225188e+01     0.126 ( 22250      0)     0.000 ( 16020      0)
"l_i:PIO:get_var_0d_int"                                                                                             -      24576    24576 5.160960e+05   7.589716e+03    14.985 ( 12831      0)     0.192 ( 18678      0)
"l_i:PIO:get_var_2d_double"                                                                                          -      24576    24576 2.949120e+05   1.151939e+03     0.050 ( 17676      0)     0.028 (     0      0)
"l_i:PIO:get_var_3d_double"                                                                                          -      24576    24576 9.830400e+04   5.130929e+02     0.031 (    16      0)     0.012 (    46      0)
"l_i:init_accflds"                                                                                                   -      24576    24576 2.457600e+04   2.445467e+01     0.101 ( 12447      0)     0.000 ( 17177      0)
"l_i:init_dyn_subgrid"                                                                                               -      24576    24576 2.457600e+04   1.006237e+03     0.080 (  8239      0)     0.001 ( 18444      0)
"l_i:subgridRest_write-read"                                                                                         -      24576    24576 2.457600e+04   1.089924e+06    44.362 ( 16248      0)    44.332 (   508      0)
"l_i:init_map2gc"                                                                                                    -      24576    24576 2.457600e+04   8.166639e+00     0.020 ( 20334      0)     0.000 ( 12605      0)
"l_i:init_elm_interface_data & pflotran"                                                                             -      24576    24576 2.457600e+04   4.854052e-03     0.000 ( 20519      0)     0.000 ( 22815      0)
"l_i:init_wlog"                                                                                                      -      24576    24576 2.457600e+04   1.835158e-02     0.012 (     0      0)     0.000 ( 17665      0)
"l_i:elm_init3"                                                                                                      -      24576    24576 2.457600e+04   3.355050e-02     0.000 ( 23660      0)     0.000 ( 24244      0)
"CPL:comp_init_cc_rof"                                                                                               -      24576    24576 2.457600e+04   8.131321e+01     0.009 ( 12444      0)     0.001 ( 14841      0)
"r_i:comp_init"                                                                                                      -      24576    24576 2.457600e+04   1.532025e+00     0.001 ( 12452      0)     0.000 (     0      0)
"CPL:comp_init_cc_ocn"                                                                                               -      24576    24576 2.457600e+04   1.323636e+06    53.915 (  3863      0)    53.845 (   514      0)
"o_i:comp_init"                                                                                                      -      24576    24576 2.457600e+04   1.323388e+06    53.914 (  3863      0)    53.775 (  2319      0)
"o_i:docn_readnml"                                                                                                   -      24576    24576 2.457600e+04   2.671867e+04     1.197 ( 24171      0)     0.561 (     0      0)
"o_i:DOCN_INIT"                                                                                                      -      24576    24576 2.457600e+04   1.296598e+06    53.201 (     7      0)    52.587 ( 18414      0)
"o_i:docn_strdata_init"                                                                                              -      24576    24576 2.457600e+04   1.136948e+06    46.825 (     0      0)    45.942 (  8416      0)
"o_i:PIO:initdecomp"                                                                                                 -      24576    24576 7.372800e+04   4.408996e+04     1.861 (     3      0)     1.722 (     0      0)
"o_i:PIO:PIOc_initdecomp"                                                                                            -      24576    24576 7.372800e+04   4.408969e+04     1.861 (     3      0)     1.722 (     0      0)
"o_i:PIO:box_rearrange_create"                                                                                       -      24576    24576 7.372800e+04   4.226720e+04     1.720 (  6622      0)     1.719 (   507      0)
"o_i:PIO:pio_swapm"                                                                                                  -      24576    24576 2.703360e+05   4.192439e+04     1.867 ( 15678      0)     1.420 (  2868      0)
"o_i:docn_initgsmaps"                                                                                                -      24576    24576 2.457600e+04   2.672070e+01     0.002 ( 21330      0)     0.001 (  8420      0)
"o_i:docn_initmctdom"                                                                                                -      24576    24576 2.457600e+04   8.241966e+00     0.076 ( 14836      0)     0.000 (  7292      0)
"o_i:docn_initmctavs"                                                                                                -      24576    24576 2.457600e+04   7.610209e+00     0.125 ( 17665      0)     0.000 ( 15650      0)
"o_i:DOCN_RUN"                                                                                                       -      24576    24576 2.457600e+04   1.596046e+05     6.775 (  8416      0)     6.307 (  2411      0)
"o_i:docn_run1"                                                                                                      -      24576    24576 2.457600e+04   2.403243e-02     0.000 ( 14004      0)     0.000 (  1078      0)
"o_i:docn"                                                                                                           -      24576    24576 2.457600e+04   1.596043e+05     6.775 (  8416      0)     6.307 (  2411      0)
"o_i:docn_strdata_advance"                                                                                           -      24576    24576 2.457600e+04   1.595996e+05     6.775 (  8416      0)     6.307 (  2411      0)
"o_i:docn_strd_adv_total"                                                                                            -      24576    24576 2.457600e+04   1.595995e+05     6.775 (  8416      0)     6.307 (  2411      0)
"o_i:docn_strd_adv_readLBUB"                                                                                         -      24576    24576 2.457600e+04   1.583974e+05     6.738 (  8412      0)     6.285 (     1      0)
"o_i:docn_readLBUB_setup"                                                                                            -      24576    24576 2.457600e+04   8.866964e-03     0.000 ( 14832      0)     0.000 ( 19932      0)
"o_i:docn_readLBUB_fbound"                                                                                           -      24576    24576 2.457600e+04   5.889379e+00     5.886 (     0      0)     0.000 (  7445      0)
"o_i:docn_readLBUB_bcast"                                                                                            -      24576    24576 2.457600e+04   1.479660e+05     6.295 (  7407      0)     0.000 (     0      0)
"o_i:docn_readLBUB_LB_setup"                                                                                         -      24576    24576 2.457600e+04   1.815435e-01     0.000 (  9929      0)     0.000 ( 17119      0)
"o_i:docn_readLBUB_LB_readpio"                                                                                       -      24576    24576 2.457600e+04   8.490804e+03     0.395 (  7226      0)     0.309 (    15      0)
"o_i:PIO:openfile"                                                                                                   -      24576    24576 2.457600e+04   6.881681e+03     0.300 (     0      0)     0.192 (  1487      0)
"o_i:PIO:pio_inq_varid_file_vdesc"                                                                                   -      24576    24576 9.830400e+04   1.504944e+02     0.071 ( 13919      0)     0.000 ( 13709      0)
"o_i:PIO:pio_inq_varid_file_vid"                                                                                     -      24576    24576 9.830400e+04   1.504501e+02     0.071 ( 13919      0)     0.000 ( 13709      0)
"o_i:PIO:pio_inq_varndims_file_vdesc"                                                                                -      24576    24576 4.915200e+04   2.186560e+01     0.054 ( 13561      0)     0.000 ( 13599      0)
"o_i:PIO:pio_inq_varndims_file_vid"                                                                                  -      24576    24576 4.915200e+04   2.183644e+01     0.054 ( 13561      0)     0.000 ( 13599      0)
"o_i:PIO:pio_inq_vardimid_file_vdesc"                                                                                -      24576    24576 4.915200e+04   2.327448e+01     0.001 (  7911      0)     0.001 ( 17179      0)
"o_i:PIO:pio_inq_vardimid_file_vid"                                                                                  -      24576    24576 4.915200e+04   2.325136e+01     0.001 (  7911      0)     0.001 ( 17179      0)
"o_i:PIO:pio_inq_dimlen_file_dimid"                                                                                  -      24576    24576 1.474560e+05   1.431745e+01     0.001 (  7861      0)     0.000 ( 17608      0)
"o_i:PIO:pio_inq_dimlen_file_dimid_offlen"                                                                           -      24576    24576 1.474560e+05   1.427318e+01     0.001 (  7868      0)     0.000 ( 17608      0)
"o_i:PIO:pio_inq_vartype_file_vdesc"                                                                                 -      24576    24576 4.915200e+04   1.261633e+01     0.001 (    10      0)     0.000 ( 23959      0)
"o_i:PIO:pio_inq_vartype_file_vid"                                                                                   -      24576    24576 4.915200e+04   1.259216e+01     0.001 (    10      0)     0.000 ( 23959      0)
"o_i:PIO:read_darray_1d_real"                                                                                        -      24576    24576 4.915200e+04   2.456832e+03     0.176 (  2532      0)     0.036 (  1877      0)
"o_i:PIO:PIOc_read_darray"                                                                                           -      24576    24576 4.915200e+04   2.456673e+03     0.176 (  2532      0)     0.036 (  1877      0)
"o_i:PIO:read_darray_nc"                                                                                             -      24576    24576 4.915200e+04   1.518667e+02     0.169 (  2232      0)     0.000 ( 20742      0)
"o_i:PIO:rearrange_io2comp"                                                                                          -      24576    24576 4.915200e+04   2.214645e+03     0.170 (  3231      0)     0.002 ( 10800      0)
"o_i:docn_readLBUB_UB_setup"                                                                                         -      24576    24576 2.457600e+04   1.816419e-02     0.000 (     0      0)     0.000 ( 23279      0)
"o_i:docn_readLBUB_UB_readpio"                                                                                       -      24576    24576 2.457600e+04   1.932385e+03     0.138 ( 22434      0)     0.020 (  2617      0)
"o_i:docn_readLBUB_filemgt"                                                                                          -      24576    24576 2.457600e+04   4.936848e-03     0.000 (  4936      0)     0.000 (   465      0)
"o_i:docn_strd_adv_fill"                                                                                             -      24576    24576 2.457600e+04   8.534934e+00     0.048 (  5183      0)     0.000 (  6456      0)
"o_i:docn_strd_adv_map"                                                                                              -      24576    24576 2.457600e+04   1.190460e+03     0.083 (  2541      0)     0.000 ( 20567      0)
"o_i:docn_strd_adv_tint"                                                                                             -      24576    24576 2.457600e+04   2.244027e+00     0.053 (  3861      0)     0.000 (   984      0)
"o_i:docn_scatter"                                                                                                   -      24576    24576 2.457600e+04   3.530480e+00     0.000 ( 14837      0)     0.000 ( 23348      0)
"o_i:docn_datamode"                                                                                                  -      24576    24576 2.457600e+04   7.588110e-01     0.021 (  6163      0)     0.000 (  9427      0)
"o_i:docn_run2"                                                                                                      -      24576    24576 2.457600e+04   1.846828e-01     0.013 ( 19634      0)     0.000 ( 18883      0)
"CPL:comp_init_cc_ice"                                                                                               -      24576    24576 2.457600e+04   1.901879e+06    77.459 ( 22366      0)    77.307 (  6159      0)
"i_i:comp_init"                                                                                                      -      24576    24576 2.457600e+04   1.899218e+06    77.457 ( 17039      0)    77.141 (   514      0)
"i_i:cice_init"                                                                                                      -      24576    24576 2.457600e+04   2.782161e+05    11.391 (    12      0)    11.245 ( 10789      0)
"i_i:ice_HaloUpdate2DR8"                                                                                             -      24576    24576 9.830400e+04   1.657416e+02     0.620 (     1      0)     0.000 ( 24039      0)
"i_i:ice_HU2DR8_init"                                                                                                -      24576    24576 9.830400e+04   5.305072e-02     0.000 (  6367      0)     0.000 ( 17859      0)
"i_i:state_bound_h1"                                                                                                 -      24576    24576 2.457600e+04   1.302380e+01     0.061 ( 12443      0)     0.000 ( 18728      0)
"i_i:ice_HaloUpdate3DR8"                                                                                             -      24576    24576 1.228800e+05   1.181851e+01     0.061 ( 12443      0)     0.000 (  1969      0)
"i_i:ice_HU3DR8_init"                                                                                                -      24576    24576 1.228800e+05   4.293871e-01     0.001 ( 20329      0)     0.000 (  6859      0)
"i_i:ice_HU3DR8_recvall"                                                                                             -      24576    24576 1.228800e+05   3.043214e+00     0.061 ( 12443      0)     0.000 ( 12298      0)
"i_i:state_bound_hm"                                                                                                 -      24576    24576 2.457600e+04   8.608285e-02     0.000 ( 10607      0)     0.000 ( 15049      0)
"i_i:state_bound_hc"                                                                                                 -      24576    24576 2.457600e+04   4.181637e-01     0.000 ( 11531      0)     0.000 ( 11604      0)
"i_i:state_bound_h2"                                                                                                 -      24576    24576 2.457600e+04   5.345625e+00     0.059 ( 17678      0)     0.000 (  2411      0)
"i_i:ice_HaloUpdate4DR8"                                                                                             -      24576    24576 2.457600e+04   2.012053e+00     0.059 ( 17677      0)     0.000 ( 10787      0)
"i_i:ice_HU4DR8_init"                                                                                                -      24576    24576 2.457600e+04   3.678830e-01     0.001 (  7782      0)     0.000 ( 16992      0)
"i_i:ice_HU4DR8_recvall"                                                                                             -      24576    24576 2.457600e+04   1.721640e-01     0.059 ( 17677      0)     0.000 (  8327      0)
"i_i:state_bound_hd"                                                                                                 -      24576    24576 2.457600e+04   1.313447e-02     0.000 (  9331      0)     0.000 (  2700      0)
"i_i:cice_mct_init"                                                                                                  -      24576    24576 2.457600e+04   1.620967e+06    66.136 ( 22354      0)    65.758 (  1028      0)
"i_i:PIO:initdecomp"                                                                                                 -      24576    24576 7.372800e+04   4.393680e+04    28.192 (     8      0)     1.729 (  4584      0)
"i_i:PIO:PIOc_initdecomp"                                                                                            -      24576    24576 7.372800e+04   4.393647e+04    28.192 (     8      0)     1.729 (  4584      0)
"i_i:PIO:box_rearrange_create"                                                                                       -      24576    24576 7.372800e+04   4.244406e+04     1.728 (     8      0)     1.727 (   507      0)
"i_i:PIO:pio_swapm"                                                                                                  -      24576    24576 2.211840e+05   3.985304e+04     1.721 ( 12768      0)     1.427 (   506      0)
"CPL:comp_init_cc_glc"                                                                                               -      24576    24576 2.457600e+04   6.461321e+01     0.004 ( 10104      0)     0.001 ( 15571      0)
"g_i:comp_init"                                                                                                      -      24576    24576 2.457600e+04   3.333108e-02     0.000 ( 18586      0)     0.000 ( 15088      0)
"CPL:comp_init_cc_wav"                                                                                               -      24576    24576 2.457600e+04   5.990275e+01     0.004 (   386      0)     0.001 ( 20724      0)
"w_i:comp_init"                                                                                                      -      24576    24576 2.457600e+04   1.748699e-02     0.000 (  2472      0)     0.000 ( 17598      0)
"CPL:comp_init_cc_esp"                                                                                               -      24576    24576 2.457600e+04   5.119886e+01     0.003 (  9588      0)     0.000 (  4364      0)
"e_i:comp_init"                                                                                                      -      24576    24576 2.457600e+04   1.767589e-02     0.000 (   425      0)     0.000 ( 19185      0)
"CPL:comp_init_cx_all"                                                                                               -      24576    24576 2.457600e+04   9.613957e+03     0.442 (     1      0)     0.324 ( 22356      0)
"CPL:comp_list_all"                                                                                                  -      24576    24576 2.457600e+04   8.861604e-01     0.014 ( 12451      0)     0.000 (  6876      0)
"CPL:init_maps"                                                                                                      -      24576    24576 2.457600e+04   1.052532e+03     0.115 ( 20335      0)     0.035 (   326      0)
"CPL:init_aream"                                                                                                     -      24576    24576 2.457600e+04   6.631972e+01     0.075 (  5960      0)     0.000 ( 12836      0)
"CPL:init_domain_check"                                                                                              -      24576    24576 2.457600e+04   2.006950e+03     0.091 (   742      0)     0.008 ( 10792      0)
"CPL:init_areacor"                                                                                                   -      24576    24576 2.457600e+04   1.492973e+03     0.061 (  6204      0)     0.060 (  4747      0)
"CPL:init_fracs"                                                                                                     -      24576    24576 2.457600e+04   5.054693e+01     0.013 (     0      0)     0.001 ( 17109      0)
"CPL:init_aoflux"                                                                                                    -      24576    24576 2.457600e+04   4.918990e+00     0.008 ( 23673      0)     0.000 ( 16616      0)
"CPL:init_atminit"                                                                                                   -      24576    24576 1.474560e+05   7.766524e+01     0.019 (   931      0)     0.002 (  9150      0)
"CPL:comp_init_cc_atm2"                                                                                              -      24576    24576 2.457600e+04   5.228583e+02     0.024 (  5653      0)     0.004 ( 23674      0)
"CPL:init_readrestart"                                                                                               -      24576    24576 2.457600e+04   5.804110e+00     0.035 ( 14835      0)     0.000 (  6350      0)
"CPL:cime_run_init"                                                                                                  -      24576    24576 2.457600e+04   8.003898e+00     0.042 (     0      0)     0.000 ( 11447      0)
"CPL:INIT_sync1_tprf"                                                                                                -      24576    24576 2.457600e+04   1.059510e+03     0.044 (  3057      0)     0.000 (     0      0)
"CPL:INIT_t_prf"                                                                                                     -      24576    24576 2.457600e+04   7.438910e+00     0.081 (     0      0)     0.000 (  7903      0)
"CPL:INIT_sync2_tprf"                                                                                                -      24576    24576 2.457600e+04   1.975531e+03     0.081 (  7903      0)     0.000 (     0      0)
"CPL:RUN_LOOP_BSTART"                                                                                                -      24576    24576 2.457600e+04   1.237544e+00     0.000 (  1915      0)     0.000 ( 15120      0)
"CPL:RUN_LOOP"                                                                                                       -      24576    24576 1.061683e+07   5.270557e+06   214.463 (  1883      0)   214.407 (   514      0)
"CPL:CLOCK_ADVANCE"                                                                                                  -      24576    24576 1.061683e+07   8.972524e+02     0.041 ( 17934      0)     0.035 (  7562      0)
"CPL:RUN"                                                                                                            -      24576    24576 1.273774e+08   5.655046e+04     4.060 (  2467      0)     1.216 ( 13702      0)
"CPL:OCNPRE1"                                                                                                        -      24576    24576 1.061683e+07   3.737505e+03     0.175 (  2013      0)     0.140 ( 19715      0)
"CPL:ocnpre1_atm2ocn"                                                                                                -      24576    24576 1.061683e+07   3.729527e+03     0.175 (  2013      0)     0.140 ( 19715      0)
"CPL:LNDPREP"                                                                                                        -      24576    24576 1.061683e+07   1.641665e+03     0.094 ( 23623      0)     0.047 ( 21141      0)
"CPL:lndprep_atm2lnd"                                                                                                -      24576    24576 1.061683e+07   1.393623e+03     0.083 ( 23623      0)     0.043 ( 21141      0)
"CPL:lndprep_mrgx2l"                                                                                                 -      24576    24576 1.061683e+07   2.289986e+02     0.014 ( 23310      0)     0.002 ( 10926      0)
"CPL:COMM"                                                                                                           -      24576    24576 7.429325e+07   2.137765e+05    13.660 ( 12202      0)     4.340 ( 19140      0)
"CPL:C2L"                                                                                                            -      24576    24576 1.061683e+07   8.699682e+03     0.397 ( 24530      0)     0.260 (     0      0)
"CPL:c2l_lndx2lndl"                                                                                                  -      24576    24576 1.061683e+07   4.375757e+03     0.220 (  3508      0)     0.101 ( 17030      0)
"CPL:c2l_infoexch"                                                                                                   -      24576    24576 1.061683e+07   4.307601e+03     0.282 ( 20468      0)     0.066 (    10      0)
"CPL:ICEPREP"                                                                                                        -      24576    24576 1.061683e+07   1.632725e+03     0.088 (  7223      0)     0.062 ( 23479      0)
"CPL:iceprep_ocn2ice"                                                                                                -      24576    24576 1.061683e+07   3.531091e+02     0.022 (  7223      0)     0.013 (   456      0)
"CPL:iceprep_atm2ice"                                                                                                -      24576    24576 1.061683e+07   4.859451e+02     0.026 ( 15190      0)     0.018 ( 17024      0)
"CPL:iceprep_mrgx2i"                                                                                                 -      24576    24576 1.061683e+07   7.504979e+02     0.041 (  7223      0)     0.029 (  7792      0)
"CPL:C2I"                                                                                                            -      24576    24576 1.061683e+07   3.900482e+03     0.186 ( 21310      0)     0.135 ( 15190      0)
"CPL:c2i_icex2icei"                                                                                                  -      24576    24576 1.061683e+07   5.169759e+02     0.029 ( 16214      0)     0.019 ( 11206      0)
"CPL:ice_infoexch"                                                                                                   -      24576    24576 1.061683e+07   3.372210e+03     0.166 ( 21310      0)     0.107 ( 16214      0)
"CPL:ICE_RUN"                                                                                                        -      24576    24576 1.061683e+07   7.709770e+04     3.880 ( 19614      0)     2.984 ( 23499      0)
"i:cice_run_total"                                                                                                   -      24576    24576 1.061683e+07   7.591696e+04     3.830 ( 19614      0)     2.936 ( 23499      0)
"i:cice_run_import"                                                                                                  -      24576    24576 1.061683e+07   2.118934e+03     0.111 (  9784      0)     0.079 (  7090      0)
"i:cice_imp_ocn"                                                                                                     -      24576    24576 1.061683e+07   2.239459e+02     0.011 ( 23840      0)     0.008 ( 14335      0)
"i:cice_imp_atm"                                                                                                     -      24576    24576 1.061683e+07   1.968416e+02     0.014 (  7470      0)     0.008 (  3080      0)
"i:cice_run_initmd"                                                                                                  -      24576    24576 1.061683e+07   4.105525e+04     1.771 (     6      0)     1.610 ( 10168      0)
"i:cice_run_presc"                                                                                                   -      24576    24576 1.061683e+07   1.270927e+04     0.570 ( 24536      0)     0.314 ( 16381      0)
"i:cice_pice_strd_adv_total"                                                                                         -      24576    24576 1.061683e+07   1.034224e+04     0.461 ( 21480      0)     0.226 ( 22788      0)
"i:cice_pice_strd_adv_readLBUB"                                                                                      -      24576    24576 1.061683e+07   6.539339e+03     0.446 (  4878      0)     0.218 (  4069      0)
"i:cice_pice_readLBUB_setup"                                                                                         -      24576    24576 1.061683e+07   3.247879e+00     0.000 ( 19992      0)     0.000 (   162      0)
"i:cice_pice_readLBUB_fbound"                                                                                        -      24576    24576 4.915200e+04   9.197067e-03     0.004 (     0      0)     0.000 ( 12118      0)
"i:cice_pice_readLBUB_bcast"                                                                                         -      24576    24576 4.915200e+04   1.117790e+02     0.005 ( 12541      0)     0.000 (     0      0)
"i:cice_pice_readLBUB_LB_setup"                                                                                      -      24576    24576 2.457600e+04   7.407173e-03     0.000 (     0      0)     0.000 ( 13670      0)
"i:cice_pice_readLBUB_LB_readpio"                                                                                    -      24576    24576 2.457600e+04   2.146547e+03     0.168 (   624      0)     0.052 ( 20738      0)
"i:PIO:openfile"                                                                                                     -      24576    24576 2.457600e+04   8.223093e+02     0.034 (     0      0)     0.033 (     1      0)
"i:PIO:pio_inq_varid_file_vdesc"                                                                                     -      24576    24576 1.474560e+05   3.019190e+02     0.058 (  8013      0)     0.000 (  2297      0)
"i:PIO:pio_inq_varid_file_vid"                                                                                       -      24576    24576 1.474560e+05   3.018602e+02     0.058 (  8013      0)     0.000 ( 17303      0)
"i:PIO:pio_inq_varndims_file_vdesc"                                                                                  -      24576    24576 7.372800e+04   4.911284e+01     0.042 (  7646      0)     0.000 ( 12541      0)
"i:PIO:pio_inq_varndims_file_vid"                                                                                    -      24576    24576 7.372800e+04   4.907280e+01     0.042 (  7655      0)     0.000 ( 12541      0)
"i:PIO:pio_inq_vardimid_file_vdesc"                                                                                  -      24576    24576 7.372800e+04   4.241627e+01     0.002 (  7912      0)     0.001 ( 12551      0)
"i:PIO:pio_inq_vardimid_file_vid"                                                                                    -      24576    24576 7.372800e+04   4.238384e+01     0.002 (  7912      0)     0.001 ( 12551      0)
"i:PIO:pio_inq_dimlen_file_dimid"                                                                                    -      24576    24576 2.211840e+05   2.564094e+01     0.001 (  7897      0)     0.001 ( 17969      0)
"i:PIO:pio_inq_dimlen_file_dimid_offlen"                                                                             -      24576    24576 2.211840e+05   2.557781e+01     0.001 (  7902      0)     0.001 ( 17971      0)
"i:PIO:pio_inq_vartype_file_vdesc"                                                                                   -      24576    24576 7.372800e+04   2.381291e+01     0.002 (     5      0)     0.000 ( 18395      0)
"i:PIO:pio_inq_vartype_file_vid"                                                                                     -      24576    24576 7.372800e+04   2.378013e+01     0.002 (     5      0)     0.000 ( 18395      0)
"i:PIO:read_darray_1d_real"                                                                                          -      24576    24576 7.372800e+04   4.190787e+03     0.356 (  3444      0)     0.071 ( 10208      0)
"i:PIO:PIOc_read_darray"                                                                                             -      24576    24576 7.372800e+04   4.190591e+03     0.356 (  3444      0)     0.071 ( 10208      0)
"i:PIO:read_darray_nc"                                                                                               -      24576    24576 7.372800e+04   2.583560e+02     0.352 (  3444      0)     0.000 (  9371      0)
"i:PIO:rearrange_io2comp"                                                                                            -      24576    24576 7.372800e+04   3.882717e+03     0.345 (  4878      0)     0.002 (     0      0)
"i:PIO:pio_swapm"                                                                                                    -      24576    24576 7.372800e+04   3.877045e+03     0.345 (  4878      0)     0.001 (     0      0)
"i:cice_pice_readLBUB_UB_setup"                                                                                      -      24576    24576 4.915200e+04   2.132297e-02     0.000 (     0      0)     0.000 ( 22182      0)
"i:cice_pice_readLBUB_UB_readpio"                                                                                    -      24576    24576 4.915200e+04   4.247984e+03     0.338 (  4779      0)     0.079 ( 12062      0)
"i:cice_pice_readLBUB_filemgt"                                                                                       -      24576    24576 1.061683e+07   1.833226e+00     0.000 (  1285      0)     0.000 (  5857      0)
"i:cice_pice_strd_adv_map"                                                                                           -      24576    24576 4.915200e+04   3.663573e+03     0.236 (  4076      0)     0.001 (  8166      0)
"i:cice_pice_strd_adv_tint"                                                                                          -      24576    24576 1.061683e+07   9.915011e+01     0.006 ( 11472      0)     0.004 (  3402      0)
"i:cice_run_initflux"                                                                                                -      24576    24576 1.061683e+07   9.273400e+01     0.004 ( 19259      0)     0.004 ( 17705      0)
"i:cice_run_prepradiation"                                                                                           -      24576    24576 1.061683e+07   7.807019e+01     0.008 ( 19478      0)     0.003 (  8698      0)
"i:cice_run_therm1"                                                                                                  -      24576    24576 1.061683e+07   2.847145e+03     0.413 ( 17445      0)     0.097 (  8039      0)
"i:cice_run_dyn"                                                                                                     -      24576    24576 1.061683e+07   8.543151e-01     0.000 ( 14070      0)     0.000 ( 19807      0)
"i:cice_run_radiation"                                                                                               -      24576    24576 1.061683e+07   1.927368e+03     0.674 ( 19710      0)     0.048 ( 22413      0)
"i:cice_step_radiationib"                                                                                            -      24576    24576 1.061683e+07   1.683202e+03     0.665 ( 19710      0)     0.040 ( 22413      0)
"i:cice_step_rib_swdedd1"                                                                                            -      24576    24576 1.061683e+07   1.775834e+02     0.011 (  4657      0)     0.003 (  7481      0)
"i:cice_step_rib_swdedd2"                                                                                            -      24576    24576 1.061683e+07   1.390701e+02     0.007 ( 19489      0)     0.005 (  3430      0)
"i:cice_step_rib_swdedd7"                                                                                            -      24576    24576 1.061683e+07   1.240326e+03     0.644 ( 19710      0)     0.024 ( 22481      0)
"i:cice_run_couplingprep"                                                                                            -      24576    24576 1.061683e+07   2.590767e+03     0.890 ( 19699      0)     0.045 ( 22174      0)
"i:ice_HaloUpdate2DR8"                                                                                               -      24576    24576 1.061683e+07   1.555361e+03     0.848 ( 19699      0)     0.005 (  7959      0)
"i:ice_HU2DR8_init"                                                                                                  -      24576    24576 1.061683e+07   6.586359e+00     0.001 ( 15077      0)     0.000 ( 21634      0)
"i:cice_run_diag"                                                                                                    -      24576    24576 1.061683e+07   1.025504e+04     0.525 (  8097      0)     0.361 ( 19698      0)
"i:cice_run_hist"                                                                                                    -      24576    24576 1.061683e+07   1.371499e+03     0.071 ( 15180      0)     0.040 ( 18678      0)
"i:cice_run_accum"                                                                                                   -      24576    24576 1.061683e+07   5.734691e+01     0.003 ( 22452      0)     0.002 ( 18130      0)
"i:cice_run_export"                                                                                                  -      24576    24576 1.061683e+07   6.475206e+02     0.040 ( 17705      0)     0.024 (  5663      0)
"CPL:LND_RUN"                                                                                                        -      24576    24576 1.061683e+07   4.044783e+05    19.307 ( 22438      0)    13.965 ( 24208      0)
"l:lc_lnd_import"                                                                                                    -      24576    24576 1.061683e+07   6.127169e+02     0.033 (  8808      0)     0.021 ( 22366      0)
"l:elm_run"                                                                                                          -      24576    24576 1.064141e+07   4.026741e+05    19.232 ( 22438      0)    13.891 ( 24208      0)
"l:shr_orb_decl"                                                                                                     -      24576    24576 1.064141e+07   8.620512e+00     0.000 (  5646      0)     0.000 (  6184      0)
"l:decomp_vert"                                                                                                      -      24576    24576 1.064141e+07   6.278274e+01     0.050 ( 23671      0)     0.001 (  2136      0)
"l:beggridwbal"                                                                                                      -      24576    24576 1.064141e+07   1.663789e+03     0.120 (  4754      0)     0.055 ( 17477      0)
"l:cnpinit"                                                                                                          -      24576    24576 1.064141e+07   9.499095e+00     0.051 ( 22256      0)     0.000 (  3457      0)
"l:cnpvegsumm"                                                                                                       -      24576    24576 1.064141e+07   1.073321e+00     0.000 (  8548      0)     0.000 ( 18916      0)
"l:dyn_subgrid"                                                                                                      -      24576    24576 1.064141e+07   1.002158e+04     0.575 ( 17668      0)     0.343 ( 13244      0)
"l:begwbal"                                                                                                          -      24576    24576 1.064141e+07   1.727123e+02     0.078 (  1592      0)     0.005 ( 11784      0)
"l:begcnpbal"                                                                                                        -      24576    24576 1.064141e+07   8.046504e-01     0.000 (  1225      0)     0.000 (  8026      0)
"l:drvinit"                                                                                                          -      24576    24576 1.064141e+07   1.094469e+03     0.069 ( 20331      0)     0.039 ( 18010      0)
"l:canhydro"                                                                                                         -      24576    24576 1.064141e+07   1.726931e+03     0.139 (  9782      0)     0.049 ( 17789      0)
"l:surfrad"                                                                                                          -      24576    24576 1.064141e+07   3.680539e+03     0.210 ( 14837      0)     0.126 ( 17350      0)
"l:bgp1"                                                                                                             -      24576    24576 1.064141e+07   2.096669e+03     0.152 (  7315      0)     0.059 ( 17789      0)
"l:bgflux"                                                                                                           -      24576    24576 1.064141e+07   2.582269e+03     0.156 (  4785      0)     0.062 (  7312      0)
"l:canflux"                                                                                                          -      24576    24576 1.064141e+07   1.014017e+05     6.344 ( 20138      0)     2.445 ( 12404      0)
"l:can_iter"                                                                                                         -      24576    24576 1.064141e+07   8.305735e+04     5.490 ( 20138      0)     1.848 ( 12404      0)
"l:uflux"                                                                                                            -      24576    24576 1.064141e+07   1.449215e+03     0.147 ( 24300      0)     0.013 ( 17477      0)
"l:bgplake"                                                                                                          -      24576    24576 1.064141e+07   7.697874e+03     0.484 (  1509      0)     0.191 ( 13236      0)
"l:bgc"                                                                                                              -      24576    24576 1.064141e+07   5.550114e+03     0.301 (  3392      0)     0.169 ( 12402      0)
"l:soiltemperature"                                                                                                  -      24576    24576 1.064141e+07   6.255480e+04     3.153 (  2179      0)     2.101 ( 23810      0)
"l:SoilThermProp"                                                                                                    -      24576    24576 1.064141e+07   3.312184e+03     0.211 (  3076      0)     0.087 ( 16085      0)
"l:SoilTempBandDiag"                                                                                                 -      24576    24576 2.128282e+07   6.681708e+03     0.466 (  3303      0)     0.184 (   515      0)
"l:PhaseChangeH2osfc"                                                                                                -      24576    24576 1.064141e+07   4.019485e+01     0.005 (  2132      0)     0.001 ( 18586      0)
"l:PhaseChangebeta"                                                                                                  -      24576    24576 1.064141e+07   1.334749e+03     0.103 (  5926      0)     0.027 ( 19683      0)
"l:bgp2"                                                                                                             -      24576    24576 1.064141e+07   2.665992e+03     0.156 ( 22801      0)     0.079 ( 16085      0)
"l:bgp2_loop_1"                                                                                                      -      24576    24576 1.064141e+07   4.198162e+02     0.030 (  9782      0)     0.013 ( 17694      0)
"l:bgp2_loop_2"                                                                                                      -      24576    24576 1.064141e+07   7.769734e+02     0.045 (  1280      0)     0.024 ( 11542      0)
"l:bgp2_loop_3"                                                                                                      -      24576    24576 1.064141e+07   1.132313e+03     0.069 ( 22801      0)     0.030 ( 24208      0)
"l:bgp2_loop_4"                                                                                                      -      24576    24576 1.064141e+07   2.922893e+02     0.020 ( 23302      0)     0.009 ( 17902      0)
"l:patch2col"                                                                                                        -      24576    24576 1.064141e+07   1.419584e+03     0.096 ( 22251      0)     0.043 ( 17789      0)
"l:hydro without drainage"                                                                                           -      24576    24576 1.064141e+07   1.949377e+04     1.411 (  7315      0)     0.592 ( 13766      0)
"l:hylake"                                                                                                           -      24576    24576 1.064141e+07   1.982518e+03     0.195 (   752      0)     0.057 ( 14381      0)
"l:snow_init"                                                                                                        -      24576    24576 1.064141e+07   1.546969e+02     0.017 (  4741      0)     0.003 (   516      0)
"l:ecosysdyn"                                                                                                        -      24576    24576 1.064141e+07   4.995888e+02     0.026 ( 24300      0)     0.016 ( 11542      0)
"l:depvel"                                                                                                           -      24576    24576 2.128282e+07   8.501192e+00     0.004 ( 24205      0)     0.000 ( 11227      0)
"l:hydro2 drainage"                                                                                                  -      24576    24576 1.064141e+07   1.496412e+03     0.097 ( 24300      0)     0.041 ( 13244      0)
"l:balchk"                                                                                                           -      24576    24576 1.064141e+07   1.993708e+03     0.100 (  1527      0)     0.069 ( 23810      0)
"l:gridbalchk"                                                                                                       -      24576    24576 1.064141e+07   1.095658e+03     0.052 (  2727      0)     0.038 ( 23810      0)
"l:lnd2atm"                                                                                                          -      24576    24576 1.064141e+07   9.836823e+03     0.494 ( 10736      0)     0.293 ( 24209      0)
"l:wrtdiag"                                                                                                          -      24576    24576 1.064141e+07   1.012450e+02     0.017 (     0      0)     0.003 ( 19304      0)
"l:hbuf"                                                                                                             -      24576    24576 1.064141e+07   3.102615e+04     1.453 (  1280      0)     1.107 ( 23810      0)
"l:elm_drv_io"                                                                                                       -      24576    24576 1.064141e+07   3.597768e+01     0.030 ( 14843      0)     0.001 ( 17870      0)
"l:elm_drv_io_htapes"                                                                                                -      24576    24576 1.064141e+07   2.853474e+01     0.030 ( 14843      0)     0.001 ( 19052      0)
"l:lc_lnd_export"                                                                                                    -      24576    24576 1.064141e+07   2.971228e+02     0.014 (  2856      0)     0.011 ( 13648      0)
"l:lc_elm2_adv_timestep"                                                                                             -      24576    24576 1.064141e+07   6.863656e+00     0.001 ( 20152      0)     0.000 ( 21900      0)
"l:accum"                                                                                                            -      24576    24576 1.061683e+07   5.607679e+03     0.274 ( 16214      0)     0.209 ( 20602      0)
"CPL:ATMOCNP"                                                                                                        -      24576    24576 1.061683e+07   4.447397e+03     0.289 (  9669      0)     0.037 ( 22672      0)
"CPL:atmocnp_fluxo"                                                                                                  -      24576    24576 1.061683e+07   3.769586e+03     0.262 (  9669      0)     0.011 ( 22435      0)
"CPL:atmocnp_ocnalb"                                                                                                 -      24576    24576 1.061683e+07   6.543646e+02     0.045 (  7944      0)     0.018 ( 15434      0)
"CPL:L2C"                                                                                                            -      24576    24576 1.061683e+07   2.114068e+04     3.174 (  2251      0)     0.145 ( 24512      0)
"CPL:l2c_lndl2lndx"                                                                                                  -      24576    24576 1.061683e+07   2.109960e+04     3.172 (  2251      0)     0.144 ( 24512      0)
"lnd2cpl_run"                                                                                                        -      24576    24576 1.061683e+07   2.555483e+01     0.001 ( 15464      0)     0.001 (  3126      0)
"CPL:LNDPOST"                                                                                                        -      24576    24576 1.061683e+07   7.473112e+00     0.000 ( 11397      0)     0.000 ( 13734      0)
"CPL:I2C"                                                                                                            -      24576    24576 1.061683e+07   6.245503e+02     0.032 ( 16214      0)     0.024 ( 18442      0)
"CPL:i2c_icei2icex"                                                                                                  -      24576    24576 1.061683e+07   5.963344e+02     0.031 ( 16214      0)     0.022 ( 18442      0)
"CPL:i2c_infoexch"                                                                                                   -      24576    24576 1.061683e+07   1.254147e+01     0.001 (  4182      0)     0.000 (  7804      0)
"CPL:ICEPOST"                                                                                                        -      24576    24576 1.061683e+07   8.826247e-01     0.000 ( 15609      0)     0.000 ( 11883      0)
"CPL:FRACSET"                                                                                                        -      24576    24576 1.061683e+07   1.652583e+03     0.071 ( 18355      0)     0.065 (  7594      0)
"CPL:fracset_fracset"                                                                                                -      24576    24576 1.061683e+07   1.648766e+03     0.071 ( 18355      0)     0.065 (  7774      0)
"CPL:ATMPREP"                                                                                                        -      24576    24576 1.061683e+07   4.331630e+04     3.638 (  2467      0)     0.660 (  4957      0)
"CPL:atmprep_xao2atm"                                                                                                -      24576    24576 1.061683e+07   3.280968e+03     0.152 ( 23753      0)     0.129 ( 13325      0)
"CPL:atmprep_ocn2atm"                                                                                                -      24576    24576 1.061683e+07   2.972671e+03     0.131 ( 16214      0)     0.117 (  5734      0)
"CPL:atmprep_alb2atm"                                                                                                -      24576    24576 1.061683e+07   1.355707e+03     0.075 ( 24536      0)     0.052 ( 23100      0)
"CPL:atmprep_ice2atm"                                                                                                -      24576    24576 1.061683e+07   3.299001e+03     0.150 (  5461      0)     0.130 ( 18465      0)
"CPL:atmprep_lnd2atm"                                                                                                -      24576    24576 1.061683e+07   3.010337e+04     3.101 (  2467      0)     0.130 (  6149      0)
"CPL:atmprep_mrgx2a"                                                                                                 -      24576    24576 1.061683e+07   2.252732e+03     0.109 ( 22897      0)     0.084 (  5732      0)
"CPL:C2A"                                                                                                            -      24576    24576 1.061683e+07   5.374381e+04     4.276 ( 20632      0)     0.801 (  2527      0)
"CPL:c2a_atmx2atmg"                                                                                                  -      24576    24576 1.061683e+07   3.306625e+04     3.750 ( 10634      0)     0.177 (  7358      0)
"CPL:c2a_infoexch"                                                                                                   -      24576    24576 1.061683e+07   2.066298e+04     2.120 ( 16735      0)     0.209 (   727      0)
"CPL:ATM_RUN"                                                                                                        -      24576    24576 1.061683e+07   4.443863e+06   184.709 (  7781      0)   177.893 ( 13314      0)
"a:EAMxx::run"                                                                                                       -      24576    24576 1.061683e+07   4.442574e+06   184.656 (  7781      0)   177.839 ( 13314      0)
"a:PIO:PIOc_sync"                                                                                                    -      24576    24576 2.457600e+04   5.858116e-01     0.000 (  8952      0)     0.000 (  5286      0)
"a:PIO:write_total"                                                                                                  -      24576    24576 2.457600e+04   5.300361e-01     0.000 ( 23040      0)     0.000 (  5286      0)
"a:PIO:flush_output_buffer"                                                                                          -       2048     2048 2.048000e+03   2.237385e-01     0.000 ( 14964      0)     0.000 (    24      0)
"a:EAMxx::EAMxx::run"                                                                                                -      24576    24576 1.061683e+07   4.440743e+06   184.583 (  7781      0)   177.763 ( 13314      0)
"a:EAMxx::EAMxx::run-precondition-checks"                                                                            -      24576    24576 1.061683e+07   4.001605e+00     0.000 (  7129      0)     0.000 (  7861      0)
"a:EAMxx::SurfaceCouplingImporter::run"                                                                              -      24576    24576 1.061683e+07   7.986758e+03     0.457 (     9      0)     0.306 (  7176      0)
"a:EAMxx::SurfaceCouplingImporter::run-precondition-checks"                                                          -      24576    24576 1.061683e+07   1.885307e+00     0.000 (  3950      0)     0.000 ( 20652      0)
"a:EAMxx::SurfaceCouplingImporter::run-postcondition-checks"                                                         -      24576    24576 1.061683e+07   6.922506e+03     0.414 (     9      0)     0.263 (  7176      0)
"a:EAMxx::homme::run"                                                                                                -      24576    24576 1.061683e+07   4.158155e+06   169.517 (     8      0)   169.006 ( 23590      0)
"a:EAMxx::homme::run-precondition-checks"                                                                            -      24576    24576 1.061683e+07   1.806332e+00     0.000 (  9174      0)     0.000 ( 24535      0)
"a:tl-sc prim_run_subcycle_c"                                                                                        -      24576    24576 2.123366e+07   4.030181e+06   164.292 (     9      0)   163.750 ( 13225      0)
"a:tl-s prim_step_flexible"                                                                                          -      24576    24576 2.123366e+07   4.030084e+06   164.288 (     9      0)   163.746 ( 13225      0)
"a:ApplyCAMForcing_tracers"                                                                                          -      24576    24576 1.061683e+07   7.312900e+03     0.432 (  5545      0)     0.225 (  4188      0)
"a:tl-s deep_copy+derived_dp"                                                                                        -      24576    24576 2.123366e+07   1.114195e+03     0.074 (  4761      0)     0.041 (  4938      0)
"a:ApplyCAMForcing_dynamics"                                                                                         -      24576    24576 6.370099e+07   7.068284e+03     0.342 ( 20834      0)     0.268 (  4622      0)
"a:tl-ae prim_advance_exp"                                                                                           -      24576    24576 1.274020e+08   3.154481e+06   133.510 (  8656      0)   125.932 ( 17123      0)
"a:ttype9_imex_timestep"                                                                                             -      24576    24576 1.274020e+08   2.666232e+06   115.151 (  8581      0)   106.150 ( 15490      0)
"a:caar compute"                                                                                                     -      24576    24576 1.274020e+09   6.702214e+05    28.453 (  1375      0)    25.555 (  5448      0)
"a:caar_bexchV"                                                                                                      -      24576    24576 6.370099e+08   5.772457e+05    30.422 (  8634      0)    18.649 ( 12199      0)
"a:caar limiter"                                                                                                     -      24576    24576 7.644119e+08   3.671242e+05    17.813 (  8581      0)    12.961 ( 22594      0)
"a:compute_stage_value_dirk"                                                                                         -      24576    24576 6.370099e+08   1.038557e+06    47.946 (  8581      0)    39.743 ( 23285      0)
"a:tl-ae advance_hypervis_dp"                                                                                        -      24576    24576 1.274020e+08   4.853299e+05    24.441 (  8642      0)    17.406 (  9593      0)
"a:hvf-bhwk"                                                                                                         -      24576    24576 1.274020e+08   2.500192e+05    11.968 (  8642      0)     9.001 (  9590      0)
"a:hvf-bexch"                                                                                                        -      24576    24576 3.822060e+08   2.757138e+05    16.070 (  8642      0)     8.710 (  9593      0)
"a:tl-sc vertical_remap"                                                                                             -      24576    24576 6.370099e+07   1.822604e+05     8.788 (  5464      0)     7.005 ( 23630      0)
"a:Remap Thickness Functor"                                                                                          -      24576    24576 6.370099e+07   6.783574e+03     0.318 ( 16209      0)     0.258 (  5744      0)
"a:Remap Scale States Functor"                                                                                       -      24576    24576 6.370099e+07   3.354915e+03     0.213 ( 23589      0)     0.125 ( 18416      0)
"a:Remap Compute Grids Functor"                                                                                      -      24576    24576 6.370099e+07   1.501407e+04     0.649 ( 22930      0)     0.570 (    10      0)
"a:Remap Compute Remap Functor"                                                                                      -      24576    24576 6.370099e+07   1.170610e+05     6.212 (  5464      0)     4.428 ( 20962      0)
"a:Remap Rescale States Functor"                                                                                     -      24576    24576 6.370099e+07   5.201738e+03     0.309 (  8653      0)     0.181 (  8692      0)
"a:tl-at prim_advec_observe_velocity"                                                                                -      24576    24576 6.370099e+07   2.793486e+02     0.028 (     4      0)     0.010 ( 11735      0)
"a:tl-at prim_advec_tracers_compose"                                                                                 -      24576    24576 2.123366e+07   6.498908e+05    28.664 ( 16949      0)    21.460 (  8582      0)
"a:compose_transport"                                                                                                -      24576    24576 2.123366e+07   6.498310e+05    28.661 ( 16949      0)    21.458 (  8582      0)
"a:compose_calc_trajectory"                                                                                          -      24576    24576 2.123366e+07   4.610811e+04     2.409 ( 11916      0)     1.564 (  5464      0)
"a:compose_3d_levels"                                                                                                -      24576    24576 2.123366e+07   2.364745e+04     1.081 (  5183      0)     0.911 (  4188      0)
"a:compose_v_bexchv"                                                                                                 -      24576    24576 2.123366e+07   2.072556e+04     1.403 ( 11888      0)     0.474 (  5464      0)
"a:compose_v2x"                                                                                                      -      24576    24576 2.123366e+07   1.668520e+03     0.092 ( 16711      0)     0.064 (  5448      0)
"a:compose_isl"                                                                                                      -      24576    24576 2.123366e+07   1.702947e+05    10.091 ( 19450      0)     5.017 (  2850      0)
"a:compose_hypervis_scalar"                                                                                          -      24576    24576 2.123366e+07   1.851511e+05    11.290 ( 19651      0)     5.209 (  8578      0)
"a:compose_cedr_global"                                                                                              -      24576    24576 2.123366e+07   2.174350e+05    12.131 ( 15808      0)     4.654 (  8579      0)
"a:repro_sum_int"                                                                                                    -      24576    24576 2.123366e+07   1.972475e+05    11.300 ( 15808      0)     3.849 (  8579      0)
"a:compose_cedr_local"                                                                                               -      24576    24576 2.123366e+07   8.682377e+03     0.452 (  7592      0)     0.295 (  1113      0)
"a:compose_dss_q"                                                                                                    -      24576    24576 2.123366e+07   2.202016e+04     1.066 ( 22661      0)     0.739 (  8524      0)
"a:compose_vertical_remap"                                                                                           -      24576    24576 2.123366e+07   2.685973e+04     1.426 (  5464      0)     1.027 ( 17018      0)
"a:shr_reprosum_INF_NaN_Chk"                                                                                         -      24576    24576 2.123366e+07   3.760525e+02     0.037 ( 23580      0)     0.015 (  1045      0)
"a:shr_reprosum_int"                                                                                                 -      24576    24576 2.123366e+07   4.503236e+04     2.023 (  8524      0)     1.605 ( 12757      0)
"a:repro_sum_loopa"                                                                                                  -      24576    24576 2.123366e+07   2.018251e+02     0.023 ( 14805      0)     0.008 (   151      0)
"a:repro_sum_allr_minmax"                                                                                            -      24576    24576 2.123366e+07   3.172147e+04     1.470 (  8524      0)     1.079 ( 12191      0)
"a:repro_sum_loopb"                                                                                                  -      24576    24576 2.123366e+07   4.847943e+02     0.043 ( 12368      0)     0.019 (   449      0)
"a:repro_sum_allr_i8"                                                                                                -      24576    24576 2.123366e+07   1.250287e+04     0.525 (  6461      0)     0.458 ( 12453      0)
"a:repro_sum_finalsum"                                                                                               -      24576    24576 2.123366e+07   1.951558e+01     0.004 (  3852      0)     0.001 ( 19863      0)
"a:EAMxx::homme::run-postcondition-checks"                                                                           -      24576    24576 1.061683e+07   9.788595e+03     0.426 ( 22885      0)     0.374 (  7176      0)
"a:EAMxx::physics::run"                                                                                              -      24576    24576 1.061683e+07   2.659496e+05    14.723 (  7781      0)     8.028 ( 13314      0)
"a:EAMxx::physics::run-precondition-checks"                                                                          -      24576    24576 1.061683e+07   2.956282e+00     0.000 (  4126      0)     0.000 (  6920      0)
"a:EAMxx::mac_aero_mic::run"                                                                                         -      24576    24576 1.061683e+07   1.207098e+05     7.193 (  7803      0)     3.959 ( 12378      0)
"a:EAMxx::mac_aero_mic::run-precondition-checks"                                                                     -      24576    24576 1.061683e+07   1.855382e+00     0.000 (  4354      0)     0.000 ( 13313      0)
"a:EAMxx::tms::run"                                                                                                  -      24576    24576 1.061683e+07   1.064246e+03     0.057 ( 24207      0)     0.040 (  7176      0)
"a:EAMxx::tms::run-precondition-checks"                                                                              -      24576    24576 1.061683e+07   1.613944e+00     0.000 ( 20530      0)     0.000 (  1904      0)
"a:EAMxx::tms::run-postcondition-checks"                                                                             -      24576    24576 1.061683e+07   7.453729e+02     0.035 (  2625      0)     0.026 (  7176      0)
"a:EAMxx::shoc::run"                                                                                                 -      24576    24576 1.061683e+07   4.696495e+04     2.288 ( 24571      0)     1.701 ( 12438      0)
"a:EAMxx::shoc::run-precondition-checks"                                                                             -      24576    24576 1.061683e+07   1.678516e+00     0.000 ( 22233      0)     0.000 ( 11676      0)
"a:EAMxx::shoc::run-postcondition-checks"                                                                            -      24576    24576 1.061683e+07   9.451712e+03     0.401 ( 20139      0)     0.359 (  7176      0)
"a:EAMxx::cld_fraction::run"                                                                                         -      24576    24576 1.061683e+07   2.948616e+03     0.151 (  6161      0)     0.112 (  5448      0)
"a:EAMxx::cld_fraction::run-precondition-checks"                                                                     -      24576    24576 1.061683e+07   2.457509e+00     0.000 (  5567      0)     0.000 ( 17523      0)
"a:EAMxx::cld_fraction::run-postcondition-checks"                                                                    -      24576    24576 1.061683e+07   2.609014e+03     0.110 (  4705      0)     0.099 (  5448      0)
"a:EAMxx::spa::run"                                                                                                  -      24576    24576 1.061683e+07   2.195472e+04     0.991 ( 20331      0)     0.675 ( 11364      0)
"a:EAMxx::spa::run-precondition-checks"                                                                              -      24576    24576 1.061683e+07   1.746825e+00     0.000 (  6378      0)     0.000 (  8208      0)
"a:EAMxx::spa::run-postcondition-checks"                                                                             -      24576    24576 1.061683e+07   1.640356e+04     0.715 (  5183      0)     0.451 ( 23038      0)
"a:EAMxx::p3::run"                                                                                                   -      24576    24576 1.061683e+07   4.741491e+04     4.200 ( 10395      0)     1.130 (  9230      0)
"a:EAMxx::p3::run-precondition-checks"                                                                               -      24576    24576 1.061683e+07   9.384576e+02     0.194 ( 14534      0)     0.035 ( 23038      0)
"a:EAMxx::p3::run-postcondition-checks"                                                                              -      24576    24576 1.061683e+07   1.727351e+04     0.750 (  5759      0)     0.519 ( 14534      0)
"a:EAMxx::mac_aero_mic::run-postcondition-checks"                                                                    -      24576    24576 1.061683e+07   2.332254e+00     0.000 (  7148      0)     0.000 (  4641      0)
"a:EAMxx::rrtmgp::run"                                                                                               -      24576    24576 1.061683e+07   1.449259e+05     8.112 (  6161      0)     3.984 ( 13308      0)
"a:EAMxx::rrtmgp::run-precondition-checks"                                                                           -      24576    24576 1.061683e+07   4.303531e+02     0.019 (  9904      0)     0.016 (  5448      0)
"a:EAMxx::rrtmgp::run-postcondition-checks"                                                                          -      24576    24576 1.061683e+07   1.442651e+04     0.660 (  7261      0)     0.533 (  4188      0)
"a:EAMxx::physics::run-postcondition-checks"                                                                         -      24576    24576 1.061683e+07   1.693963e+00     0.000 ( 14837      0)     0.000 (  9418      0)
"a:EAMxx::SurfaceCouplingExporter::run"                                                                              -      24576    24576 1.061683e+07   7.810512e+03     0.366 (  5818      0)     0.291 ( 15434      0)
"a:EAMxx::SurfaceCouplingExporter::run-precondition-checks"                                                          -      24576    24576 1.061683e+07   2.773679e+00     0.000 ( 16452      0)     0.000 ( 12158      0)
"a:EAMxx::SurfaceCouplingExporter::run-postcondition-checks"                                                         -      24576    24576 1.061683e+07   3.647266e+00     0.000 ( 15909      0)     0.000 ( 11032      0)
"a:EAMxx::EAMxx::run-postcondition-checks"                                                                           -      24576    24576 1.061683e+07   1.454049e+00     0.000 (  7644      0)     0.000 ( 17756      0)
"a:EAMxx::IO::restart"                                                                                               -      24576    24576 1.061683e+07   5.021561e+01     0.005 (  6166      0)     0.002 (  7045      0)
"a:EAMxx::IO::model_restart"                                                                                         -      24576    24576 1.061683e+07   4.186767e+01     0.004 (  6166      0)     0.001 ( 19596      0)
"a:EAMxx::IO::restart::get_new_file"                                                                                 -      24576    24576 1.061683e+07   1.264470e+00     0.000 ( 16801      0)     0.000 ( 11399      0)
"a:EAMxx::IO::restart::run_output_streams"                                                                           -      24576    24576 1.061683e+07   1.640857e+01     0.003 (  6166      0)     0.000 ( 17954      0)
"a:EAMxx::IO::standard"                                                                                              -      24576    24576 1.061683e+07   2.170091e+01     0.001 ( 20697      0)     0.001 ( 14364      0)
"a:EAMxx::IO::nooutput.yaml"                                                                                         -      24576    24576 1.061683e+07   1.522463e+01     0.001 ( 15435      0)     0.000 (  7540      0)
"a:EAMxx::IO::standard::get_new_file"                                                                                -      24576    24576 1.061683e+07   5.442089e-01     0.000 (  5837      0)     0.000 ( 11399      0)
"a:EAMxx::IO::standard::run_output_streams"                                                                          -      24576    24576 1.061683e+07   1.439957e+00     0.000 ( 15189      0)     0.000 ( 23935      0)
"CPL:A2C"                                                                                                            -      24576    24576 1.061683e+07   9.728297e+04     7.038 ( 10328      0)     0.946 (  7779      0)
"CPL:a2c_atma2atmx"                                                                                                  -      24576    24576 1.061683e+07   4.966181e+04     5.866 ( 17723      0)     0.180 (  7723      0)
"CPL:a2c_infoexch"                                                                                                   -      24576    24576 1.061683e+07   4.759797e+04     4.102 ( 13058      0)     0.031 (     0      0)
"CPL:ATMPOST"                                                                                                        -      24576    24576 1.061683e+07   5.076045e+00     0.000 ( 18985      0)     0.000 (  1246      0)
"CPL:HISTORY"                                                                                                        -      24576    24576 1.061683e+07   2.376346e+01     0.001 ( 10488      0)     0.001 ( 16767      0)
"CPL:cime_run_write_history"                                                                                         -      24576    24576 1.061683e+07   1.823574e+01     0.001 ( 20134      0)     0.001 ( 17151      0)
"CPL:TSTAMP_WRITE"                                                                                                   -      24576    24576 1.061683e+07   7.163894e+00     0.002 ( 24204      0)     0.000 ( 12063      0)
"CPL:TPROF_WRITE"                                                                                                    -      24576    24576 1.061683e+07   3.018675e+00     0.000 (  6890      0)     0.000 ( 20864      0)
"CPL:C2O_INITWAIT"                                                                                                   -      24576    24576 1.059226e+07   6.878247e+04     4.547 (     4      0)     1.390 (  4161      0)
"l:interpMonthlyVeg"                                                                                                 -      24576    24576 1.059226e+07   9.755173e+04     3.983 (  1668      0)     3.939 (  4634      0)
"l:readMonthlyVeg"                                                                                                   -      24576    24576 2.457600e+04   9.754135e+04     3.983 (  1668      0)     3.922 (  5180      0)
"l:PIO:openfile"                                                                                                     -      24576    24576 2.457600e+04   2.968366e+03     0.200 ( 13195      0)     0.039 (  6157      0)
"l:PIO:pio_inq_varid_file_vdesc"                                                                                     -      24576    24576 1.966080e+05   4.512382e+01     0.013 (  8149      0)     0.000 ( 13127      0)
"l:PIO:pio_inq_varid_file_vid"                                                                                       -      24576    24576 1.966080e+05   4.504938e+01     0.013 (  8149      0)     0.000 ( 19330      0)
"l:PIO:pio_inq_varndims_file_vdesc"                                                                                  -      24576    24576 1.966080e+05   3.011303e+01     0.289 (  8187      0)     0.000 ( 18083      0)
"l:PIO:pio_inq_varndims_file_vid"                                                                                    -      24576    24576 1.966080e+05   3.005294e+01     0.289 (  8187      0)     0.000 ( 18083      0)
"l:PIO:pio_inq_vardimid_file_vdesc"                                                                                  -      24576    24576 1.966080e+05   5.864383e+01     0.005 (  1854      0)     0.001 ( 10385      0)
"l:PIO:pio_inq_vardimid_file_vid"                                                                                    -      24576    24576 1.966080e+05   5.859221e+01     0.005 (  1859      0)     0.001 ( 10380      0)
"l:PIO:pio_inq_dimname_file_dimid"                                                                                   -      24576    24576 1.671168e+06   1.423099e+02     0.013 (  7846      0)     0.002 ( 16272      0)
"l:PIO:pio_inq_dimlen_file_dimid"                                                                                    -      24576    24576 3.932160e+05   2.405472e+01     0.002 (  7918      0)     0.000 ( 16164      0)
"l:PIO:pio_inq_dimlen_file_dimid_offlen"                                                                             -      24576    24576 3.932160e+05   2.396718e+01     0.002 (  7918      0)     0.000 ( 18060      0)
"l:PIO:pio_inquire_file"                                                                                             -      24576    24576 7.372800e+05   4.191332e+01     0.004 (  7888      0)     0.001 ( 19379      0)
"l:PIO:pio_inq_ndims_file"                                                                                           -      24576    24576 7.372800e+05   4.176246e+01     0.004 (  7893      0)     0.001 ( 19368      0)
"l:PIO:initdecomp"                                                                                                   -      24576    24576 2.457600e+04   2.350442e+04     0.957 (     2      0)     0.956 (   507      0)
"l:PIO:PIOc_initdecomp"                                                                                              -      24576    24576 2.457600e+04   2.350414e+04     0.957 (  3191      0)     0.956 (   507      0)
"l:PIO:box_rearrange_create"                                                                                         -      24576    24576 2.457600e+04   2.348735e+04     0.956 (  3185      0)     0.955 (   514      0)
"l:PIO:pio_swapm"                                                                                                    -      24576    24576 2.703360e+05   8.977133e+04     3.760 ( 20179      0)     2.169 (  7548      0)
"l:PIO:read_darray_3d_double"                                                                                        -      24576    24576 1.966080e+05   6.872301e+04     2.819 ( 10075      0)     2.476 (  8188      0)
"l:PIO:PIOc_read_darray"                                                                                             -      24576    24576 1.966080e+05   6.872251e+04     2.819 ( 10075      0)     2.476 (  8188      0)
"l:PIO:read_darray_nc"                                                                                               -      24576    24576 1.966080e+05   1.232933e+03     1.428 (  7548      0)     0.000 ( 24214      0)
"l:PIO:rearrange_io2comp"                                                                                            -      24576    24576 1.966080e+05   6.739052e+04     2.817 (  9287      0)     1.321 (  7548      0)
"l:PIO:closefile"                                                                                                    -      24576    24576 2.457600e+04   3.147253e+01     0.044 (  4632      0)     0.000 ( 20492      0)
"l:PIO:PIOc_closefile"                                                                                               -      24576    24576 2.457600e+04   3.144284e+01     0.044 (  4632      0)     0.000 ( 20492      0)
"l:surfalb"                                                                                                          -      24576    24576 1.059226e+07   2.044371e+04     1.066 (  8706      0)     0.663 (  1213      0)
"l:urbsurfalb"                                                                                                       -      24576    24576 1.059226e+07   4.059196e+03     0.202 (  1527      0)     0.133 (   197      0)
"CPL:OCNT_RUN"                                                                                                       -      24576    24576 1.059226e+07   4.841387e+03     0.254 (     0      0)     0.107 ( 21023      0)
"o:DOCN_RUN"                                                                                                         -      24576    24576 1.059226e+07   4.597653e+03     0.210 ( 16396      0)     0.098 ( 21023      0)
"o:docn_run1"                                                                                                        -      24576    24576 1.059226e+07   1.109416e+01     0.001 ( 23753      0)     0.000 ( 16207      0)
"o:docn"                                                                                                             -      24576    24576 1.059226e+07   4.569132e+03     0.209 ( 16396      0)     0.097 ( 21023      0)
"o:docn_strdata_advance"                                                                                             -      24576    24576 1.059226e+07   2.768765e+03     0.130 ( 21148      0)     0.026 ( 21023      0)
"o:docn_strd_adv_total"                                                                                              -      24576    24576 1.059226e+07   2.756154e+03     0.129 ( 21148      0)     0.025 ( 21023      0)
"o:docn_strd_adv_readLBUB"                                                                                           -      24576    24576 1.059226e+07   1.266167e+03     0.114 (  6802      0)     0.013 (  6202      0)
"o:docn_readLBUB_setup"                                                                                              -      24576    24576 1.059226e+07   3.130726e+00     0.000 ( 12294      0)     0.000 ( 21420      0)
"o:docn_readLBUB_filemgt"                                                                                            -      24576    24576 1.059226e+07   1.943389e+00     0.000 ( 19295      0)     0.000 ( 13791      0)
"o:docn_strd_adv_tint"                                                                                               -      24576    24576 1.059226e+07   9.779709e+01     0.006 ( 23798      0)     0.003 ( 15808      0)
"o:docn_scatter"                                                                                                     -      24576    24576 1.059226e+07   1.536720e+03     0.069 ( 12166      0)     0.059 (  2218      0)
"o:docn_datamode"                                                                                                    -      24576    24576 1.059226e+07   5.148642e+01     0.003 (  4883      0)     0.002 ( 11556      0)
"o:docn_run2"                                                                                                        -      24576    24576 1.059226e+07   9.466757e-01     0.003 (     0      0)     0.000 (  3267      0)
"CPL:O2CT"                                                                                                           -      24576    24576 1.059226e+07   2.834605e+04     4.001 ( 15638      0)     0.033 ( 19987      0)
"CPL:o2c_ocno2ocnx"                                                                                                  -      24576    24576 1.059226e+07   2.590986e+02     0.016 (  5926      0)     0.009 ( 15921      0)
"CPL:o2c_infoexch"                                                                                                   -      24576    24576 1.059226e+07   2.806802e+04     3.990 ( 15638      0)     0.023 ( 19987      0)
"CPL:OCNPOSTT"                                                                                                       -      24576    24576 1.059226e+07   9.353745e+00     0.000 ( 12564      0)     0.000 ( 18287      0)
"i:cice_pice_readLBUB_LB_copy"                                                                                       -      24576    24576 2.457600e+04   2.077720e-02     0.000 (  1190      0)     0.000 ( 23356      0)
"o:docn_readLBUB_fbound"                                                                                             -      24576    24576 2.457600e+04   4.046132e-03     0.000 (     0      0)     0.000 (  9393      0)
"o:docn_readLBUB_bcast"                                                                                              -      24576    24576 2.457600e+04   1.807593e+02     0.019 ( 15638      0)     0.000 ( 21258      0)
"o:docn_readLBUB_LB_copy"                                                                                            -      24576    24576 2.457600e+04   2.222804e-02     0.000 ( 17967      0)     0.000 ( 16438      0)
"o:docn_readLBUB_UB_setup"                                                                                           -      24576    24576 2.457600e+04   1.085457e-02     0.000 (     0      0)     0.000 ( 11310      0)
"o:docn_readLBUB_UB_readpio"                                                                                         -      24576    24576 2.457600e+04   1.056110e+03     0.104 (  4836      0)     0.011 (     1      0)
"o:PIO:pio_inq_varid_file_vdesc"                                                                                     -      24576    24576 4.915200e+04   1.226184e+01     0.007 ( 15855      0)     0.000 ( 24200      0)
"o:PIO:pio_inq_varid_file_vid"                                                                                       -      24576    24576 4.915200e+04   1.223499e+01     0.007 ( 15855      0)     0.000 ( 24200      0)
"o:PIO:pio_inq_varndims_file_vdesc"                                                                                  -      24576    24576 2.457600e+04   7.122740e+00     0.003 ( 22148      0)     0.000 ( 13543      0)
"o:PIO:pio_inq_varndims_file_vid"                                                                                    -      24576    24576 2.457600e+04   7.104755e+00     0.003 ( 22151      0)     0.000 ( 13543      0)
"o:PIO:pio_inq_vardimid_file_vdesc"                                                                                  -      24576    24576 2.457600e+04   1.453451e+01     0.001 (  7820      0)     0.000 ( 23841      0)
"o:PIO:pio_inq_vardimid_file_vid"                                                                                    -      24576    24576 2.457600e+04   1.451797e+01     0.001 (  7861      0)     0.000 ( 23841      0)
"o:PIO:pio_inq_dimlen_file_dimid"                                                                                    -      24576    24576 7.372800e+04   8.896342e+00     0.000 ( 21382      0)     0.000 ( 13527      0)
"o:PIO:pio_inq_dimlen_file_dimid_offlen"                                                                             -      24576    24576 7.372800e+04   8.857825e+00     0.000 ( 21373      0)     0.000 ( 13527      0)
"o:PIO:pio_inq_vartype_file_vdesc"                                                                                   -      24576    24576 2.457600e+04   6.983831e+00     0.001 (    10      0)     0.000 ( 19463      0)
"o:PIO:pio_inq_vartype_file_vid"                                                                                     -      24576    24576 2.457600e+04   6.967072e+00     0.001 (     6      0)     0.000 ( 19463      0)
"o:PIO:read_darray_1d_real"                                                                                          -      24576    24576 2.457600e+04   9.773506e+02     0.101 (  4836      0)     0.007 ( 14528      0)
"o:PIO:PIOc_read_darray"                                                                                             -      24576    24576 2.457600e+04   9.772694e+02     0.101 (  4836      0)     0.007 ( 14528      0)
"o:PIO:read_darray_nc"                                                                                               -      24576    24576 2.457600e+04   5.891683e+01     0.100 (  4836      0)     0.000 ( 15783      0)
"o:PIO:rearrange_io2comp"                                                                                            -      24576    24576 2.457600e+04   9.123346e+02     0.100 (  6811      0)     0.000 (     0      0)
"o:PIO:pio_swapm"                                                                                                    -      24576    24576 2.457600e+04   9.113652e+02     0.100 (  6811      0)     0.000 (     0      0)
"o:docn_strd_adv_fill"                                                                                               -      24576    24576 2.457600e+04   5.941990e+00     0.000 ( 17530      0)     0.000 ( 15493      0)
"o:docn_strd_adv_map"                                                                                                -      24576    24576 2.457600e+04   1.326331e+03     0.094 (     7      0)     0.000 ( 20499      0)
"CPL:RUN_LOOP_BSTOP"                                                                                                 -      24576    24576 2.457600e+04   6.214464e+01     0.003 (  3057      0)     0.000 ( 11477      0)
"CPL:FINAL"                                                                                                          -      24576    24576 2.457600e+04   4.173812e+03     0.171 (     0      0)     0.155 ( 24210      0)
"CPL:cime_final"                                                                                                     -      24576    24576 2.457600e+04   4.173755e+03     0.171 (     0      0)     0.155 ( 24210      0)
"o_f:DOCN_FINAL"                                                                                                     -      24576    24576 2.457600e+04   4.759793e-03     0.000 (     0      0)     0.000 ( 22480      0)
"a_f:EAMxx::finalize"                                                                                                y      24576    24576 2.457600e+04   1.684999e+03     0.149 (  1692      0)     0.056 ( 15762      0)
"a_f:PIO:PIOc_sync"                                                                                                  -      24576    24576 2.457600e+04   5.032882e-01     0.000 ( 23040      0)     0.000 ( 14817      0)
"a_f:PIO:write_total"                                                                                                -      24576    24576 4.915200e+04   6.057470e+01     0.077 (  9792      0)     0.000 ( 14817      0)
"a_f:PIO:flush_output_buffer"                                                                                        -       2048     2048 4.096000e+03   2.356319e-01     0.000 ( 15180      0)     0.000 ( 13920      0)
"a_f:PIO:PIOc_closefile"                                                                                             -      24576    24576 4.915200e+04   1.696862e+02     0.087 ( 15264      0)     0.000 (  7537      0)
"a_f:PIO:PIOc_closefile_write_mode"                                                                                  -      24576    24576 2.457600e+04   6.010711e+01     0.077 (  9792      0)     0.000 (  5383      0)
"a_f:PIO:PIOc_freedecomp"                                                                                            -      24576    24576 3.932160e+05   3.365642e+00     0.001 (  1404      0)     0.000 ( 23176      0)
"PIO:finalize"                                                                                                       -      24576    24576 2.457600e+05   1.872788e+03     0.094 ( 16906      0)     0.001 ( 15900      0)
"PIO:PIOc_finalize"                                                                                                  -      24576    24576 2.457600e+05   1.870363e+03     0.094 ( 16906      0)     0.001 ( 15900      0)
"CPL:FINAL_sync1_tprf"                                                                                               -      24576    24576 2.457600e+04   3.575956e+01     0.002 ( 10058      0)     0.000 (     0      0)
"CPL:FINAL_t_prf"                                                                                                    y          0        0 0.000000e+00   0.000000e+00     0.000 (     0      0)     0.000 (     0      0)

