{
  "ScorpioIOSummaryStatistics":{
    "OverallIOStatistics":{
      "name" : "Scorpio",
      "avg_wtput" : 1892.506495,
      "avg_rtput" : 210302.165344,
      "tot_wb" : 13921880226,
      "tot_rb" : 7728856864448,
      "tot_wtime" : 48.066579
      }
    ,
    "ModelComponentIOStatistics":[
      {
        "name" : "CPL",
        "avg_wtput" : 673.304751,
        "avg_rtput" : 0.000000,
        "tot_wb" : 230292538,
        "tot_rb" : 0,
        "tot_wtime" : 0.555615
        }
      ,
      {
        "name" : "tmp_003648tasks000057io01_comp",
        "avg_wtput" : 2340.250711,
        "avg_rtput" : 256903.208534,
        "tot_wb" : 12408834969,
        "tot_rb" : 7726183590400,
        "tot_wtime" : 38.376250
        }
      ,
      {
        "name" : "tmp_003648tasks000057io02_comp",
        "avg_wtput" : 900.664417,
        "avg_rtput" : 416.756802,
        "tot_wb" : 1178143917,
        "tot_rb" : 2668090048,
        "tot_wtime" : 8.354463
        }
      ,
      {
        "name" : "tmp_003648tasks000057io03_comp",
        "avg_wtput" : 0.000000,
        "avg_rtput" : 22.387917,
        "tot_wb" : 0,
        "tot_rb" : 2592000,
        "tot_wtime" : 0.120888
        }
      ,
      {
        "name" : "tmp_003648tasks000057io04_comp",
        "avg_wtput" : 259.029331,
        "avg_rtput" : 16.292261,
        "tot_wb" : 104608802,
        "tot_rb" : 2592000,
        "tot_wtime" : 0.659361
        }
      ,
      {
        "name" : "tmp_003648tasks000057io05_comp",
        "avg_wtput" : 0.000000,
        "avg_rtput" : 0.000000,
        "tot_wb" : 0,
        "tot_rb" : 0,
        "tot_wtime" : 0.000001
        }
      ,
      {
        "name" : "tmp_003648tasks000057io06_comp",
        "avg_wtput" : 0.000000,
        "avg_rtput" : 0.000000,
        "tot_wb" : 0,
        "tot_rb" : 0,
        "tot_wtime" : 0.000001
        }
      ,
      {
        "name" : "tmp_003648tasks000057io07_comp",
        "avg_wtput" : 0.000000,
        "avg_rtput" : 0.000000,
        "tot_wb" : 0,
        "tot_rb" : 0,
        "tot_wtime" : 0.000001
        }
      ,
      {
        "name" : "tmp_003648tasks000004io08_comp",
        "avg_wtput" : 0.000000,
        "avg_rtput" : 0.000000,
        "tot_wb" : 0,
        "tot_rb" : 0,
        "tot_wtime" : 0.000001
        }
      ]
    ,
    "FileIOStatistics":[
      {
        "name" : "v2-overview-fcase-chrysalis-r0.FC5AV1C-L.ne30_ne30.57.cpl.hi.0001-04-01-00000.nc",
        "avg_wtput" : 877.914649,
        "avg_rtput" : 0.000000,
        "tot_wb" : 147778552,
        "tot_rb" : 0,
        "tot_wtime" : 0.222840
        }
      ,
      {
        "name" : "v2-overview-fcase-chrysalis-r0.FC5AV1C-L.ne30_ne30.57.cpl.r.0001-04-01-00000.nc",
        "avg_wtput" : 472.468232,
        "avg_rtput" : 0.000000,
        "tot_wb" : 82513986,
        "tot_rb" : 0,
        "tot_wtime" : 0.201228
        }
      ,
      {
        "name" : "/lcrc/group/e3sm/data/inputdata/atm/cam/chem/trop_mam/atmsrf_ne30np4_110920.nc",
        "avg_wtput" : 0.000000,
        "avg_rtput" : 23.860808,
        "tot_wb" : 0,
        "tot_rb" : 4276976,
        "tot_wtime" : 0.175231
        }
      ,
      {
        "name" : "/lcrc/group/e3sm/data/inputdata/atm/cam/chem/trop_mozart/dvel/season_wes.nc",
        "avg_wtput" : 0.000000,
        "avg_rtput" : 1408.384381,
        "tot_wb" : 0,
        "tot_rb" : 703918080,
        "tot_wtime" : 0.500001
        }
      ,
      {
        "name" : "/lcrc/group/e3sm/data/inputdata/atm/cam/chem/trop_mozart/phot/exo_coldens.nc",
        "avg_wtput" : 0.000000,
        "avg_rtput" : 3982.072083,
        "tot_wb" : 0,
        "tot_rb" : 2962351104,
        "tot_wtime" : 0.733441
        }
      ,
      {
        "name" : "/lcrc/group/e3sm/data/inputdata/atm/cam/chem/trop_mozart/ub/EESC_1850-2100_c090603.nc",
        "avg_wtput" : 0.000000,
        "avg_rtput" : 3.359055,
        "tot_wb" : 0,
        "tot_rb" : 3720960,
        "tot_wtime" : 1.067559
        }
      ,
      {
        "name" : "/lcrc/group/e3sm/data/inputdata/atm/cam/chem/trop_mozart/ub/clim_p_trop.nc",
        "avg_wtput" : 0.000000,
        "avg_rtput" : 7260.411678,
        "tot_wb" : 0,
        "tot_rb" : 3687719424,
        "tot_wtime" : 0.496346
        }
      ,
      {
        "name" : "/lcrc/group/e3sm/data/inputdata/atm/cam/chem/trop_mozart_aero/emis/DMSflux.2000.1deg_latlon_conserv.POPmonthlyClimFromACES4BGC_c20160226.nc",
        "avg_wtput" : 0.000000,
        "avg_rtput" : 0.000000,
        "tot_wb" : 0,
        "tot_rb" : 0,
        "tot_wtime" : 0.104109
        }
      ,
      {
        "name" : "/lcrc/group/e3sm/data/inputdata/atm/cam/chem/trop_mozart_aero/emis/aces4bgc_nvsoa_soag_elev_2000_c160427.nc",
        "avg_wtput" : 0.000000,
        "avg_rtput" : 0.000000,
        "tot_wb" : 0,
        "tot_rb" : 0,
        "tot_wtime" : 0.113123
        }
      ,
      {
        "name" : "/lcrc/group/e3sm/data/inputdata/atm/cam/chem/trop_mozart_aero/emis/ar5_mam3_bc_elev_2000_c120315.nc",
        "avg_wtput" : 0.000000,
        "avg_rtput" : 0.000000,
        "tot_wb" : 0,
        "tot_rb" : 0,
        "tot_wtime" : 0.251964
        }
      ,
      {
        "name" : "/lcrc/group/e3sm/data/inputdata/atm/cam/chem/trop_mozart_aero/emis/ar5_mam3_bc_surf_2000_c120315.nc",
        "avg_wtput" : 0.000000,
        "avg_rtput" : 0.000000,
        "tot_wb" : 0,
        "tot_rb" : 0,
        "tot_wtime" : 0.088096
        }
      ,
      {
        "name" : "/lcrc/group/e3sm/data/inputdata/atm/cam/chem/trop_mozart_aero/emis/ar5_mam3_num_a2_elev_2000_c120315.nc",
        "avg_wtput" : 0.000000,
        "avg_rtput" : 0.000000,
        "tot_wb" : 0,
        "tot_rb" : 0,
        "tot_wtime" : 0.097397
        }
      ,
      {
        "name" : "/lcrc/group/e3sm/data/inputdata/atm/cam/chem/trop_mozart_aero/emis/ar5_mam3_num_a2_surf_2000_c120315.nc",
        "avg_wtput" : 0.000000,
        "avg_rtput" : 0.000000,
        "tot_wb" : 0,
        "tot_rb" : 0,
        "tot_wtime" : 0.081752
        }
      ,
      {
        "name" : "/lcrc/group/e3sm/data/inputdata/atm/cam/chem/trop_mozart_aero/emis/ar5_mam3_pom_elev_2000_c130422.nc",
        "avg_wtput" : 0.000000,
        "avg_rtput" : 0.000000,
        "tot_wb" : 0,
        "tot_rb" : 0,
        "tot_wtime" : 0.133025
        }
      ,
      {
        "name" : "/lcrc/group/e3sm/data/inputdata/atm/cam/chem/trop_mozart_aero/emis/ar5_mam3_pom_surf_2000_c130422.nc",
        "avg_wtput" : 0.000000,
        "avg_rtput" : 0.000000,
        "tot_wb" : 0,
        "tot_rb" : 0,
        "tot_wtime" : 0.108887
        }
      ,
      {
        "name" : "/lcrc/group/e3sm/data/inputdata/atm/cam/chem/trop_mozart_aero/emis/ar5_mam3_so2_elev_2000_c120315.nc",
        "avg_wtput" : 0.000000,
        "avg_rtput" : 0.000000,
        "tot_wb" : 0,
        "tot_rb" : 0,
        "tot_wtime" : 0.116985
        }
      ,
      {
        "name" : "/lcrc/group/e3sm/data/inputdata/atm/cam/chem/trop_mozart_aero/emis/ar5_mam3_so2_surf_2000_c120315.nc",
        "avg_wtput" : 0.000000,
        "avg_rtput" : 0.000000,
        "tot_wb" : 0,
        "tot_rb" : 0,
        "tot_wtime" : 0.083911
        }
      ,
      {
        "name" : "/lcrc/group/e3sm/data/inputdata/atm/cam/chem/trop_mozart_aero/emis/ar5_mam3_so4_a1_elev_2000_c120315.nc",
        "avg_wtput" : 0.000000,
        "avg_rtput" : 0.000000,
        "tot_wb" : 0,
        "tot_rb" : 0,
        "tot_wtime" : 0.131091
        }
      ,
      {
        "name" : "/lcrc/group/e3sm/data/inputdata/atm/cam/chem/trop_mozart_aero/emis/ar5_mam3_so4_a1_surf_2000_c120315.nc",
        "avg_wtput" : 0.000000,
        "avg_rtput" : 0.000000,
        "tot_wb" : 0,
        "tot_rb" : 0,
        "tot_wtime" : 0.081477
        }
      ,
      {
        "name" : "/lcrc/group/e3sm/data/inputdata/atm/cam/chem/trop_mozart_aero/emis/ar5_mam3_so4_a2_elev_2000_c120315.nc",
        "avg_wtput" : 0.000000,
        "avg_rtput" : 0.000000,
        "tot_wb" : 0,
        "tot_rb" : 0,