
***** GLOBAL STATISTICS ( 49152 MPI TASKS) *****

$Id: gptl.c,v 1.157 2011-03-28 20:55:18 rosinski Exp $
'count' is cumulative. All other stats are max/min
'on' indicates whether the timer was active during output, and so stats are lower or upper bounds.

name                                                                                                                on  processes  threads        count      walltotal   wallmax (proc   thrd  )   wallmin (proc   thrd  )
"CPL:INIT"                                                                                                           -      49152    49152 4.915200e+04   2.478845e+07   504.910 (     1      0)   503.759 ( 49141      0)
"CPL:cime_pre_init1"                                                                                                 -      49152    49152 4.915200e+04   2.703153e+05     6.088 (     1      0)     4.937 ( 49143      0)
"CPL:mpi_init"                                                                                                       -      49152    49152 4.915200e+04   1.174422e+05     2.978 (     1      0)     1.808 ( 49148      0)
"CPL:ESMF_Initialize"                                                                                                -      49152    49152 4.915200e+04   2.105190e+00     0.001 (  7289      0)     0.000 (  7468      0)
"CPL:cime_pre_init2"                                                                                                 -      49152    49152 4.915200e+04   1.582625e+05     3.225 ( 40251      0)     3.211 (    11      0)
"CPL:seq_infodata_init"                                                                                              -      49152    49152 4.915200e+04   3.538796e+04     2.652 (  5100      0)     0.002 ( 14395      0)
"CPL:seq_timemgr_clockInit"                                                                                          -      49152    49152 4.915200e+04   1.401784e+03     0.045 ( 27840      0)     0.021 ( 49148      0)
"CPL:cime_init"                                                                                                      -      49152    49152 4.915200e+04   2.435987e+07   495.612 (     9      0)   495.596 (  4151      0)
"CPL:init_comps"                                                                                                     -      49152    49152 4.915200e+04   2.435356e+07   495.484 (     9      0)   495.467 (  4151      0)
"CPL:comp_init_pre_all"                                                                                              -      49152    49152 4.915200e+04   2.556177e+00     0.000 ( 46998      0)     0.000 ( 26622      0)
"comp_init_cc_iac"                                                                                                   -      49152    49152 4.915200e+04   1.452550e+02     0.004 ( 40149      0)     0.001 ( 12080      0)
"z_i:comp_init"                                                                                                      -      49152    49152 4.915200e+04   2.468935e+00     0.000 ( 26002      0)     0.000 ( 45912      0)
"CPL:comp_init_cc_atm"                                                                                               -      49152    49152 4.915200e+04   1.397013e+07   284.232 (     9      0)   284.217 ( 40187      0)
"a_i:comp_init"                                                                                                      -      49152    49152 9.830400e+04   1.396868e+07   284.228 ( 13908      0)   284.184 ( 40187      0)
"a_i:EAMxx::init"                                                                                                    -      49152    49152 3.440640e+05   1.380465e+07   282.141 ( 16488      0)   277.036 ( 49132      0)
"a_i:EAMxx::create_output_managers"                                                                                  -      49152    49152 4.915200e+04   8.738173e+02     0.212 ( 38085      0)     0.000 ( 43017      0)
"a_i:EAMxx::create_atm_processes"                                                                                    -      49152    49152 4.915200e+04   5.134093e+04     1.508 ( 14805      0)     0.205 ( 27872      0)
"a_i:EAMxx::create_grids"                                                                                            -      49152    49152 4.915200e+04   3.600725e+06    74.053 (     0      0)    73.001 ( 13907      0)
"a_i:PartitioningTime"                                                                                               -      49152    49152 4.915200e+04   1.172411e-02     0.000 (  2556      0)     0.000 ( 30245      0)
"a_i:repro_sum_int"                                                                                                  -      49152    49152 4.915200e+04   1.369346e+03     0.028 ( 48798      0)     0.001 ( 49146      0)
"a_i:PIO:spio_get_att_tc"                                                                                            -      49152    49152 8.798208e+06   2.201632e+03     0.047 ( 18953      0)     0.039 (     1      0)
"a_i:PIO:spio_get_vars_tc"                                                                                           -      49152    49152 9.830400e+05   1.401427e+04     0.365 ( 30015      0)     0.118 (     8      0)
"a_i:PIO:PIOc_closefile"                                                                                             -      49152    49152 8.847360e+05   1.205505e+03     0.467 (     0      0)     0.000 ( 45994      0)
"a_i:EAMxx::create_fields"                                                                                           -      49152    49152 4.915200e+04   3.190416e+03     0.079 ( 45341      0)     0.057 ( 23796      0)
"a_i:EAMxx::initialize_fields"                                                                                       -      49152    49152 4.915200e+04   4.837596e+06    98.464 (  5916      0)    98.416 ( 19916      0)
"a_i:PIO:PIOc_initdecomp"                                                                                            -      49152    49152 7.864320e+05   1.147529e+06    23.347 ( 36058      0)    23.346 (  7829      0)
"a_i:PIO:box_rearrange_create"                                                                                       -      49152    49152 7.864320e+05   1.146912e+06    23.336 ( 11367      0)    23.332 ( 37575      0)
"a_i:PIO:pio_swapm"                                                                                                  -      49152    49152 3.588096e+06   1.006705e+06    22.082 ( 48314      0)    18.745 (   540      0)
"a_i:PIO:PIOc_read_darray"                                                                                           -      49152    49152 1.228800e+06   2.488057e+04     0.719 ( 49140      0)     0.477 ( 24561      0)
"a_i:PIO:read_darray_nc"                                                                                             -      49152    49152 1.228800e+06   1.810651e+03     0.654 ( 49140      0)     0.000 ( 26797      0)
"a_i:PIO:rearrange_io2comp"                                                                                          -      49152    49152 1.228800e+06   1.569451e+04     0.603 ( 16386      0)     0.031 ( 34308      0)
"a_i:EAMxx::initialize_atm_procs"                                                                                    -      49152    49152 4.915200e+04   5.242538e+06   107.633 ( 18550      0)   102.616 ( 49128      0)
"a_i:EAMxx::SurfaceCouplingImporter::init"                                                                           -      49152    49152 4.915200e+04   1.145901e+01     0.000 ( 13003      0)     0.000 ( 36804      0)
"a_i:EAMxx::homme::init"                                                                                             -      49152    49152 4.915200e+04   3.435060e+05     7.002 (  7466      0)     6.942 ( 45948      0)
"a_i:compose_init"                                                                                                   -      49152    49152 4.915200e+04   1.846619e+03     0.051 ( 11054      0)     0.004 ( 24072      0)
"a_i:sl_init1"                                                                                                       -      49152    49152 4.915200e+04   3.327495e+03     0.112 (  7219      0)     0.057 ( 27890      0)
"a_i:EAMxx::tms::init"                                                                                               -      49152    49152 4.915200e+04   3.192739e-01     0.000 ( 21584      0)     0.000 ( 32293      0)
"a_i:EAMxx::shoc::init"                                                                                              -      49152    49152 4.915200e+04   5.487927e+01     0.002 ( 40267      0)     0.001 ( 24662      0)
"a_i:EAMxx::cld_fraction::init"                                                                                      -      49152    49152 4.915200e+04   1.023257e+00     0.000 (     0      0)     0.000 ( 16180      0)
"a_i:EAMxx::spa::init"                                                                                               -      49152    49152 4.915200e+04   4.695725e+06    95.541 ( 20388      0)    95.524 ( 47161      0)
"a_i:Build HorizRemap data /lus/flare/projects/E3SMinput/data/atm/scream/maps/map_ne30pg2_to_ne1024pg2_20231201.nc"  -      49152    49152 4.915200e+04   4.372526e+06    88.961 ( 16011      0)    88.958 ( 19944      0)
"a_i:EAMxx::p3::init"                                                                                                -      49152    49152 4.915200e+04   1.334011e+05     4.624 (  8790      0)     0.047 ( 49134      0)
"a_i:EAMxx::rrtmgp::init"                                                                                            -      49152    49152 4.915200e+04   6.959394e+04     4.876 ( 21870      0)     0.036 ( 22712      0)
"a_i:EAMxx::SurfaceCouplingExporter::init"                                                                           -      49152    49152 4.915200e+04   1.037162e+02     0.006 ( 14088      0)     0.001 ( 23929      0)
"a_i:EAMxx::initialize_output_managers"                                                                              -      49152    49152 4.915200e+04   6.838546e+04     1.418 ( 17544      0)     1.389 ( 18502      0)
"a_i:EAMxx::IO::standard"                                                                                            -      49152    49152 4.915200e+04   4.387406e+04     1.340 (     7      0)     0.750 (  5359      0)
"a_i:EAMxx::IO::nooutput.yaml"                                                                                       -      49152    49152 4.915200e+04   4.387400e+04     1.340 (     7      0)     0.750 (  5359      0)
"a_i:EAMxx::IO::standard::get_new_file"                                                                              -      49152    49152 4.915200e+04   4.375489e+04     1.340 (     7      0)     0.750 (  5359      0)
"a_i:PIO:PIOc_createfile"                                                                                            -      49152    49152 4.915200e+04   4.335266e+04     1.332 (     7      0)     0.742 (  5359      0)
"a_i:PIO:write_total"                                                                                                -      49152    49152 1.622016e+06   4.341640e+04     1.333 (     7      0)     0.743 (  5359      0)
"a_i:PIO:spio_put_att_tc"                                                                                            -      49152    49152 1.474560e+06   4.210227e+00     0.000 ( 47160      0)     0.000 ( 42897      0)
"a_i:PIO:spio_put_vars_tc"                                                                                           -      49152    49152 4.915200e+04   3.041520e+01     0.001 ( 15720      0)     0.001 (  9976      0)
"a_i:PIO:flush_output_buffer"                                                                                        -       4096     4096 8.192000e+03   3.107783e+01     0.008 ( 35928      0)     0.007 ( 46428      0)
"a_i:EAMxx::IO::standard::run_output_streams"                                                                        -      49152    49152 4.915200e+04   5.421567e-03     0.000 (  5532      0)     0.000 ( 46235      0)
"a_i:EAMxx::IO::standard::update_snapshot_tally"                                                                     -      49152    49152 4.915200e+04   1.189655e+02     0.028 ( 36024      0)     0.000 ( 17989      0)
"a_i:PIO:PIOc_sync"                                                                                                  -      49152    49152 4.915200e+04   2.913408e+01     0.007 ( 36024      0)     0.000 ( 15706      0)
"CPL:comp_init_cc_lnd"                                                                                               -      49152    49152 4.915200e+04   4.582434e+06    93.233 ( 35096      0)    93.229 ( 24427      0)
"l_i:comp_init"                                                                                                      -      49152    49152 4.915200e+04   4.580778e+06    93.229 ( 48888      0)    93.190 (  9850      0)
"l_i:elm_init1"                                                                                                      -      49152    49152 4.915200e+04   2.387584e+06    48.812 (     3      0)    47.513 ( 39115      0)
"l_i:PIO:openfile"                                                                                                   -      49152    49152 1.130496e+06   2.905010e+05     8.107 (    28      0)     3.587 ( 22810      0)
"l_i:PIO:pio_inq_dimid_file_dimid"                                                                                   -      49152    49152 2.998272e+06   3.189351e+02     0.027 ( 47489      0)     0.004 (  7697      0)
"l_i:PIO:pio_inq_dimlen_file_dimid"                                                                                  -      49152    49152 1.764557e+07   1.031440e+03     0.048 (  4284      0)     0.010 ( 42464      0)
"l_i:PIO:pio_inq_dimlen_file_dimid_offlen"                                                                           -      49152    49152 1.764557e+07   1.027593e+03     0.048 (  4284      0)     0.010 ( 42464      0)
"l_i:PIO:pio_inq_varid_file_vdesc"                                                                                   -      49152    49152 2.295398e+07   7.160183e+03     0.803 ( 12028      0)     0.016 ( 16387      0)
"l_i:PIO:pio_inq_varid_file_vid"                                                                                     -      49152    49152 2.295398e+07   7.151247e+03     0.803 ( 12028      0)     0.016 ( 16387      0)
"l_i:PIO:get_var_1d_int"                                                                                             -      49152    49152 2.949120e+05   5.651272e+03     0.121 ( 36088      0)     0.103 ( 13934      0)
"l_i:PIO:spio_get_vars_tc"                                                                                           -      49152    49152 9.781248e+06   2.793606e+04     0.789 (  4666      0)     0.342 (     5      0)
"l_i:PIO:closefile"                                                                                                  -      49152    49152 9.830400e+05   2.312580e+03     1.114 ( 14520      0)     0.001 ( 29623      0)
"l_i:PIO:PIOc_closefile"                                                                                             -      49152    49152 9.830400e+05   2.311671e+03     1.114 ( 14520      0)     0.001 ( 29623      0)
"l_i:PIO:pio_inq_varndims_file_vdesc"                                                                                -      49152    49152 1.086259e+07   1.795998e+03     2.439 ( 16381      0)     0.009 ( 45731      0)
"l_i:PIO:pio_inq_varndims_file_vid"                                                                                  -      49152    49152 1.086259e+07   1.792903e+03     2.439 ( 16381      0)     0.009 ( 19475      0)
"l_i:PIO:pio_inq_vardimid_file_vdesc"                                                                                -      49152    49152 1.086259e+07   2.704449e+03     0.136 (  2859      0)     0.022 ( 27167      0)
"l_i:PIO:pio_inq_vardimid_file_vid"                                                                                  -      49152    49152 1.086259e+07   2.701716e+03     0.136 (  2862      0)     0.022 ( 27167      0)
"l_i:PIO:pio_inq_dimname_file_dimid"                                                                                 -      49152    49152 3.907584e+07   3.205600e+03     0.147 (  2867      0)     0.022 ( 19848      0)
"l_i:PIO:initdecomp"                                                                                                 -      49152    49152 1.277952e+06   1.913857e+06    39.278 (  6335      0)    38.527 ( 16432      0)
"l_i:PIO:PIOc_initdecomp"                                                                                            -      49152    49152 1.277952e+06   1.913842e+06    39.277 (  6335      0)    38.527 ( 16432      0)
"l_i:PIO:box_rearrange_create"                                                                                       -      49152    49152 1.277952e+06   1.896315e+06    38.583 ( 29846      0)    38.486 ( 16432      0)
"l_i:PIO:pio_swapm"                                                                                                  -      49152    49152 1.459814e+07   2.699429e+06    56.586 ( 33715      0)    48.626 ( 12024      0)
"l_i:PIO:read_darray_1d_double"                                                                                      -      49152    49152 4.030464e+06   2.047149e+05     4.268 ( 41471      0)     3.768 ( 12028      0)
"l_i:PIO:PIOc_read_darray"                                                                                           -      49152    49152 1.076429e+07   9.135118e+05    19.109 ( 33719      0)    15.784 ( 16381      0)
"l_i:PIO:read_darray_nc"                                                                                             -      49152    49152 1.076429e+07   8.910483e+03     6.537 ( 49140      0)     0.000 ( 27978      0)
"l_i:PIO:rearrange_io2comp"                                                                                          -      49152    49152 1.076429e+07   8.945980e+05    19.003 ( 33719      0)    12.181 ( 49140      0)
"l_i:PIO:pio_inquire_file"                                                                                           -      49152    49152 1.415578e+07   7.917328e+02     0.036 (  2858      0)     0.005 ( 34260      0)
"l_i:PIO:pio_inq_ndims_file"                                                                                         -      49152    49152 1.415578e+07   7.882561e+02     0.036 (  2863      0)     0.005 ( 34260      0)
"l_i:PIO:read_darray_1d_int"                                                                                         -      49152    49152 3.440640e+05   1.641982e+04     0.359 ( 33228      0)     0.290 ( 12421      0)
"l_i:PIO:read_darray_3d_double"                                                                                      -      49152    49152 8.847360e+05   2.206771e+05     4.627 ( 48047      0)     3.474 ( 16380      0)
"l_i:PIO:read_darray_3d_int"                                                                                         -      49152    49152 4.915200e+04   1.026934e+04     0.234 ( 31620      0)     0.159 (  8008      0)
"l_i:PIO:read_darray_4d_double"                                                                                      -      49152    49152 6.881280e+05   2.157981e+05     4.464 ( 25043      0)     3.372 ( 16380      0)
"l_i:PIO:get_var_1d_text"                                                                                            -      49152    49152 9.830400e+04   1.625393e+03     0.051 ( 12492      0)     0.015 (    16      0)
"l_i:PIO:get_var_1d_double"                                                                                          -      49152    49152 7.077888e+06   1.663116e+04     0.381 (  9662      0)     0.101 ( 13556      0)
"l_i:PIO:get_var_0d_double"                                                                                          -      49152    49152 4.915200e+05   1.486916e+03     0.087 ( 23316      0)     0.013 (     1      0)
"l_i:PIO:read_darray_2d_double"                                                                                      -      49152    49152 4.571136e+06   2.343931e+05     4.973 ( 33719      0)     4.379 ( 16381      0)
"l_i:PIO:read_darray_2d_int"                                                                                         -      49152    49152 1.966080e+05   1.126593e+04     0.266 (  5347      0)     0.162 ( 38425      0)
"l_i:gather_1darray_int_total"                                                                                       -      49152    49152 2.457600e+05   1.083467e+05     3.768 (     0      0)     1.426 (   186      0)
"l_i:scatter_1darray_int_total"                                                                                      -      49152    49152 2.457600e+05   1.682932e+05     4.048 (     3      0)     1.931 (     0      0)
"l_i:init_filters"                                                                                                   -      49152    49152 4.915200e+04   4.687211e+00     0.001 ( 48396      0)     0.000 ( 20052      0)
"l_i:elm_init2"                                                                                                      -      49152    49152 4.915200e+04   2.083150e+06    42.416 ( 27384      0)    42.371 ( 12373      0)
"l_i:init_orbd"                                                                                                      -      49152    49152 4.915200e+04   2.416892e+00     0.000 ( 26245      0)     0.000 ( 46778      0)
"l_i:PIO:get_var_0d_int"                                                                                             -      49152    49152 1.032192e+06   1.020602e+04     0.336 ( 32691      0)     0.118 (  5779      0)
"l_i:PIO:get_var_2d_double"                                                                                          -      49152    49152 5.898240e+05   2.697129e+03     0.060 ( 21134      0)     0.028 (    11      0)
"l_i:PIO:get_var_3d_double"                                                                                          -      49152    49152 1.966080e+05   1.260497e+03     0.047 (    99      0)     0.023 ( 12193      0)
"l_i:init_accflds"                                                                                                   -      49152    49152 4.915200e+04   1.184726e+01     0.001 ( 36779      0)     0.000 ( 46116      0)
"l_i:init_dyn_subgrid"                                                                                               -      49152    49152 4.915200e+04   2.256415e+01     0.013 ( 49151      0)     0.000 ( 37128      0)
"l_i:subgridRest_write-read"                                                                                         -      49152    49152 4.915200e+04   4.164418e+05     8.484 ( 32484      0)     8.465 (   277      0)
"l_i:init_map2gc"                                                                                                    -      49152    49152 4.915200e+04   7.252266e+00     0.000 ( 19936      0)     0.000 ( 27371      0)
"l_i:init_elm_interface_data & pflotran"                                                                             -      49152    49152 4.915200e+04   8.985086e-03     0.000 ( 20049      0)     0.000 ( 12268      0)
"l_i:init_wlog"                                                                                                      -      49152    49152 4.915200e+04   7.794446e-03     0.000 (     0      0)     0.000 ( 14100      0)
"l_i:elm_init3"                                                                                                      -      49152    49152 4.915200e+04   6.422787e-02     0.000 (  2906      0)     0.000 ( 21047      0)
"CPL:comp_init_cc_rof"                                                                                               -      49152    49152 4.915200e+04   1.590222e+02     0.004 (  7740      0)     0.001 ( 16669      0)
"r_i:comp_init"                                                                                                      -      49152    49152 4.915200e+04   2.674071e+00     0.000 ( 27059      0)     0.000 ( 13188      0)
"CPL:comp_init_cc_ocn"                                                                                               -      49152    49152 4.915200e+04   2.593629e+06    52.770 ( 45753      0)    52.765 ( 35087      0)
"o_i:comp_init"                                                                                                      -      49152    49152 4.915200e+04   2.593445e+06    52.766 ( 45797      0)    52.760 ( 16060      0)
"o_i:docn_readnml"                                                                                                   -      49152    49152 4.915200e+04   8.868590e+02     0.064 ( 49147      0)     0.014 (     0      0)
"o_i:DOCN_INIT"                                                                                                      -      49152    49152 4.915200e+04   2.592553e+06    52.748 ( 45709      0)    52.702 ( 49147      0)
"o_i:docn_strdata_init"                                                                                              -      49152    49152 4.915200e+04   2.581010e+06    52.557 ( 49144      0)    52.510 ( 36796      0)
"o_i:PIO:initdecomp"                                                                                                 -      49152    49152 1.474560e+05   1.741222e+05     3.671 (     1      0)     3.405 (     0      0)
"o_i:PIO:PIOc_initdecomp"                                                                                            -      49152    49152 1.474560e+05   1.741216e+05     3.671 (    11      0)     3.405 (     0      0)
"o_i:PIO:box_rearrange_create"                                                                                       -      49152    49152 1.474560e+05   1.672738e+05     3.404 ( 18304      0)     3.403 ( 37889      0)
"o_i:PIO:pio_swapm"                                                                                                  -      49152    49152 5.406720e+05   1.579337e+05     3.402 ( 23051      0)     2.830 (  9576      0)
"o_i:docn_initgsmaps"                                                                                                -      49152    49152 4.915200e+04   9.987542e+01     0.004 ( 20779      0)     0.002 (  8764      0)
"o_i:docn_initmctdom"                                                                                                -      49152    49152 4.915200e+04   1.726425e+01     0.001 (  7075      0)     0.000 (  9447      0)
"o_i:docn_initmctavs"                                                                                                -      49152    49152 4.915200e+04   2.692486e+00     0.000 ( 26807      0)     0.000 ( 11779      0)
"o_i:DOCN_RUN"                                                                                                       -      49152    49152 4.915200e+04   1.142276e+04     0.235 ( 45060      0)     0.143 ( 49141      0)
"o_i:docn_run1"                                                                                                      -      49152    49152 4.915200e+04   5.599378e-02     0.000 ( 44784      0)     0.000 ( 48380      0)
"o_i:docn"                                                                                                           -      49152    49152 4.915200e+04   1.142255e+04     0.235 ( 45060      0)     0.143 ( 49141      0)
"o_i:docn_strdata_advance"                                                                                           -      49152    49152 4.915200e+04   1.141086e+04     0.235 ( 45060      0)     0.142 ( 49141      0)
"o_i:docn_strd_adv_total"                                                                                            -      49152    49152 4.915200e+04   1.141065e+04     0.235 ( 45060      0)     0.142 ( 49141      0)
"o_i:docn_strd_adv_readLBUB"                                                                                         -      49152    49152 4.915200e+04   1.127162e+04     0.230 (     8      0)     0.138 ( 49141      0)
"o_i:docn_readLBUB_setup"                                                                                            -      49152    49152 4.915200e+04   1.790154e-01     0.000 ( 14187      0)     0.000 ( 43123      0)
"o_i:docn_readLBUB_fbound"                                                                                           -      49152    49152 4.915200e+04   9.691937e-03     0.004 (     0      0)     0.000 (  4973      0)
"o_i:docn_readLBUB_bcast"                                                                                            -      49152    49152 4.915200e+04   1.884001e+02     0.006 (  5114      0)     0.000 ( 12956      0)
"o_i:docn_readLBUB_LB_setup"                                                                                         -      49152    49152 4.915200e+04   5.776997e-03     0.000 (     0      0)     0.000 (  1732      0)
"o_i:docn_readLBUB_LB_readpio"                                                                                       -      49152    49152 4.915200e+04   1.078168e+04     0.220 (  4278      0)     0.132 ( 49140      0)
"o_i:PIO:openfile"                                                                                                   -      49152    49152 4.915200e+04   1.036697e+04     0.212 (  9322      0)     0.124 ( 49150      0)
"o_i:PIO:pio_inq_varid_file_vdesc"                                                                                   -      49152    49152 1.966080e+05   1.818469e+01     0.002 ( 43924      0)     0.000 ( 34000      0)
"o_i:PIO:pio_inq_varid_file_vid"                                                                                     -      49152    49152 1.966080e+05   1.810263e+01     0.002 ( 43924      0)     0.000 ( 34000      0)
"o_i:PIO:pio_inq_varndims_file_vdesc"                                                                                -      49152    49152 9.830400e+04   3.560515e+01     0.001 (     0      0)     0.000 ( 37426      0)
"o_i:PIO:pio_inq_varndims_file_vid"                                                                                  -      49152    49152 9.830400e+04   3.554976e+01     0.001 (     0      0)     0.000 ( 37426      0)
"o_i:PIO:pio_inq_vardimid_file_vdesc"                                                                                -      49152    49152 9.830400e+04   6.026961e+01     0.001 ( 48933      0)     0.001 ( 37420      0)
"o_i:PIO:pio_inq_vardimid_file_vid"                                                                                  -      49152    49152 9.830400e+04   6.023029e+01     0.001 ( 48933      0)     0.001 ( 37420      0)
"o_i:PIO:pio_inq_dimlen_file_dimid"                                                                                  -      49152    49152 2.949120e+05   3.632998e+01     0.001 ( 39782      0)     0.001 (     4      0)
"o_i:PIO:pio_inq_dimlen_file_dimid_offlen"                                                                           -      49152    49152 2.949120e+05   3.624018e+01     0.001 ( 39782      0)     0.001 (     4      0)
"o_i:PIO:pio_inq_vartype_file_vdesc"                                                                                 -      49152    49152 9.830400e+04   3.393188e+01     0.001 (     7      0)     0.000 ( 25291      0)
"o_i:PIO:pio_inq_vartype_file_vid"                                                                                   -      49152    49152 9.830400e+04   3.388456e+01     0.001 (     9      0)     0.000 ( 25291      0)
"o_i:PIO:read_darray_1d_real"                                                                                        -      49152    49152 9.830400e+04   4.053604e+02     0.009 ( 28020      0)     0.007 ( 10039      0)
"o_i:PIO:PIOc_read_darray"                                                                                           -      49152    49152 9.830400e+04   4.049397e+02     0.009 ( 28020      0)     0.007 ( 10039      0)
"o_i:PIO:read_darray_nc"                                                                                             -      49152    49152 9.830400e+04   1.663645e+01     0.005 (     0      0)     0.000 ( 42409      0)
"o_i:PIO:rearrange_io2comp"                                                                                          -      49152    49152 9.830400e+04   2.997439e+02     0.008 ( 15923      0)     0.002 ( 46620      0)
"o_i:docn_readLBUB_UB_setup"                                                                                         -      49152    49152 4.915200e+04   3.512507e-02     0.000 (     0      0)     0.000 (  6863      0)
"o_i:docn_readLBUB_UB_readpio"                                                                                       -      49152    49152 4.915200e+04   2.984107e+02     0.006 (  8609      0)     0.005 (  3912      0)
"o_i:docn_readLBUB_filemgt"                                                                                          -      49152    49152 4.915200e+04   9.825517e-03     0.000 ( 46264      0)     0.000 ( 29532      0)
"o_i:docn_strd_adv_fill"                                                                                             -      49152    49152 4.915200e+04   4.007585e+01     0.001 ( 17968      0)     0.001 ( 34883      0)
"o_i:docn_strd_adv_map"                                                                                              -      49152    49152 4.915200e+04   9.746163e+01     0.004 ( 45797      0)     0.000 ( 16928      0)
"o_i:docn_strd_adv_tint"                                                                                             -      49152    49152 4.915200e+04   6.776021e-01     0.000 (  2399      0)     0.000 ( 27842      0)
"o_i:docn_scatter"                                                                                                   -      49152    49152 4.915200e+04   1.077718e+01     0.000 ( 17964      0)     0.000 (  5612      0)
"o_i:docn_datamode"                                                                                                  -      49152    49152 4.915200e+04   6.045730e-01     0.000 ( 27911      0)     0.000 ( 24248      0)
"o_i:docn_run2"                                                                                                      -      49152    49152 4.915200e+04   6.837710e-02     0.000 ( 27909      0)     0.000 (  8707      0)
"CPL:comp_init_cc_ice"                                                                                               -      49152    49152 4.915200e+04   3.186979e+06    64.840 ( 16650      0)    64.837 ( 45060      0)
"i_i:comp_init"                                                                                                      -      49152    49152 4.915200e+04   3.180498e+06    64.836 ( 49145      0)    64.706 (  4439      0)
"i_i:cice_init"                                                                                                      -      49152    49152 4.915200e+04   8.788976e+05    17.882 ( 20940      0)    17.880 ( 48794      0)
"i_i:ice_HaloUpdate2DR8"                                                                                             -      49152    49152 1.966080e+05   1.707381e+01     0.804 (     1      0)     0.000 (  5332      0)
"i_i:ice_HU2DR8_init"                                                                                                -      49152    49152 1.966080e+05   8.704997e-02     0.000 ( 38862      0)     0.000 ( 15916      0)
"i_i:state_bound_h1"                                                                                                 -      49152    49152 4.915200e+04   6.983647e+00     0.001 ( 37295      0)     0.000 ( 34552      0)
"i_i:ice_HaloUpdate3DR8"                                                                                             -      49152    49152 2.457600e+05   6.843725e+00     0.001 ( 37295      0)     0.000 ( 34552      0)
"i_i:ice_HU3DR8_init"                                                                                                -      49152    49152 2.457600e+05   5.933167e-01     0.000 (  6623      0)     0.000 ( 24853      0)
"i_i:ice_HU3DR8_recvall"                                                                                             -      49152    49152 2.457600e+05   2.434166e+00     0.001 ( 38797      0)     0.000 ( 40156      0)
"i_i:state_bound_hm"                                                                                                 -      49152    49152 4.915200e+04   8.620702e-02     0.000 (  3073      0)     0.000 ( 12467      0)
"i_i:state_bound_hc"                                                                                                 -      49152    49152 4.915200e+04   7.497473e-01     0.000 ( 48854      0)     0.000 ( 27923      0)
"i_i:state_bound_h2"                                                                                                 -      49152    49152 4.915200e+04   4.602646e+00     0.001 ( 38798      0)     0.000 ( 35376      0)
"i_i:ice_HaloUpdate4DR8"                                                                                             -      49152    49152 4.915200e+04   2.996869e+00     0.000 ( 20940      0)     0.000 ( 27060      0)
"i_i:ice_HU4DR8_init"                                                                                                -      49152    49152 4.915200e+04   6.199586e-01     0.000 (   574      0)     0.000 (    37      0)
"i_i:ice_HU4DR8_recvall"                                                                                             -      49152    49152 4.915200e+04   9.468678e-02     0.000 ( 46234      0)     0.000 (  1481      0)
"i_i:state_bound_hd"                                                                                                 -      49152    49152 4.915200e+04   2.536788e-02     0.000 ( 12162      0)     0.000 ( 10428      0)
"i_i:cice_mct_init"                                                                                                  -      49152    49152 4.915200e+04   2.301568e+06    46.954 ( 49145      0)    46.824 (   614      0)
"i_i:PIO:initdecomp"                                                                                                 -      49152    49152 1.474560e+05   1.775481e+05     3.745 (     8      0)     3.470 (     0      0)
"i_i:PIO:PIOc_initdecomp"                                                                                            -      49152    49152 1.474560e+05   1.775473e+05     3.745 (     6      0)     3.470 (     0      0)
"i_i:PIO:box_rearrange_create"                                                                                       -      49152    49152 1.474560e+05   1.704569e+05     3.468 ( 18220      0)     3.468 (  1959      0)
"i_i:PIO:pio_swapm"                                                                                                  -      49152    49152 4.423680e+05   1.604841e+05     3.460 ( 39600      0)     2.875 ( 10753      0)
"CPL:comp_init_cc_glc"                                                                                               -      49152    49152 4.915200e+04   1.665125e+02     0.004 ( 47640      0)     0.003 ( 14300      0)
"g_i:comp_init"                                                                                                      -      49152    49152 4.915200e+04   7.596017e-02     0.000 ( 37958      0)     0.000 ( 11361      0)
"CPL:comp_init_cc_wav"                                                                                               -      49152    49152 4.915200e+04   1.504749e+02     0.003 ( 11290      0)     0.003 (     0      0)
"w_i:comp_init"                                                                                                      -      49152    49152 4.915200e+04   4.630858e-02     0.000 (  6076      0)     0.000 (  5248      0)
"CPL:comp_init_cc_esp"                                                                                               -      49152    49152 4.915200e+04   1.300621e+02     0.003 ( 24843      0)     0.002 ( 11290      0)
"e_i:comp_init"                                                                                                      -      49152    49152 4.915200e+04   4.169274e-02     0.000 ( 15530      0)     0.000 ( 12959      0)
"CPL:comp_init_cx_all"                                                                                               -      49152    49152 4.915200e+04   1.962666e+04     0.401 (     7      0)     0.399 (   208      0)
"CPL:comp_list_all"                                                                                                  -      49152    49152 4.915200e+04   2.091003e+00     0.001 ( 32277      0)     0.000 (     0      0)
"CPL:init_maps"                                                                                                      -      49152    49152 4.915200e+04   3.300438e+03     0.084 ( 16429      0)     0.060 (   650      0)
"CPL:init_aream"                                                                                                     -      49152    49152 4.915200e+04   4.314336e+02     0.024 ( 20008      0)     0.000 (  8593      0)
"CPL:init_domain_check"                                                                                              -      49152    49152 4.915200e+04   6.439541e+02     0.028 (  1677      0)     0.004 ( 20007      0)
"CPL:init_areacor"                                                                                                   -      49152    49152 4.915200e+04   3.162954e+02     0.006 ( 47244      0)     0.006 ( 46162      0)
"CPL:init_fracs"                                                                                                     -      49152    49152 4.915200e+04   1.080642e+02     0.005 (    13      0)     0.002 ( 24160      0)
"CPL:init_aoflux"                                                                                                    -      49152    49152 4.915200e+04   5.464493e+00     0.000 ( 19035      0)     0.000 ( 25670      0)
"CPL:init_atminit"                                                                                                   -      49152    49152 2.949120e+05   1.517932e+02     0.006 (  1749      0)     0.002 (  8507      0)
"CPL:comp_init_cc_atm2"                                                                                              -      49152    49152 4.915200e+04   4.268697e+02     0.010 ( 24161      0)     0.006 (     5      0)
"CPL:init_readrestart"                                                                                               -      49152    49152 4.915200e+04   4.276402e+00     0.000 ( 12006      0)     0.000 ( 19480      0)
"CPL:cime_run_init"                                                                                                  -      49152    49152 4.915200e+04   1.286788e+01     0.007 (     0      0)     0.000 ( 26061      0)
"CPL:INIT_sync1_tprf"                                                                                                -      49152    49152 4.915200e+04   3.433028e+02     0.007 (     3      0)     0.000 (     0      0)
"CPL:INIT_t_prf"                                                                                                     -      49152    49152 4.915200e+04   1.482219e+01     0.104 (     0      0)     0.000 ( 10027      0)
"CPL:INIT_sync2_tprf"                                                                                                -      49152    49152 4.915200e+04   5.110707e+03     0.104 ( 10027      0)     0.000 (     0      0)
"CPL:RUN_LOOP_BSTART"                                                                                                -      49152    49152 4.915200e+04   2.441562e+00     0.000 ( 21080      0)     0.000 ( 31034      0)
"CPL:RUN_LOOP"                                                                                                       -      49152    49152 2.123366e+07   7.901399e+06   160.757 ( 38933      0)   160.751 (  7831      0)
"CPL:CLOCK_ADVANCE"                                                                                                  -      49152    49152 2.123366e+07   1.773002e+03     0.044 ( 29815      0)     0.035 ( 35824      0)
"CPL:RUN"                                                                                                            -      49152    49152 2.547548e+08   1.327175e+05     4.162 ( 37512      0)     1.397 ( 40675      0)
"CPL:OCNPRE1"                                                                                                        -      49152    49152 2.123366e+07   2.367256e+04     1.560 (   107      0)     0.193 ( 41291      0)
"CPL:ocnpre1_atm2ocn"                                                                                                -      49152    49152 2.123366e+07   2.365551e+04     1.560 (   107      0)     0.192 ( 41291      0)
"CPL:LNDPREP"                                                                                                        -      49152    49152 2.123366e+07   4.681221e+03     0.116 ( 21833      0)     0.084 ( 42899      0)
"CPL:lndprep_atm2lnd"                                                                                                -      49152    49152 2.123366e+07   4.393784e+03     0.112 ( 21833      0)     0.080 ( 34670      0)
"CPL:lndprep_mrgx2l"                                                                                                 -      49152    49152 2.123366e+07   2.540034e+02     0.009 ( 22377      0)     0.002 ( 21414      0)
"CPL:COMM"                                                                                                           -      49152    49152 1.485865e+08   2.738665e+05     8.669 ( 26640      0)     2.974 (  9034      0)
"CPL:C2L"                                                                                                            -      49152    49152 2.123366e+07   1.850901e+04     0.426 ( 46603      0)     0.287 (     0      0)
"CPL:c2l_lndx2lndl"                                                                                                  -      49152    49152 2.123366e+07   1.030756e+04     0.243 (  6473      0)     0.144 ( 10131      0)
"CPL:c2l_infoexch"                                                                                                   -      49152    49152 2.123366e+07   8.167636e+03     0.264 ( 49107      0)     0.070 (    11      0)
"CPL:ICEPREP"                                                                                                        -      49152    49152 2.123366e+07   1.769075e+03     0.053 ( 30484      0)     0.034 ( 27658      0)
"CPL:iceprep_ocn2ice"                                                                                                -      49152    49152 2.123366e+07   3.828127e+02     0.014 ( 25696      0)     0.007 (  3708      0)
"CPL:iceprep_atm2ice"                                                                                                -      49152    49152 2.123366e+07   5.640590e+02     0.018 (  8745      0)     0.011 ( 33259      0)
"CPL:iceprep_mrgx2i"                                                                                                 -      49152    49152 2.123366e+07   7.416650e+02     0.021 ( 30484      0)     0.014 (  3094      0)
"CPL:C2I"                                                                                                            -      49152    49152 2.123366e+07   7.121489e+03     0.151 ( 23242      0)     0.128 ( 30484      0)
"CPL:c2i_icex2icei"                                                                                                  -      49152    49152 2.123366e+07   5.607934e+02     0.016 ( 46188      0)     0.010 ( 32168      0)
"CPL:ice_infoexch"                                                                                                   -      49152    49152 2.123366e+07   6.539828e+03     0.140 ( 23242      0)     0.113 (  6162      0)
"CPL:ICE_RUN"                                                                                                        -      49152    49152 2.123366e+07   9.408371e+04     2.423 ( 37374      0)     1.809 ( 43623      0)
"i:cice_run_total"                                                                                                   -      49152    49152 2.123366e+07   9.260646e+04     2.392 ( 37374      0)     1.779 ( 43623      0)
"i:cice_run_import"                                                                                                  -      49152    49152 2.123366e+07   2.171982e+03     0.061 (  8433      0)     0.040 ( 30946      0)
"i:cice_imp_ocn"                                                                                                     -      49152    49152 2.123366e+07   2.228006e+02     0.007 (  6164      0)     0.004 ( 12487      0)
"i:cice_imp_atm"                                                                                                     -      49152    49152 2.123366e+07   2.187289e+02     0.008 (  6162      0)     0.004 ( 11416      0)
"i:cice_run_initmd"                                                                                                  -      49152    49152 2.123366e+07   5.728027e+04     1.263 (    10      0)     1.097 ( 40716      0)
"i:cice_run_presc"                                                                                                   -      49152    49152 2.123366e+07   7.299282e+03     0.163 ( 42184      0)     0.141 (  2926      0)
"i:cice_pice_strd_adv_total"                                                                                         -      49152    49152 2.123366e+07   4.932515e+03     0.105 ( 45044      0)     0.097 ( 27070      0)
"i:cice_pice_strd_adv_readLBUB"                                                                                      -      49152    49152 2.123366e+07   4.497949e+03     0.092 ( 36870      0)     0.091 ( 31420      0)
"i:cice_pice_readLBUB_setup"                                                                                         -      49152    49152 2.123366e+07   6.713291e+00     0.000 (  6162      0)     0.000 ( 23791      0)
"i:cice_pice_readLBUB_fbound"                                                                                        -      49152    49152 9.830400e+04   1.465533e-02     0.004 (     0      0)     0.000 ( 27755      0)
"i:cice_pice_readLBUB_bcast"                                                                                         -      49152    49152 9.830400e+04   2.071046e+02     0.005 ( 42593      0)     0.000 (     0      0)
"i:cice_pice_readLBUB_LB_setup"                                                                                      -      49152    49152 4.915200e+04   1.411081e-02     0.000 (     0      0)     0.000 ( 32967      0)
"i:cice_pice_readLBUB_LB_readpio"                                                                                    -      49152    49152 4.915200e+04   3.684475e+03     0.077 ( 20040      0)     0.075 (     1      0)
"i:PIO:openfile"                                                                                                     -      49152    49152 4.915200e+04   3.336938e+03     0.069 (     0      0)     0.067 (     1      0)
"i:PIO:pio_inq_varid_file_vdesc"                                                                                     -      49152    49152 2.949120e+05   2.622008e+01     0.004 ( 43924      0)     0.000 ( 14312      0)
"i:PIO:pio_inq_varid_file_vid"                                                                                       -      49152    49152 2.949120e+05   2.610069e+01     0.004 ( 43924      0)     0.000 ( 14312      0)
"i:PIO:pio_inq_varndims_file_vdesc"                                                                                  -      49152    49152 1.474560e+05   5.524015e+01     0.003 (     0      0)     0.001 (     1      0)
"i:PIO:pio_inq_varndims_file_vid"                                                                                    -      49152    49152 1.474560e+05   5.515911e+01     0.003 (     0      0)     0.001 (     1      0)
"i:PIO:pio_inq_vardimid_file_vdesc"                                                                                  -      49152    49152 1.474560e+05   9.025967e+01     0.002 (  9436      0)     0.001 ( 34919      0)
"i:PIO:pio_inq_vardimid_file_vid"                                                                                    -      49152    49152 1.474560e+05   9.019745e+01     0.002 (  9435      0)     0.001 ( 34908      0)
"i:PIO:pio_inq_dimlen_file_dimid"                                                                                    -      49152    49152 4.423680e+05   5.440356e+01     0.001 (  9478      0)     0.001 ( 20046      0)
"i:PIO:pio_inq_dimlen_file_dimid_offlen"                                                                             -      49152    49152 4.423680e+05   5.427067e+01     0.001 (  9477      0)     0.001 ( 22692      0)
"i:PIO:pio_inq_vartype_file_vdesc"                                                                                   -      49152    49152 1.474560e+05   4.952662e+01     0.002 (     7      0)     0.000 ( 14642      0)
"i:PIO:pio_inq_vartype_file_vid"                                                                                     -      49152    49152 1.474560e+05   4.945707e+01     0.002 (     6      0)     0.000 ( 14642      0)
"i:PIO:read_darray_1d_real"                                                                                          -      49152    49152 1.474560e+05   4.444593e+02     0.011 ( 34908      0)     0.008 ( 29440      0)
"i:PIO:PIOc_read_darray"                                                                                             -      49152    49152 1.474560e+05   4.437820e+02     0.011 ( 34908      0)     0.008 ( 29440      0)
"i:PIO:read_darray_nc"                                                                                               -      49152    49152 1.474560e+05   1.948451e+01     0.005 (     0      0)     0.000 ( 35312      0)
"i:PIO:rearrange_io2comp"                                                                                            -      49152    49152 1.474560e+05   3.231877e+02     0.009 ( 22695      0)     0.002 ( 49128      0)
"i:PIO:pio_swapm"                                                                                                    -      49152    49152 1.474560e+05   3.011282e+02     0.009 ( 22694      0)     0.002 ( 49128      0)
"i:cice_pice_readLBUB_UB_setup"                                                                                      -      49152    49152 9.830400e+04   4.338760e-02     0.000 (     0      0)     0.000 ( 19110      0)
"i:cice_pice_readLBUB_UB_readpio"                                                                                    -      49152    49152 9.830400e+04   5.417258e+02     0.012 ( 32448      0)     0.009 ( 22684      0)
"i:cice_pice_readLBUB_filemgt"                                                                                       -      49152    49152 2.123366e+07   3.652167e+00     0.000 (  6780      0)     0.000 ( 26268      0)
"i:cice_pice_strd_adv_map"                                                                                           -      49152    49152 9.830400e+04   2.104481e+02     0.009 ( 45060      0)     0.001 (  3782      0)
"i:cice_pice_strd_adv_tint"                                                                                          -      49152    49152 2.123366e+07   1.461927e+02     0.004 ( 46932      0)     0.003 ( 39762      0)
"i:cice_run_initflux"                                                                                                -      49152    49152 2.123366e+07   9.305116e+01     0.002 ( 46694      0)     0.002 ( 30399      0)
"i:cice_run_prepradiation"                                                                                           -      49152    49152 2.123366e+07   8.248075e+01     0.004 ( 45044      0)     0.001 ( 49054      0)
"i:cice_run_therm1"                                                                                                  -      49152    49152 2.123366e+07   2.836641e+03     0.211 ( 45044      0)     0.048 ( 15527      0)
"i:cice_run_dyn"                                                                                                     -      49152    49152 2.123366e+07   1.170420e+00     0.000 ( 42498      0)     0.000 ( 23514      0)
"i:cice_run_radiation"                                                                                               -      49152    49152 2.123366e+07   1.958231e+03     0.454 ( 39421      0)     0.025 ( 44986      0)
"i:cice_step_radiationib"                                                                                            -      49152    49152 2.123366e+07   1.745816e+03     0.449 ( 39421      0)     0.021 ( 44986      0)
"i:cice_step_rib_swdedd1"                                                                                            -      49152    49152 2.123366e+07   1.858479e+02     0.007 ( 24417      0)     0.001 ( 15573      0)
"i:cice_step_rib_swdedd2"                                                                                            -      49152    49152 2.123366e+07   1.164593e+02     0.004 ( 45044      0)     0.002 ( 26698      0)
"i:cice_step_rib_swdedd7"                                                                                            -      49152    49152 2.123366e+07   1.291974e+03     0.439 ( 39421      0)     0.012 ( 44963      0)
"i:cice_run_couplingprep"                                                                                            -      49152    49152 2.123366e+07   2.075031e+03     0.579 ( 37447      0)     0.021 ( 14625      0)
"i:ice_HaloUpdate2DR8"                                                                                               -      49152    49152 2.123366e+07   1.215234e+03     0.562 ( 37447      0)     0.004 ( 15471      0)
"i:ice_HU2DR8_init"                                                                                                  -      49152    49152 2.123366e+07   9.279169e+00     0.001 ( 35551      0)     0.000 ( 43116      0)
"i:cice_run_diag"                                                                                                    -      49152    49152 2.123366e+07   1.635404e+04     0.338 ( 28238      0)     0.308 ( 37406      0)
"i:cice_run_hist"                                                                                                    -      49152    49152 2.123366e+07   1.397889e+03     0.039 ( 10940      0)     0.020 ( 37853      0)
"i:cice_run_accum"                                                                                                   -      49152    49152 2.123366e+07   9.075905e+01     0.003 ( 39144      0)     0.002 ( 27362      0)
"i:cice_run_export"                                                                                                  -      49152    49152 2.123366e+07   6.745442e+02     0.022 ( 45044      0)     0.012 ( 26160      0)
"CPL:LND_RUN"                                                                                                        -      49152    49152 2.123366e+07   5.426488e+05    12.928 ( 30485      0)     9.828 ( 48418      0)
"l:lc_lnd_import"                                                                                                    -      49152    49152 2.123366e+07   6.766643e+02     0.026 ( 18001      0)     0.011 ( 42434      0)
"l:elm_run"                                                                                                          -      49152    49152 2.128282e+07   5.402634e+05    12.869 ( 30485      0)     9.779 ( 48418      0)
"l:shr_orb_decl"                                                                                                     -      49152    49152 2.128282e+07   1.679532e+01     0.000 ( 35248      0)     0.000 (  1294      0)
"l:decomp_vert"                                                                                                      -      49152    49152 2.128282e+07   8.219170e+01     0.004 ( 18392      0)     0.001 ( 39310      0)
"l:beggridwbal"                                                                                                      -      49152    49152 2.128282e+07   1.671222e+03     0.046 (  1271      0)     0.027 ( 27532      0)
"l:cnpinit"                                                                                                          -      49152    49152 2.128282e+07   1.463260e+01     0.001 ( 36556      0)     0.000 ( 13678      0)
"l:cnpvegsumm"                                                                                                       -      49152    49152 2.128282e+07   2.017640e+00     0.000 ( 10047      0)     0.000 ( 48636      0)
"l:dyn_subgrid"                                                                                                      -      49152    49152 2.128282e+07   1.014452e+04     0.280 ( 21937      0)     0.173 ( 34898      0)
"l:begwbal"                                                                                                          -      49152    49152 2.128282e+07   1.808023e+02     0.007 (  4716      0)     0.002 ( 24792      0)
"l:begcnpbal"                                                                                                        -      49152    49152 2.128282e+07   1.576702e+00     0.000 ( 45216      0)     0.000 (  8307      0)
"l:drvinit"                                                                                                          -      49152    49152 2.128282e+07   1.257143e+03     0.047 (  1271      0)     0.022 ( 39086      0)
"l:canhydro"                                                                                                         -      49152    49152 2.128282e+07   1.737116e+03     0.070 ( 21937      0)     0.025 ( 25727      0)
"l:surfrad"                                                                                                          -      49152    49152 2.128282e+07   3.856357e+03     0.135 ( 21937      0)     0.063 ( 34697      0)
"l:bgp1"                                                                                                             -      49152    49152 2.128282e+07   2.195553e+03     0.115 ( 21937      0)     0.030 ( 34466      0)
"l:bgflux"                                                                                                           -      49152    49152 2.128282e+07   2.559657e+03     0.085 ( 22385      0)     0.031 ( 38979      0)
"l:canflux"                                                                                                          -      49152    49152 2.128282e+07   1.000013e+05     3.271 ( 40276      0)     1.157 ( 24809      0)
"l:can_iter"                                                                                                         -      49152    49152 2.128282e+07   8.231130e+04     2.854 ( 40276      0)     0.869 ( 24809      0)
"l:uflux"                                                                                                            -      49152    49152 2.128282e+07   1.549874e+03     0.089 ( 48601      0)     0.008 ( 39373      0)
"l:bgplake"                                                                                                          -      49152    49152 2.128282e+07   8.097128e+03     0.289 ( 48305      0)     0.099 ( 26473      0)
"l:bgc"                                                                                                              -      49152    49152 2.128282e+07   5.733532e+03     0.188 (  4033      0)     0.087 ( 24805      0)
"l:soiltemperature"                                                                                                  -      49152    49152 2.128282e+07   6.046811e+04     1.550 ( 21937      0)     1.002 ( 47621      0)
"l:SoilThermProp"                                                                                                    -      49152    49152 2.128282e+07   3.471964e+03     0.123 ( 21937      0)     0.046 ( 22426      0)
"l:SoilTempBandDiag"                                                                                                 -      49152    49152 4.256563e+07   6.806253e+03     0.264 (  6606      0)     0.095 ( 37166      0)
"l:PhaseChangeH2osfc"                                                                                                -      49152    49152 2.128282e+07   4.572591e+01     0.004 ( 26383      0)     0.000 ( 13918      0)
"l:PhaseChangebeta"                                                                                                  -      49152    49152 2.128282e+07   1.458708e+03     0.078 (  6165      0)     0.015 ( 39387      0)
"l:bgp2"                                                                                                             -      49152    49152 2.128282e+07   2.724510e+03     0.100 ( 21937      0)     0.040 ( 24797      0)
"l:bgp2_loop_1"                                                                                                      -      49152    49152 2.128282e+07   4.366537e+02     0.015 (  1271      0)     0.007 ( 34898      0)
"l:bgp2_loop_2"                                                                                                      -      49152    49152 2.128282e+07   7.505885e+02     0.030 ( 21937      0)     0.012 ( 26081      0)
"l:bgp2_loop_3"                                                                                                      -      49152    49152 2.128282e+07   1.169987e+03     0.037 ( 21937      0)     0.015 ( 27537      0)
"l:bgp2_loop_4"                                                                                                      -      49152    49152 2.128282e+07   2.906755e+02     0.016 ( 21937      0)     0.004 ( 24797      0)
"l:patch2col"                                                                                                        -      49152    49152 2.128282e+07   1.360821e+03     0.047 ( 44537      0)     0.020 ( 32170      0)
"l:hydro without drainage"                                                                                           -      49152    49152 2.128282e+07   1.908705e+04     0.880 ( 12413      0)     0.295 ( 36430      0)
"l:hylake"                                                                                                           -      49152    49152 2.128282e+07   1.737786e+03     0.079 ( 21726      0)     0.024 ( 13037      0)
"l:snow_init"                                                                                                        -      49152    49152 2.128282e+07   1.778372e+02     0.010 (  9483      0)     0.002 ( 46841      0)
"l:ecosysdyn"                                                                                                        -      49152    49152 2.128282e+07   5.055701e+02     0.016 (  1271      0)     0.008 ( 27550      0)
"l:depvel"                                                                                                           -      49152    49152 4.256563e+07   1.328279e+01     0.001 ( 13737      0)     0.000 (  6579      0)
"l:hydro2 drainage"                                                                                                  -      49152    49152 2.128282e+07   1.513122e+03     0.055 ( 21937      0)     0.021 ( 36273      0)
"l:balchk"                                                                                                           -      49152    49152 2.128282e+07   2.224267e+03     0.061 ( 21937      0)     0.036 ( 27369      0)
"l:gridbalchk"                                                                                                       -      49152    49152 2.128282e+07   1.092990e+03     0.027 (  3435      0)     0.019 ( 17067      0)
"l:lnd2atm"                                                                                                          -      49152    49152 2.128282e+07   8.080975e+03     0.247 ( 49142      0)     0.143 ( 47621      0)
"l:wrtdiag"                                                                                                          -      49152    49152 2.128282e+07   1.670135e+02     0.010 (     0      0)     0.003 ( 45476      0)
"l:hbuf"                                                                                                             -      49152    49152 2.128282e+07   3.169453e+04     0.779 (  5133      0)     0.559 ( 17067      0)
"l:elm_drv_io"                                                                                                       -      49152    49152 2.128282e+07   6.003207e+01     0.002 ( 44165      0)     0.001 (  7276      0)
"l:elm_drv_io_htapes"                                                                                                -      49152    49152 2.128282e+07   4.941763e+01     0.002 ( 44165      0)     0.001 ( 27518      0)
"l:lc_lnd_export"                                                                                                    -      49152    49152 2.128282e+07   3.222333e+02     0.009 ( 32030      0)     0.006 ( 26162      0)
"l:lc_elm2_adv_timestep"                                                                                             -      49152    49152 2.128282e+07   1.225108e+01     0.001 ( 34664      0)     0.000 ( 25488      0)
"l:accum"                                                                                                            -      49152    49152 2.123366e+07   5.741701e+03     0.135 ( 16428      0)     0.107 ( 39179      0)
"CPL:ATMOCNP"                                                                                                        -      49152    49152 2.123366e+07   4.540455e+03     0.155 (  9724      0)     0.020 ( 45433      0)
"CPL:atmocnp_fluxo"                                                                                                  -      49152    49152 2.123366e+07   3.826275e+03     0.138 (  9724      0)     0.006 (  5444      0)
"CPL:atmocnp_ocnalb"                                                                                                 -      49152    49152 2.123366e+07   6.715042e+02     0.025 ( 16188      0)     0.009 ( 28835      0)
"CPL:L2C"                                                                                                            -      49152    49152 2.123366e+07   2.121106e+04     1.622 ( 48135      0)     0.176 ( 49053      0)
"CPL:l2c_lndl2lndx"                                                                                                  -      49152    49152 2.123366e+07   2.113501e+04     1.620 ( 48135      0)     0.174 ( 49053      0)
"lnd2cpl_run"                                                                                                        -      49152    49152 2.123366e+07   4.801516e+01     0.001 (  7548      0)     0.001 ( 47141      0)
"CPL:LNDPOST"                                                                                                        -      49152    49152 2.123366e+07   1.186088e+01     0.000 (  9674      0)     0.000 (  4297      0)
"CPL:I2C"                                                                                                            -      49152    49152 2.123366e+07   7.438609e+02     0.022 ( 26383      0)     0.014 ( 36874      0)
"CPL:i2c_icei2icex"                                                                                                  -      49152    49152 2.123366e+07   6.917324e+02     0.021 ( 26383      0)     0.013 ( 32441      0)
"CPL:i2c_infoexch"                                                                                                   -      49152    49152 2.123366e+07   2.202492e+01     0.001 (  9287      0)     0.000 ( 45720      0)
"CPL:ICEPOST"                                                                                                        -      49152    49152 2.123366e+07   1.740527e+00     0.000 ( 33202      0)     0.000 ( 23134      0)
"CPL:FRACSET"                                                                                                        -      49152    49152 2.123366e+07   1.251377e+04     1.423 ( 41927      0)     0.093 ( 41341      0)
"CPL:fracset_fracset"                                                                                                -      49152    49152 2.123366e+07   1.250437e+04     1.422 ( 41927      0)     0.092 ( 41341      0)
"CPL:ATMPREP"                                                                                                        -      49152    49152 2.123366e+07   8.530837e+04     2.789 ( 45049      0)     0.865 ( 40675      0)
"CPL:atmprep_xao2atm"                                                                                                -      49152    49152 2.123366e+07   2.400034e+04     1.508 ( 14763      0)     0.183 ( 41241      0)
"CPL:atmprep_ocn2atm"                                                                                                -      49152    49152 2.123366e+07   1.580647e+04     1.082 ( 41934      0)     0.178 ( 24224      0)
"CPL:atmprep_alb2atm"                                                                                                -      49152    49152 2.123366e+07   6.367779e+03     0.832 ( 26056      0)     0.085 ( 41436      0)
"CPL:atmprep_ice2atm"                                                                                                -      49152    49152 2.123366e+07   1.377964e+04     1.255 ( 39681      0)     0.184 ( 41226      0)
"CPL:atmprep_lnd2atm"                                                                                                -      49152    49152 2.123366e+07   2.314060e+04     1.909 ( 47615      0)     0.183 ( 12404      0)
"CPL:atmprep_mrgx2a"                                                                                                 -      49152    49152 2.123366e+07   2.104350e+03     0.075 (  8435      0)     0.029 ( 34675      0)
"CPL:C2A"                                                                                                            -      49152    49152 2.123366e+07   5.057113e+04     2.452 ( 41258      0)     0.381 ( 45058      0)
"CPL:c2a_atmx2atmg"                                                                                                  -      49152    49152 2.123366e+07   2.541983e+04     1.992 (   381      0)     0.145 ( 17032      0)
"CPL:c2a_infoexch"                                                                                                   -      49152    49152 2.123366e+07   2.512517e+04     1.331 ( 21795      0)     0.117 (  6960      0)
"CPL:ATM_RUN"                                                                                                        -      49152    49152 2.123366e+07   6.770835e+06   139.965 ( 15558      0)   135.961 ( 26640      0)
"a:EAMxx::run"                                                                                                       -      49152    49152 2.123366e+07   6.769162e+06   139.931 ( 15558      0)   135.927 ( 26640      0)
"a:PIO:PIOc_sync"                                                                                                    -      49152    49152 4.915200e+04   1.076005e+00     0.000 (  7968      0)     0.000 ( 41205      0)
"a:PIO:write_total"                                                                                                  -      49152    49152 4.915200e+04   9.777800e-01     0.000 (  7968      0)     0.000 (  9830      0)
"a:PIO:flush_output_buffer"                                                                                          -       4096     4096 4.096000e+03   4.307004e-01     0.000 (  7968      0)     0.000 ( 11724      0)
"a:EAMxx::EAMxx::run"                                                                                                -      49152    49152 2.123366e+07   6.766195e+06   139.871 ( 15558      0)   135.868 ( 26640      0)
"a:EAMxx::EAMxx::run-precondition-checks"                                                                            -      49152    49152 2.123366e+07   7.200153e+00     0.000 ( 10614      0)     0.000 ( 40302      0)
"a:EAMxx::SurfaceCouplingImporter::run"                                                                              -      49152    49152 2.123366e+07   1.311832e+04     0.279 ( 46485      0)     0.252 (  1392      0)
"a:EAMxx::SurfaceCouplingImporter::run-precondition-checks"                                                          -      49152    49152 2.123366e+07   3.785747e+00     0.000 ( 35519      0)     0.000 (   568      0)
"a:EAMxx::SurfaceCouplingImporter::run-postcondition-checks"                                                         -      49152    49152 2.123366e+07   1.126436e+04     0.241 ( 46485      0)     0.216 (  1392      0)
"a:EAMxx::homme::run"                                                                                                -      49152    49152 2.123366e+07   6.375382e+06   129.965 (     7      0)   129.575 ( 22820      0)
"a:EAMxx::homme::run-precondition-checks"                                                                            -      49152    49152 2.123366e+07   3.738879e+00     0.000 (  7312      0)     0.000 ( 28216      0)
"a:tl-sc prim_run_subcycle_c"                                                                                        -      49152    49152 4.246733e+07   6.223856e+06   126.861 (    51      0)   126.413 ( 18257      0)
"a:tl-s prim_step_flexible"                                                                                          -      49152    49152 4.246733e+07   6.223665e+06   126.857 (    51      0)   126.409 ( 18257      0)
"a:ApplyCAMForcing_tracers"                                                                                          -      49152    49152 2.123366e+07   7.655243e+03     0.165 ( 35527      0)     0.144 (  3356      0)
"a:tl-s deep_copy+derived_dp"                                                                                        -      49152    49152 4.246733e+07   1.373733e+03     0.031 (  9394      0)     0.026 ( 22490      0)
"a:ApplyCAMForcing_dynamics"                                                                                         -      49152    49152 1.274020e+08   9.372473e+03     0.282 ( 28036      0)     0.164 (  1754      0)
"a:tl-ae prim_advance_exp"                                                                                           -      49152    49152 2.548040e+08   4.745101e+06   101.320 ( 12233      0)    93.700 ( 31597      0)
"a:ttype9_imex_timestep"                                                                                             -      49152    49152 2.548040e+08   4.034112e+06    87.249 ( 11721      0)    79.186 ( 25179      0)
"a:caar compute"                                                                                                     -      49152    49152 2.548040e+09   8.283400e+05    18.107 ( 44683      0)    15.598 (  8616      0)
"a:caar_bexchV"                                                                                                      -      49152    49152 1.274020e+09   9.473975e+05    24.829 ( 11762      0)    15.124 ( 35011      0)
"a:caar limiter"                                                                                                     -      49152    49152 1.528824e+09   7.253084e+05    18.308 ( 35011      0)    12.178 ( 47216      0)
"a:compute_stage_value_dirk"                                                                                         -      49152    49152 1.274020e+09   1.512553e+06    33.516 ( 35011      0)    28.512 ( 14573      0)
"a:tl-ae advance_hypervis_dp"                                                                                        -      49152    49152 2.548040e+08   7.052801e+05    17.128 ( 12228      0)    11.825 ( 35011      0)
"a:hvf-bhwk"                                                                                                         -      49152    49152 2.548040e+08   3.065017e+05     8.069 ( 12208      0)     4.791 ( 25806      0)
"a:hvf-bexch"                                                                                                        -      49152    49152 7.644119e+08   4.870644e+05    12.834 ( 12228      0)     7.311 ( 35011      0)
"a:tl-sc vertical_remap"                                                                                             -      49152    49152 1.274020e+08   2.632187e+05     5.688 ( 35011      0)     5.014 ( 14268      0)
"a:Remap Thickness Functor"                                                                                          -      49152    49152 1.274020e+08   1.382060e+04     0.326 ( 38609      0)     0.259 (  8040      0)
"a:Remap Scale States Functor"                                                                                       -      49152    49152 1.274020e+08   5.862336e+03     0.146 ( 11731      0)     0.106 ( 46412      0)
"a:Remap Compute Grids Functor"                                                                                      -      49152    49152 1.274020e+08   1.550107e+04     0.341 (  1409      0)     0.293 (  8616      0)
"a:Remap Compute Remap Functor"                                                                                      -      49152    49152 1.274020e+08   1.739648e+05     3.833 ( 35011      0)     3.280 ( 47216      0)
"a:Remap Rescale States Functor"                                                                                     -      49152    49152 1.274020e+08   8.896863e+03     0.276 (  6255      0)     0.147 ( 28560      0)
"a:tl-at prim_advec_observe_velocity"                                                                                -      49152    49152 1.274020e+08   5.626381e+02     0.014 ( 38258      0)     0.010 ( 21831      0)
"a:tl-at prim_advec_tracers_compose"                                                                                 -      49152    49152 4.246733e+07   1.163507e+06    26.512 ( 31596      0)    18.817 ( 11465      0)
"a:compose_transport"                                                                                                -      49152    49152 4.246733e+07   1.163388e+06    26.510 ( 31596      0)    18.814 ( 11465      0)
"a:compose_calc_trajectory"                                                                                          -      49152    49152 4.246733e+07   5.477228e+04     1.500 ( 12202      0)     0.902 ( 20376      0)
"a:compose_3d_levels"                                                                                                -      49152    49152 4.246733e+07   2.306261e+04     0.501 ( 28537      0)     0.438 (  5928      0)
"a:compose_v_bexchv"                                                                                                 -      49152    49152 4.246733e+07   2.980098e+04     0.986 ( 12202      0)     0.394 ( 16537      0)
"a:compose_v2x"                                                                                                      -      49152    49152 4.246733e+07   1.778933e+03     0.042 (  8762      0)     0.033 ( 41454      0)
"a:compose_isl"                                                                                                      -      49152    49152 4.246733e+07   3.164272e+05     9.894 ( 38916      0)     4.298 ( 31971      0)
"a:compose_hypervis_scalar"                                                                                          -      49152    49152 4.246733e+07   3.324237e+05    10.168 ( 13072      0)     4.862 ( 18890      0)
"a:compose_cedr_global"                                                                                              -      49152    49152 4.246733e+07   4.198328e+05    12.936 ( 31987      0)     3.671 ( 38869      0)
"a:repro_sum_int"                                                                                                    -      49152    49152 4.246733e+07   3.812792e+05    12.129 ( 31987      0)     2.914 ( 38869      0)
"a:compose_cedr_local"                                                                                               -      49152    49152 4.246733e+07   8.527142e+03     0.212 ( 15159      0)     0.154 (  3581      0)
"a:compose_dss_q"                                                                                                    -      49152    49152 4.246733e+07   3.113966e+04     0.806 ( 23413      0)     0.486 ( 38424      0)
"a:compose_vertical_remap"                                                                                           -      49152    49152 4.246733e+07   3.131807e+04     0.681 ( 46644      0)     0.588 (  4495      0)
"a:shr_reprosum_INF_NaN_Chk"                                                                                         -      49152    49152 4.246733e+07   3.909116e+02     0.011 ( 10636      0)     0.008 ( 11490      0)
"a:shr_reprosum_int"                                                                                                 -      49152    49152 4.246733e+07   4.700051e+04     1.085 ( 12942      0)     0.808 ( 42551      0)
"a:repro_sum_loopa"                                                                                                  -      49152    49152 4.246733e+07   2.068730e+02     0.006 ( 39198      0)     0.004 ( 17273      0)
"a:repro_sum_allr_minmax"                                                                                            -      49152    49152 4.246733e+07   2.716128e+04     0.679 ( 12942      0)     0.408 ( 42551      0)
"a:repro_sum_loopb"                                                                                                  -      49152    49152 4.246733e+07   4.989983e+02     0.015 ( 43837      0)     0.010 ( 26488      0)
"a:repro_sum_allr_i8"                                                                                                -      49152    49152 4.246733e+07   1.889897e+04     0.391 ( 26129      0)     0.375 ( 45396      0)
"a:repro_sum_finalsum"                                                                                               -      49152    49152 4.246733e+07   3.837121e+01     0.001 ( 35196      0)     0.001 ( 33085      0)
"a:EAMxx::homme::run-postcondition-checks"                                                                           -      49152    49152 2.123366e+07   1.572527e+04     0.333 ( 34521      0)     0.301 (  1392      0)
"a:EAMxx::physics::run"                                                                                              -      49152    49152 2.123366e+07   3.607920e+05     9.594 ( 15558      0)     5.604 ( 26640      0)
"a:EAMxx::physics::run-precondition-checks"                                                                          -      49152    49152 2.123366e+07   5.743602e+00     0.000 ( 11246      0)     0.000 (  4024      0)
"a:EAMxx::mac_aero_mic::run"                                                                                         -      49152    49152 2.123366e+07   2.008937e+05     5.536 ( 15606      0)     3.282 ( 26640      0)
"a:EAMxx::mac_aero_mic::run-precondition-checks"                                                                     -      49152    49152 2.123366e+07   3.481997e+00     0.000 ( 41422      0)     0.000 ( 34563      0)
"a:EAMxx::tms::run"                                                                                                  -      49152    49152 2.123366e+07   1.801709e+03     0.042 ( 47921      0)     0.034 (  7620      0)
"a:EAMxx::tms::run-precondition-checks"                                                                              -      49152    49152 2.123366e+07   3.163260e+00     0.000 ( 45670      0)     0.000 ( 18753      0)
"a:EAMxx::tms::run-postcondition-checks"                                                                             -      49152    49152 2.123366e+07   1.171686e+03     0.029 ( 47921      0)     0.020 ( 23008      0)
"a:EAMxx::shoc::run"                                                                                                 -      49152    49152 2.123366e+07   8.557704e+04     2.060 ( 26173      0)     1.488 ( 30290      0)
"a:EAMxx::shoc::run-precondition-checks"                                                                             -      49152    49152 2.123366e+07   3.274426e+00     0.000 ( 41946      0)     0.000 ( 14460      0)
"a:EAMxx::shoc::run-postcondition-checks"                                                                            -      49152    49152 2.123366e+07   1.473726e+04     0.314 ( 11105      0)     0.281 ( 12470      0)
"a:EAMxx::cld_fraction::run"                                                                                         -      49152    49152 2.123366e+07   4.580176e+03     0.098 ( 20947      0)     0.087 (  8616      0)
"a:EAMxx::cld_fraction::run-precondition-checks"                                                                     -      49152    49152 2.123366e+07   5.211127e+00     0.000 ( 27711      0)     0.000 (  1930      0)
"a:EAMxx::cld_fraction::run-postcondition-checks"                                                                    -      49152    49152 2.123366e+07   3.973773e+03     0.085 ( 20947      0)     0.075 (  8616      0)
"a:EAMxx::spa::run"                                                                                                  -      49152    49152 2.123366e+07   3.622721e+04     0.782 ( 18255      0)     0.506 ( 22834      0)
"a:EAMxx::spa::run-precondition-checks"                                                                              -      49152    49152 2.123366e+07   3.321796e+00     0.000 ( 10533      0)     0.000 ( 14626      0)
"a:EAMxx::spa::run-postcondition-checks"                                                                             -      49152    49152 2.123366e+07   2.794694e+04     0.612 ( 29130      0)     0.341 ( 22834      0)
"a:EAMxx::p3::run"                                                                                                   -      49152    49152 2.123366e+07   7.199488e+04     2.854 ( 20791      0)     0.947 ( 29744      0)
"a:EAMxx::p3::run-precondition-checks"                                                                               -      49152    49152 2.123366e+07   1.449383e+03     0.202 ( 22319      0)     0.026 ( 14150      0)
"a:EAMxx::p3::run-postcondition-checks"                                                                              -      49152    49152 2.123366e+07   2.892993e+04     0.644 ( 35011      0)     0.378 ( 26640      0)
"a:EAMxx::mac_aero_mic::run-postcondition-checks"                                                                    -      49152    49152 2.123366e+07   4.430016e+00     0.000 ( 33042      0)     0.000 ( 26460      0)
"a:EAMxx::rrtmgp::run"                                                                                               -      49152    49152 2.123366e+07   1.592727e+05     4.255 ( 11603      0)     2.275 ( 26618      0)
"a:EAMxx::rrtmgp::run-precondition-checks"                                                                           -      49152    49152 2.123366e+07   6.518236e+02     0.015 ( 23205      0)     0.012 ( 10284      0)
"a:EAMxx::rrtmgp::run-postcondition-checks"                                                                          -      49152    49152 2.123366e+07   2.328900e+04     0.544 ( 44563      0)     0.419 (   832      0)
"a:EAMxx::physics::run-postcondition-checks"                                                                         -      49152    49152 2.123366e+07   3.104074e+00     0.000 (     6      0)     0.000 ( 11926      0)
"a:EAMxx::SurfaceCouplingExporter::run"                                                                              -      49152    49152 2.123366e+07   1.523947e+04     0.362 ( 11721      0)     0.279 ( 25466      0)
"a:EAMxx::SurfaceCouplingExporter::run-precondition-checks"                                                          -      49152    49152 2.123366e+07   5.527744e+00     0.000 ( 11160      0)     0.000 (  5727      0)
"a:EAMxx::SurfaceCouplingExporter::run-postcondition-checks"                                                         -      49152    49152 2.123366e+07   6.954887e+00     0.000 ( 23298      0)     0.000 ( 19755      0)
"a:EAMxx::EAMxx::run-postcondition-checks"                                                                           -      49152    49152 2.123366e+07   2.830285e+00     0.000 ( 27309      0)     0.000 ( 25943      0)
"a:EAMxx::IO::restart"                                                                                               -      49152    49152 2.123366e+07   9.625714e+01     0.003 ( 22934      0)     0.002 ( 24804      0)
"a:EAMxx::IO::model_restart"                                                                                         -      49152    49152 2.123366e+07   8.031838e+01     0.002 ( 10530      0)     0.001 ( 43054      0)
"a:EAMxx::IO::restart::get_new_file"                                                                                 -      49152    49152 2.123366e+07   2.271951e+00     0.000 ( 30426      0)     0.000 ( 32305      0)
"a:EAMxx::IO::restart::run_output_streams"                                                                           -      49152    49152 2.123366e+07   3.201538e+01     0.001 ( 10530      0)     0.000 (  5407      0)
"a:EAMxx::IO::standard"                                                                                              -      49152    49152 2.123366e+07   4.274401e+01     0.001 ( 29820      0)     0.001 ( 23668      0)
"a:EAMxx::IO::nooutput.yaml"                                                                                         -      49152    49152 2.123366e+07   3.023712e+01     0.001 ( 12076      0)     0.000 ( 14627      0)
"a:EAMxx::IO::standard::get_new_file"                                                                                -      49152    49152 2.123366e+07   9.986853e-01     0.000 ( 34017      0)     0.000 ( 13507      0)
"a:EAMxx::IO::standard::run_output_streams"                                                                          -      49152    49152 2.123366e+07   3.303679e+00     0.000 ( 20955      0)     0.000 ( 24587      0)
"CPL:A2C"                                                                                                            -      49152    49152 2.123366e+07   1.339085e+05     4.566 ( 26640      0)     0.750 ( 15558      0)
"CPL:a2c_atma2atmx"                                                                                                  -      49152    49152 2.123366e+07   7.521515e+04     3.623 ( 35210      0)     0.227 ( 15606      0)
"CPL:a2c_infoexch"                                                                                                   -      49152    49152 2.123366e+07   5.864831e+04     3.442 ( 26644      0)     0.030 (     0      0)
"CPL:ATMPOST"                                                                                                        -      49152    49152 2.123366e+07   9.245573e+00     0.000 ( 38497      0)     0.000 (  4786      0)
"CPL:HISTORY"                                                                                                        -      49152    49152 2.123366e+07   4.798989e+01     0.001 ( 40488      0)     0.001 ( 34324      0)
"CPL:cime_run_write_history"                                                                                         -      49152    49152 2.123366e+07   3.672563e+01     0.001 ( 40488      0)     0.001 (  8595      0)
"CPL:TSTAMP_WRITE"                                                                                                   -      49152    49152 2.123366e+07   1.323864e+01     0.001 ( 28908      0)     0.000 ( 18854      0)
"CPL:TPROF_WRITE"                                                                                                    -      49152    49152 2.123366e+07   5.797535e+00     0.000 ( 19452      0)     0.000 (  1412      0)
"CPL:C2O_INITWAIT"                                                                                                   -      49152    49152 2.118451e+07   7.826183e+04     3.003 (   272      0)     0.711 (  8406      0)
"l:interpMonthlyVeg"                                                                                                 -      49152    49152 2.118451e+07   2.428033e+05     4.966 ( 16356      0)     4.882 ( 16302      0)
"l:readMonthlyVeg"                                                                                                   -      49152    49152 4.915200e+04   2.427902e+05     4.965 ( 16332      0)     4.881 ( 16303      0)
"l:PIO:openfile"                                                                                                     -      49152    49152 4.915200e+04   1.186526e+04     0.390 ( 42367      0)     0.096 ( 35446      0)
"l:PIO:pio_inq_varid_file_vdesc"                                                                                     -      49152    49152 3.932160e+05   1.000538e+02     0.024 ( 23936      0)     0.000 ( 29058      0)
"l:PIO:pio_inq_varid_file_vid"                                                                                       -      49152    49152 3.932160e+05   9.988341e+01     0.024 ( 23936      0)     0.000 ( 34049      0)
"l:PIO:pio_inq_varndims_file_vdesc"                                                                                  -      49152    49152 3.932160e+05   5.595487e+01     0.562 ( 16381      0)     0.000 ( 43379      0)
"l:PIO:pio_inq_varndims_file_vid"                                                                                    -      49152    49152 3.932160e+05   5.581783e+01     0.562 ( 16381      0)     0.000 ( 43379      0)
"l:PIO:pio_inq_vardimid_file_vdesc"                                                                                  -      49152    49152 3.932160e+05   1.115962e+02     0.005 (  4313      0)     0.001 ( 25538      0)
"l:PIO:pio_inq_vardimid_file_vid"                                                                                    -      49152    49152 3.932160e+05   1.114867e+02     0.005 (  4314      0)     0.001 ( 25537      0)
"l:PIO:pio_inq_dimname_file_dimid"                                                                                   -      49152    49152 3.342336e+06   2.818885e+02     0.013 (  2505      0)     0.002 ( 23652      0)
"l:PIO:pio_inq_dimlen_file_dimid"                                                                                    -      49152    49152 7.864320e+05   4.714312e+01     0.002 (  2498      0)     0.000 ( 45060      0)
"l:PIO:pio_inq_dimlen_file_dimid_offlen"                                                                             -      49152    49152 7.864320e+05   4.694646e+01     0.002 (  2497      0)     0.000 ( 45060      0)
"l:PIO:pio_inquire_file"                                                                                             -      49152    49152 1.474560e+06   8.323312e+01     0.004 (  2498      0)     0.001 ( 20826      0)
"l:PIO:pio_inq_ndims_file"                                                                                           -      49152    49152 1.474560e+06   8.290268e+01     0.004 (  2497      0)     0.001 ( 20826      0)
"l:PIO:initdecomp"                                                                                                   -      49152    49152 4.915200e+04   9.384856e+04     1.910 (   156      0)     1.908 (  1572      0)
"l:PIO:PIOc_initdecomp"                                                                                              -      49152    49152 4.915200e+04   9.384815e+04     1.910 (   156      0)     1.908 (  1572      0)
"l:PIO:box_rearrange_create"                                                                                         -      49152    49152 4.915200e+04   9.375068e+04     1.908 (  8867      0)     1.907 ( 32056      0)
"l:PIO:pio_swapm"                                                                                                    -      49152    49152 5.406720e+05   2.180331e+05     4.548 ( 21462      0)     3.665 ( 16284      0)
"l:PIO:read_darray_3d_double"                                                                                        -      49152    49152 3.932160e+05   1.288235e+05     2.657 ( 32915      0)     1.999 ( 16380      0)
"l:PIO:PIOc_read_darray"                                                                                             -      49152    49152 3.932160e+05   1.288221e+05     2.657 ( 32915      0)     1.999 ( 16380      0)
"l:PIO:read_darray_nc"                                                                                               -      49152    49152 3.932160e+05   8.382136e+02     0.577 (     0      0)     0.000 ( 10662      0)
"l:PIO:rearrange_io2comp"                                                                                            -      49152    49152 3.932160e+05   1.277876e+05     2.654 ( 35795      0)     1.959 ( 16296      0)
"l:PIO:closefile"                                                                                                    -      49152    49152 4.915200e+04   1.157376e+02     0.084 ( 16296      0)     0.000 (  9419      0)
"l:PIO:PIOc_closefile"                                                                                               -      49152    49152 4.915200e+04   1.156764e+02     0.084 ( 16296      0)     0.000 (  9419      0)
"l:surfalb"                                                                                                          -      49152    49152 2.118451e+07   1.751069e+04     0.508 ( 21937      0)     0.258 (  2427      0)
"l:urbsurfalb"                                                                                                       -      49152    49152 2.118451e+07   4.295552e+03     0.127 ( 30485      0)     0.068 (   394      0)
"CPL:OCNT_RUN"                                                                                                       -      49152    49152 2.118451e+07   6.737612e+03     0.254 (     0      0)     0.127 ( 42670      0)
"o:DOCN_RUN"                                                                                                         -      49152    49152 2.118451e+07   6.343095e+03     0.214 (     0      0)     0.120 ( 42670      0)
"o:docn_run1"                                                                                                        -      49152    49152 2.118451e+07   1.806568e+01     0.001 ( 30485      0)     0.000 ( 35267      0)
"o:docn"                                                                                                             -      49152    49152 2.118451e+07   6.293418e+03     0.210 (     0      0)     0.119 ( 42670      0)
"o:docn_strdata_advance"                                                                                             -      49152    49152 2.118451e+07   9.681463e+02     0.029 ( 13900      0)     0.012 ( 32091      0)
"o:docn_strd_adv_total"                                                                                              -      49152    49152 2.118451e+07   9.435497e+02     0.028 ( 13900      0)     0.011 ( 32091      0)
"o:docn_strd_adv_readLBUB"                                                                                           -      49152    49152 2.118451e+07   5.748936e+02     0.015 ( 48418      0)     0.006 (  2529      0)
"o:docn_readLBUB_setup"                                                                                              -      49152    49152 2.118451e+07   6.532819e+00     0.000 (  2552      0)     0.000 ( 28206      0)
"o:docn_readLBUB_filemgt"                                                                                            -      49152    49152 2.118451e+07   3.707197e+00     0.000 ( 34424      0)     0.000 ( 31956      0)
"o:docn_strd_adv_tint"                                                                                               -      49152    49152 2.118451e+07   1.443180e+02     0.004 ( 45151      0)     0.003 ( 37460      0)
"o:docn_scatter"                                                                                                     -      49152    49152 2.118451e+07   5.044445e+03     0.112 (   396      0)     0.095 ( 27550      0)
"o:docn_datamode"                                                                                                    -      49152    49152 2.118451e+07   5.602487e+01     0.002 ( 36845      0)     0.001 ( 19921      0)
"o:docn_run2"                                                                                                        -      49152    49152 2.118451e+07   1.455192e+00     0.003 (     0      0)     0.000 ( 12651      0)
"CPL:O2CT"                                                                                                           -      49152    49152 2.118451e+07   4.172662e+04     2.238 ( 25201      0)     0.076 (     0      0)
"CPL:o2c_ocno2ocnx"                                                                                                  -      49152    49152 2.118451e+07   2.972733e+02     0.013 ( 21937      0)     0.005 ( 32914      0)
"CPL:o2c_infoexch"                                                                                                   -      49152    49152 2.118451e+07   4.139618e+04     2.232 ( 25201      0)     0.067 ( 48305      0)
"CPL:OCNPOSTT"                                                                                                       -      49152    49152 2.118451e+07   1.361357e+01     0.000 (  2881      0)     0.000 ( 48840      0)
"i:cice_pice_readLBUB_LB_copy"                                                                                       -      49152    49152 4.915200e+04   4.048106e-02     0.000 (  1313      0)     0.000 ( 29120      0)
"o:docn_readLBUB_fbound"                                                                                             -      49152    49152 4.915200e+04   6.419660e-03     0.000 (     0      0)     0.000 ( 28970      0)
"o:docn_readLBUB_bcast"                                                                                              -      49152    49152 4.915200e+04   1.244766e+02     0.008 (   659      0)     0.000 (  9910      0)
"o:docn_readLBUB_LB_copy"                                                                                            -      49152    49152 4.915200e+04   3.708007e-02     0.000 ( 26789      0)     0.000 ( 48384      0)
"o:docn_readLBUB_UB_setup"                                                                                           -      49152    49152 4.915200e+04   1.822298e-02     0.000 (     0      0)     0.000 ( 16996      0)
"o:docn_readLBUB_UB_readpio"                                                                                         -      49152    49152 4.915200e+04   3.955446e+02     0.009 ( 16248      0)     0.005 (   664      0)
"o:PIO:pio_inq_varid_file_vdesc"                                                                                     -      49152    49152 9.830400e+04   2.115721e+01     0.004 (  9322      0)     0.000 ( 32296      0)
"o:PIO:pio_inq_varid_file_vid"                                                                                       -      49152    49152 9.830400e+04   2.111136e+01     0.004 (  9322      0)     0.000 ( 32296      0)
"o:PIO:pio_inq_varndims_file_vdesc"                                                                                  -      49152    49152 4.915200e+04   1.713112e+01     0.003 (  2522      0)     0.000 ( 42670      0)
"o:PIO:pio_inq_varndims_file_vid"                                                                                    -      49152    49152 4.915200e+04   1.710135e+01     0.003 (  2522      0)     0.000 ( 42670      0)
"o:PIO:pio_inq_vardimid_file_vdesc"                                                                                  -      49152    49152 4.915200e+04   2.857230e+01     0.001 ( 26417      0)     0.000 ( 12633      0)
"o:PIO:pio_inq_vardimid_file_vid"                                                                                    -      49152    49152 4.915200e+04   2.854412e+01     0.001 ( 26417      0)     0.000 ( 12545      0)
"o:PIO:pio_inq_dimlen_file_dimid"                                                                                    -      49152    49152 1.474560e+05   1.764291e+01     0.000 (  6586      0)     0.000 ( 12855      0)
"o:PIO:pio_inq_dimlen_file_dimid_offlen"                                                                             -      49152    49152 1.474560e+05   1.757005e+01     0.000 (  6586      0)     0.000 ( 12142      0)
"o:PIO:pio_inq_vartype_file_vdesc"                                                                                   -      49152    49152 4.915200e+04   1.485932e+01     0.001 (    10      0)     0.000 ( 12995      0)
"o:PIO:pio_inq_vartype_file_vid"                                                                                     -      49152    49152 4.915200e+04   1.482993e+01     0.001 (    10      0)     0.000 ( 12995      0)
"o:PIO:read_darray_1d_real"                                                                                          -      49152    49152 4.915200e+04   2.332056e+02     0.006 (  2796      0)     0.002 (  9352      0)
"o:PIO:PIOc_read_darray"                                                                                             -      49152    49152 4.915200e+04   2.329072e+02     0.006 (  2796      0)     0.002 (   838      0)
"o:PIO:read_darray_nc"                                                                                               -      49152    49152 4.915200e+04   1.594063e+01     0.005 (     0      0)     0.000 ( 16384      0)
"o:PIO:rearrange_io2comp"                                                                                            -      49152    49152 4.915200e+04   2.045714e+02     0.006 (  1138      0)     0.001 (     0      0)
"o:PIO:pio_swapm"                                                                                                    -      49152    49152 4.915200e+04   2.007142e+02     0.006 (  1138      0)     0.000 ( 46080      0)
"o:docn_strd_adv_fill"                                                                                               -      49152    49152 4.915200e+04   2.603592e+01     0.001 ( 17961      0)     0.000 ( 48161      0)
"o:docn_strd_adv_map"                                                                                                -      49152    49152 4.915200e+04   1.003496e+02     0.009 (   273      0)     0.000 ( 32091      0)
"CPL:RUN_LOOP_BSTOP"                                                                                                 -      49152    49152 4.915200e+04   1.118871e+02     0.005 (     0      0)     0.000 ( 34823      0)
"CPL:FINAL"                                                                                                          -      49152    49152 4.915200e+04   9.952190e+03     0.203 (     0      0)     0.201 (  8084      0)
"CPL:cime_final"                                                                                                     -      49152    49152 4.915200e+04   9.952080e+03     0.203 (     0      0)     0.201 (  8084      0)
"o_f:DOCN_FINAL"                                                                                                     -      49152    49152 4.915200e+04   1.077992e-02     0.000 (     0      0)     0.000 ( 17696      0)
"a_f:EAMxx::finalize"                                                                                                y      49152    49152 4.915200e+04   2.527678e+03     0.181 ( 15120      0)     0.035 (  6630      0)
"a_f:PIO:PIOc_sync"                                                                                                  -      49152    49152 4.915200e+04   9.769167e-01     0.000 ( 18972      0)     0.000 ( 17333      0)
"a_f:PIO:write_total"                                                                                                -      49152    49152 9.830400e+04   8.069542e+01     0.056 (  8076      0)     0.000 ( 17333      0)
"a_f:PIO:flush_output_buffer"                                                                                        -       4096     4096 8.192000e+03   4.681649e-01     0.000 ( 18972      0)     0.000 ( 40296      0)
"a_f:PIO:PIOc_closefile"                                                                                             -      49152    49152 9.830400e+04   5.540594e+02     0.140 ( 19536      0)     0.000 (  4097      0)
"a_f:PIO:PIOc_closefile_write_mode"                                                                                  -      49152    49152 4.915200e+04   7.978383e+01     0.056 (  8076      0)     0.000 (  9933      0)
"a_f:PIO:PIOc_freedecomp"                                                                                            -      49152    49152 7.864320e+05   7.428660e+00     0.001 (  1020      0)     0.000 ( 35800      0)
"PIO:finalize"                                                                                                       -      49152    49152 4.915200e+05   6.172420e+03     0.146 ( 22376      0)     0.001 ( 43212      0)
"PIO:PIOc_finalize"                                                                                                  -      49152    49152 4.915200e+05   6.167519e+03     0.146 ( 22376      0)     0.001 ( 43212      0)
"CPL:FINAL_sync1_tprf"                                                                                               -      49152    49152 4.915200e+04   3.833143e+01     0.001 ( 37539      0)     0.000 (     0      0)
"CPL:FINAL_t_prf"                                                                                                    y          0        0 0.000000e+00   0.000000e+00     0.000 (     0      0)     0.000 (     0      0)

