
***** GLOBAL STATISTICS ( 12288 MPI TASKS) *****

$Id: gptl.c,v 1.157 2011-03-28 20:55:18 rosinski Exp $
'count' is cumulative. All other stats are max/min
'on' indicates whether the timer was active during output, and so stats are lower or upper bounds.

name                                                                                                                           on  processes  threads        count      walltotal   wallmax (proc   thrd  )   wallmin (proc   thrd  )
"CPL:INIT"                                                                                                                      -      12288    12288 1.228800e+04   5.017501e+06   420.756 (  6401      0)   403.883 (  3262      0)
"CPL:cime_pre_init1"                                                                                                            -      12288    12288 1.228800e+04   8.140848e+04    19.057 (  6404      0)     2.183 (  3260      0)
"CPL:mpi_init"                                                                                                                  -      12288    12288 1.228800e+04   7.047577e+04    18.097 (  6404      0)     1.299 (  3252      0)
"CPL:ESMF_Initialize"                                                                                                           -      12288    12288 1.228800e+04   3.228739e+01     0.016 (  8801      0)     0.000 (  7257      0)
"CPL:cime_pre_init2"                                                                                                            -      12288    12288 1.228800e+04   1.962527e+04     1.607 ( 11849      0)     1.583 (   905      0)
"CPL:seq_infodata_init"                                                                                                         -      12288    12288 1.228800e+04   2.371044e+03     0.703 ( 10524      0)     0.002 (  7103      0)
"CPL:seq_timemgr_clockInit"                                                                                                     -      12288    12288 1.228800e+04   4.338941e+02     0.063 (  4721      0)     0.024 (  4192      0)
"CPL:cime_init"                                                                                                                 -      12288    12288 1.228800e+04   4.916435e+06   400.107 (  4906      0)   400.089 (  7824      0)
"CPL:init_comps"                                                                                                                -      12288    12288 1.228800e+04   4.911012e+06   399.665 (  7365      0)   399.648 ( 12265      0)
"CPL:comp_init_pre_all"                                                                                                         -      12288    12288 1.228800e+04   1.789426e+00     0.003 (  3398      0)     0.000 (  2264      0)
"comp_init_cc_iac"                                                                                                              -      12288    12288 1.228800e+04   7.339755e+01     0.016 (  4356      0)     0.001 (  1746      0)
"z_i:comp_init"                                                                                                                 -      12288    12288 1.228800e+04   1.422216e+00     0.002 (  4350      0)     0.000 (  3660      0)
"CPL:comp_init_cc_atm"                                                                                                          -      12288    12288 1.228800e+04   1.335782e+06   108.714 (  3207      0)   108.698 ( 11596      0)
"a_i:comp_init"                                                                                                                 -      12288    12288 2.457600e+04   1.335405e+06   108.711 (   468      0)   108.663 ( 11596      0)
"a_i:EAMxx::init"                                                                                                               -      12288    12288 8.601600e+04   1.314619e+06   108.133 (  4680      0)   105.097 (  3826      0)
"a_i:EAMxx::create_output_managers"                                                                                             -      12288    12288 1.228800e+04   1.411927e+02     0.065 (  7576      0)     0.000 (  4668      0)
"a_i:EAMxx::create_atm_processes"                                                                                               -      12288    12288 1.228800e+04   3.327359e+03     0.392 (  5386      0)     0.071 ( 11885      0)
"a_i:EAMxx::create_grids"                                                                                                       -      12288    12288 1.228800e+04   2.134939e+05    17.548 (  5676      0)    17.301 (  1910      0)
"a_i:PartitioningTime"                                                                                                          -      12288    12288 1.228800e+04   3.436798e-03     0.000 ( 10652      0)     0.000 ( 11856      0)
"a_i:repro_sum_int"                                                                                                             -      12288    12288 1.228800e+04   8.626550e+02     0.108 ( 10413      0)     0.038 (   309      0)
"a_i:PIO:spio_get_att_tc"                                                                                                       -      12288    12288 1.867776e+06   4.718821e+02     0.047 ( 11390      0)     0.031 (   973      0)
"a_i:PIO:spio_get_vars_tc"                                                                                                      -      12288    12288 2.457600e+05   7.101630e+03     0.899 ( 12206      0)     0.473 ( 11220      0)
"a_i:PIO:PIOc_closefile"                                                                                                        -      12288    12288 1.966080e+05   1.085001e+03     3.485 (  9312      0)     0.000 (  7238      0)
"a_i:EAMxx::create_fields"                                                                                                      -      12288    12288 1.228800e+04   2.221393e+03     0.203 (  3133      0)     0.168 ( 11726      0)
"a_i:EAMxx::initialize_fields"                                                                                                  -      12288    12288 1.228800e+04   5.629180e+05    45.887 (  3138      0)    45.732 (  8958      0)
"a_i:PIO:PIOc_initdecomp"                                                                                                       -      12288    12288 1.597440e+05   1.434859e+05    11.679 (  6309      0)    11.669 (  3583      0)
"a_i:PIO:box_rearrange_create"                                                                                                  -      12288    12288 1.597440e+05   1.432739e+05    11.660 (     0      0)    11.658 ( 11411      0)
"a_i:PIO:pio_swapm"                                                                                                             -      12288    12288 7.495680e+05   3.243990e+05    32.200 (  1120      0)     5.508 (  4260      0)
"a_i:PIO:PIOc_read_darray"                                                                                                      -      12288    12288 2.703360e+05   2.689410e+05    22.874 (  1032      0)    19.649 (  4877      0)
"a_i:PIO:read_darray_nc"                                                                                                        -      12288    12288 2.703360e+05   1.656178e+04    21.436 (   576      0)     0.000 (  8648      0)
"a_i:PIO:rearrange_io2comp"                                                                                                     -      12288    12288 2.703360e+05   2.303863e+05    22.388 (  2413      0)     0.301 (  6324      0)
"a_i:EAMxx::initialize_atm_procs"                                                                                               -      12288    12288 1.228800e+04   5.246708e+05    43.799 (  8966      0)    40.785 (  6636      0)
"a_i:EAMxx::SurfaceCouplingImporter::init"                                                                                      -      12288    12288 1.228800e+04   2.089257e+02     0.077 (  8790      0)     0.000 (  6948      0)
"a_i:EAMxx::homme::init"                                                                                                        -      12288    12288 1.228800e+04   2.711172e+05    22.162 (  5531      0)    21.888 ( 11061      0)
"a_i:compose_init"                                                                                                              -      12288    12288 1.228800e+04   1.372897e+03     0.402 ( 10760      0)     0.013 (  3480      0)
"a_i:sl_init1"                                                                                                                  -      12288    12288 1.228800e+04   3.964116e+03     0.649 (  6428      0)     0.259 ( 11028      0)
"a_i:EAMxx::tms::init"                                                                                                          -      12288    12288 1.228800e+04   4.336630e-02     0.000 (     0      0)     0.000 (  3535      0)
"a_i:EAMxx::shoc::init"                                                                                                         -      12288    12288 1.228800e+04   2.462017e+01     0.015 (  6141      0)     0.002 ( 10288      0)
"a_i:EAMxx::cld_fraction::init"                                                                                                 -      12288    12288 1.228800e+04   2.530641e-01     0.000 (     0      0)     0.000 ( 11020      0)
"a_i:EAMxx::spa::init"                                                                                                          -      12288    12288 1.228800e+04   2.254701e+05    21.453 (  2583      0)    18.297 (  6861      0)
"a_i:Build HorizRemap data (two grids)/lus/flare/projects/E3SMinput/data/atm/scream/maps/map_ne30pg2_to_ne1024pg2_20231201.nc"  -      12288    12288 1.228800e+04   1.887920e+05    15.365 (  8808      0)    15.315 (  7816      0)
"a_i:EAMxx::p3::init"                                                                                                           -      12288    12288 1.228800e+04   5.906336e+03     0.793 ( 11186      0)     0.044 (  2583      0)
"a_i:EAMxx::rrtmgp::init"                                                                                                       -      12288    12288 1.228800e+04   2.175784e+04     3.025 ( 12083      0)     0.046 (  6435      0)
"a_i:EAMxx::SurfaceCouplingExporter::init"                                                                                      -      12288    12288 1.228800e+04   3.243237e+01     0.021 (  5895      0)     0.002 (  6435      0)
"a_i:EAMxx::initialize_output_managers"                                                                                         -      12288    12288 1.228800e+04   7.846148e+03     0.667 (  2880      0)     0.633 (  2595      0)
"a_i:EAMxx::IO::standard"                                                                                                       -      12288    12288 1.228800e+04   5.646625e+03     0.570 (  3072      0)     0.394 (   409      0)
"a_i:EAMxx::IO::nooutput.yaml"                                                                                                  -      12288    12288 1.228800e+04   5.646611e+03     0.570 (  3072      0)     0.394 (   409      0)
"a_i:EAMxx::IO::standard::get_new_file"                                                                                         -      12288    12288 1.228800e+04   5.634346e+03     0.558 (  3072      0)     0.394 (   409      0)
"a_i:PIO:PIOc_createfile"                                                                                                       -      12288    12288 1.228800e+04   4.895085e+03     0.483 (  3078      0)     0.337 (   409      0)
"a_i:PIO:write_total"                                                                                                           -      12288    12288 4.177920e+05   4.943481e+03     0.506 (  3072      0)     0.337 (   409      0)
"a_i:PIO:spio_put_att_tc"                                                                                                       -      12288    12288 3.809280e+05   1.147224e+00     0.010 (  7236      0)     0.000 (  4863      0)
"a_i:PIO:spio_put_vars_tc"                                                                                                      -      12288    12288 1.228800e+04   4.300568e+01     0.022 (   927      0)     0.000 (  4894      0)
"a_i:PIO:flush_output_buffer"                                                                                                   -       1024     1024 2.048000e+03   2.415522e+01     0.026 (  1980      0)     0.004 (   936      0)
"a_i:EAMxx::IO::standard::run_output_streams"                                                                                   -      12288    12288 1.228800e+04   1.551906e-03     0.000 ( 12204      0)     0.000 (  5352      0)
"a_i:EAMxx::IO::standard::update_snapshot_tally"                                                                                -      12288    12288 1.228800e+04   1.222478e+01     0.012 (  9996      0)     0.000 (  8821      0)
"a_i:PIO:PIOc_sync"                                                                                                             -      12288    12288 1.228800e+04   4.252030e+00     0.004 (  9996      0)     0.000 ( 11454      0)
"CPL:comp_init_cc_lnd"                                                                                                          -      12288    12288 1.228800e+04   2.327423e+06   189.440 (  6409      0)   189.404 (  1333      0)
"l_i:comp_init"                                                                                                                 -      12288    12288 1.228800e+04   2.326099e+06   189.416 (  6409      0)   189.275 (  1333      0)
"l_i:elm_init1"                                                                                                                 -      12288    12288 1.228800e+04   5.986953e+05    48.780 (  3051      0)    48.693 (  4347      0)
"l_i:PIO:openfile"                                                                                                              -      12288    12288 2.826240e+05   2.932893e+04     3.059 (  3471      0)     1.632 (  6413      0)
"l_i:PIO:pio_inq_dimid_file_dimid"                                                                                              -      12288    12288 7.495680e+05   7.345044e+02     0.146 ( 11774      0)     0.011 (  3137      0)
"l_i:PIO:pio_inq_dimlen_file_dimid"                                                                                             -      12288    12288 4.411392e+06   3.756440e+02     0.056 (  6422      0)     0.011 (  4102      0)
"l_i:PIO:pio_inq_dimlen_file_dimid_offlen"                                                                                      -      12288    12288 4.411392e+06   3.747922e+02     0.056 (  6427      0)     0.011 (  4098      0)
"l_i:PIO:pio_inq_varid_file_vdesc"                                                                                              -      12288    12288 5.738496e+06   7.059910e+03     2.645 ( 12280      0)     0.049 (     0      0)
"l_i:PIO:pio_inq_varid_file_vid"                                                                                                -      12288    12288 5.738496e+06   7.022739e+03     2.645 ( 12280      0)     0.048 (     0      0)
"l_i:PIO:get_var_1d_int"                                                                                                        -      12288    12288 7.372800e+04   1.908412e+03     0.175 (  6426      0)     0.130 (  8800      0)
"l_i:PIO:spio_get_vars_tc"                                                                                                      -      12288    12288 2.445312e+06   1.387266e+05    11.443 (  8431      0)    11.169 (  3899      0)
"l_i:PIO:closefile"                                                                                                             -      12288    12288 2.457600e+05   5.028672e+02     0.664 (  2856      0)     0.001 (  5517      0)
"l_i:PIO:PIOc_closefile"                                                                                                        -      12288    12288 2.457600e+05   5.025318e+02     0.664 (  2856      0)     0.001 (  5517      0)
"l_i:PIO:pio_inq_varndims_file_vdesc"                                                                                           -      12288    12288 2.715648e+06   6.223756e+02     1.930 (  4094      0)     0.022 (  4171      0)
"l_i:PIO:pio_inq_varndims_file_vid"                                                                                             -      12288    12288 2.715648e+06   6.217274e+02     1.930 (  4094      0)     0.022 (  4171      0)
"l_i:PIO:pio_inq_vardimid_file_vdesc"                                                                                           -      12288    12288 2.715648e+06   1.087270e+03     0.128 ( 11415      0)     0.043 (  4092      0)
"l_i:PIO:pio_inq_vardimid_file_vid"                                                                                             -      12288    12288 2.715648e+06   1.086689e+03     0.128 ( 11422      0)     0.043 (  4092      0)
"l_i:PIO:pio_inq_dimname_file_dimid"                                                                                            -      12288    12288 9.768960e+06   1.238741e+03     0.124 ( 11597      0)     0.027 (  4092      0)
"l_i:PIO:initdecomp"                                                                                                            -      12288    12288 3.194880e+05   1.481163e+05    12.949 (   102      0)    11.395 (  8791      0)
"l_i:PIO:PIOc_initdecomp"                                                                                                       -      12288    12288 3.194880e+05   1.480971e+05    12.947 (   933      0)    11.393 (  8791      0)
"l_i:PIO:box_rearrange_create"                                                                                                  -      12288    12288 3.194880e+05   1.382960e+05    11.256 (     7      0)    11.246 (  8791      0)
"l_i:PIO:pio_swapm"                                                                                                             -      12288    12288 3.649536e+06   1.861563e+06   159.732 (  4124      0)    58.086 (  1032      0)
"l_i:PIO:read_darray_1d_double"                                                                                                 -      12288    12288 1.007616e+06   5.994758e+05    48.965 (  1248      0)    48.262 ( 12280      0)
"l_i:PIO:PIOc_read_darray"                                                                                                      -      12288    12288 2.691072e+06   1.827035e+06   149.679 (  4099      0)   146.213 (  4093      0)
"l_i:PIO:read_darray_nc"                                                                                                        -      12288    12288 2.691072e+06   8.515260e+04    99.301 (  1032      0)     0.000 (  7345      0)
"l_i:PIO:rearrange_io2comp"                                                                                                     -      12288    12288 2.691072e+06   1.738883e+06   149.555 (  4099      0)    48.673 (  1032      0)
"l_i:PIO:pio_inquire_file"                                                                                                      -      12288    12288 3.538944e+06   5.202584e+02     0.050 ( 11278      0)     0.022 (  7561      0)
"l_i:PIO:pio_inq_ndims_file"                                                                                                    -      12288    12288 3.538944e+06   4.520074e+02     0.049 ( 12207      0)     0.006 (  4092      0)
"l_i:PIO:read_darray_1d_int"                                                                                                    -      12288    12288 8.601600e+04   5.454364e+04     4.460 (  6252      0)     4.396 ( 12280      0)
"l_i:PIO:read_darray_3d_double"                                                                                                 -      12288    12288 2.211840e+05   6.440292e+04     5.337 (  4099      0)     4.994 (  4093      0)
"l_i:PIO:read_darray_3d_int"                                                                                                    -      12288    12288 1.228800e+04   2.411960e+03     0.205 (  7704      0)     0.180 (  2164      0)
"l_i:PIO:read_darray_4d_double"                                                                                                 -      12288    12288 1.720320e+05   2.665352e+05    21.733 (  4099      0)    21.437 (  4093      0)
"l_i:PIO:get_var_1d_text"                                                                                                       -      12288    12288 2.457600e+04   1.167772e+02     0.033 ( 10279      0)     0.002 (  8179      0)
"l_i:PIO:get_var_1d_double"                                                                                                     -      12288    12288 1.769472e+06   2.985173e+03     0.269 (  6145      0)     0.177 (  6423      0)
"l_i:PIO:get_var_0d_double"                                                                                                     -      12288    12288 1.228800e+05   1.916702e+02     0.022 (  5348      0)     0.004 (   301      0)
"l_i:PIO:read_darray_2d_double"                                                                                                 -      12288    12288 1.142784e+06   8.346373e+05    68.836 (  8779      0)    66.544 (  4093      0)
"l_i:PIO:read_darray_2d_int"                                                                                                    -      12288    12288 4.915200e+04   5.034239e+03     0.429 (  8354      0)     0.351 ( 11765      0)
"l_i:gather_1darray_int_total"                                                                                                  -      12288    12288 6.144000e+04   9.690546e+03     1.655 (     0      0)     0.525 (   302      0)
"l_i:scatter_1darray_int_total"                                                                                                 -      12288    12288 6.144000e+04   2.320682e+04     2.033 (    10      0)     0.942 (     0      0)
"l_i:init_filters"                                                                                                              -      12288    12288 1.228800e+04   6.451548e+00     0.024 (  8388      0)     0.000 (  4080      0)
"l_i:elm_init2"                                                                                                                 -      12288    12288 1.228800e+04   1.719204e+06   140.015 (     0      0)   139.886 (   389      0)
"l_i:init_orbd"                                                                                                                 -      12288    12288 1.228800e+04   5.435577e+01     0.094 (  6818      0)     0.000 (  3019      0)
"l_i:PIO:get_var_0d_int"                                                                                                        -      12288    12288 2.580480e+05   1.355320e+05    11.971 (  4093      0)    10.956 (  3889      0)
"l_i:PIO:get_var_2d_double"                                                                                                     -      12288    12288 1.474560e+05   5.438268e+02     0.046 (  6147      0)     0.028 ( 11763      0)
"l_i:PIO:get_var_3d_double"                                                                                                     -      12288    12288 4.915200e+04   2.085212e+02     0.018 (  7785      0)     0.017 (  6140      0)
"l_i:init_accflds"                                                                                                              -      12288    12288 1.228800e+04   1.217584e+01     0.017 (  6409      0)     0.001 ( 10301      0)
"l_i:init_dyn_subgrid"                                                                                                          -      12288    12288 1.228800e+04   6.470304e+01     0.029 (  4142      0)     0.001 (  5768      0)
"l_i:subgridRest_write-read"                                                                                                    -      12288    12288 1.228800e+04   2.112608e+05    17.203 (  8124      0)    17.183 (  2327      0)
"l_i:init_map2gc"                                                                                                               -      12288    12288 1.228800e+04   1.456884e+01     0.066 ( 11596      0)     0.000 (  4340      0)
"l_i:init_elm_interface_data & pflotran"                                                                                        -      12288    12288 1.228800e+04   2.300774e-03     0.000 (  1152      0)     0.000 (  3888      0)
"l_i:init_wlog"                                                                                                                 -      12288    12288 1.228800e+04   6.830850e-03     0.003 (     0      0)     0.000 (  4276      0)
"l_i:elm_init3"                                                                                                                 -      12288    12288 1.228800e+04   1.674522e-02     0.000 (  6094      0)     0.000 (  1073      0)
"CPL:comp_init_cc_rof"                                                                                                          -      12288    12288 1.228800e+04   3.569385e+01     0.037 (  6430      0)     0.003 (  2615      0)
"r_i:comp_init"                                                                                                                 -      12288    12288 1.228800e+04   9.885817e-01     0.011 (  6418      0)     0.000 (     0      0)
"CPL:comp_init_cc_ocn"                                                                                                          -      12288    12288 1.228800e+04   5.619869e+05    45.753 (  8808      0)    45.674 (  6421      0)
"o_i:comp_init"                                                                                                                 -      12288    12288 1.228800e+04   5.619106e+05    45.750 (  8793      0)    45.658 (  1259      0)
"o_i:docn_readnml"                                                                                                              -      12288    12288 1.228800e+04   8.727353e+03     0.773 (  5319      0)     0.459 (     0      0)
"o_i:DOCN_INIT"                                                                                                                 -      12288    12288 1.228800e+04   5.530634e+05    45.237 (     0      0)    44.928 (  4072      0)
"o_i:docn_strdata_init"                                                                                                         -      12288    12288 1.228800e+04   4.958617e+05    40.553 (  2143      0)    40.193 (  5161      0)
"o_i:PIO:initdecomp"                                                                                                            -      12288    12288 3.686400e+04   1.094215e+04     0.922 (     2      0)     0.854 (     0      0)
"o_i:PIO:PIOc_initdecomp"                                                                                                       -      12288    12288 3.686400e+04   1.094204e+04     0.922 (     2      0)     0.854 (     0      0)
"o_i:PIO:box_rearrange_create"                                                                                                  -      12288    12288 3.686400e+04   1.048847e+04     0.854 (  3874      0)     0.853 ( 12283      0)
"o_i:PIO:pio_swapm"                                                                                                             -      12288    12288 1.351680e+05   1.082654e+04     0.991 (  4634      0)     0.699 (     0      0)
"o_i:docn_initgsmaps"                                                                                                           -      12288    12288 1.228800e+04   7.426678e+00     0.001 (  5732      0)     0.000 (  8064      0)
"o_i:docn_initmctdom"                                                                                                           -      12288    12288 1.228800e+04   2.423712e+01     0.199 (  4344      0)     0.000 ( 12277      0)
"o_i:docn_initmctavs"                                                                                                           -      12288    12288 1.228800e+04   1.041266e+01     0.075 (  9206      0)     0.000 (  3838      0)
"o_i:DOCN_RUN"                                                                                                                  -      12288    12288 1.228800e+04   5.715619e+04     4.800 (   180      0)     4.501 ( 10989      0)
"o_i:docn_run1"                                                                                                                 -      12288    12288 1.228800e+04   9.826493e-03     0.000 (  5802      0)     0.000 (  2259      0)
"o_i:docn"                                                                                                                      -      12288    12288 1.228800e+04   5.715594e+04     4.800 (   180      0)     4.501 ( 10989      0)
"o_i:docn_strdata_advance"                                                                                                      -      12288    12288 1.228800e+04   5.715146e+04     4.800 (   180      0)     4.501 ( 10989      0)
"o_i:docn_strd_adv_total"                                                                                                       -      12288    12288 1.228800e+04   5.715095e+04     4.800 (   180      0)     4.500 ( 10989      0)
"o_i:docn_strd_adv_readLBUB"                                                                                                    -      12288    12288 1.228800e+04   5.657454e+04     4.747 (  4990      0)     4.446 ( 10986      0)
"o_i:docn_readLBUB_setup"                                                                                                       -      12288    12288 1.228800e+04   4.158427e-03     0.000 (  8568      0)     0.000 (  4809      0)
"o_i:docn_readLBUB_fbound"                                                                                                      -      12288    12288 1.228800e+04   4.423175e+00     4.422 (     0      0)     0.000 (  8601      0)
"o_i:docn_readLBUB_bcast"                                                                                                       -      12288    12288 1.228800e+04   5.379197e+04     4.526 (   180      0)     0.000 (     0      0)
"o_i:docn_readLBUB_LB_setup"                                                                                                    -      12288    12288 1.228800e+04   2.237045e-03     0.000 (     0      0)     0.000 (  8898      0)
"o_i:docn_readLBUB_LB_readpio"                                                                                                  -      12288    12288 1.228800e+04   1.879236e+03     0.199 (  1392      0)     0.089 (  9580      0)
"o_i:PIO:openfile"                                                                                                              -      12288    12288 1.228800e+04   1.308390e+03     0.119 (  3022      0)     0.057 (  6139      0)
"o_i:PIO:pio_inq_varid_file_vdesc"                                                                                              -      12288    12288 4.915200e+04   5.475156e+00     0.001 (  9204      0)     0.000 (   821      0)
"o_i:PIO:pio_inq_varid_file_vid"                                                                                                -      12288    12288 4.915200e+04   5.449295e+00     0.001 (  9204      0)     0.000 (   821      0)
"o_i:PIO:pio_inq_varndims_file_vdesc"                                                                                           -      12288    12288 2.457600e+04   6.990877e+00     0.038 (  4755      0)     0.000 (  2423      0)
"o_i:PIO:pio_inq_varndims_file_vid"                                                                                             -      12288    12288 2.457600e+04   6.974926e+00     0.038 (  4760      0)     0.000 (  2423      0)
"o_i:PIO:pio_inq_vardimid_file_vdesc"                                                                                           -      12288    12288 2.457600e+04   1.097823e+01     0.001 (     3      0)     0.000 (  2992      0)
"o_i:PIO:pio_inq_vardimid_file_vid"                                                                                             -      12288    12288 2.457600e+04   1.096374e+01     0.001 (     3      0)     0.000 (  2992      0)
"o_i:PIO:pio_inq_dimlen_file_dimid"                                                                                             -      12288    12288 7.372800e+04   7.256386e+00     0.003 (  5945      0)     0.000 (  6332      0)
"o_i:PIO:pio_inq_dimlen_file_dimid_offlen"                                                                                      -      12288    12288 7.372800e+04   7.232566e+00     0.003 (  5945      0)     0.000 (  6332      0)
"o_i:PIO:pio_inq_vartype_file_vdesc"                                                                                            -      12288    12288 2.457600e+04   5.179721e+00     0.001 (  9207      0)     0.000 (  8967      0)
"o_i:PIO:pio_inq_vartype_file_vid"                                                                                              -      12288    12288 2.457600e+04   5.163161e+00     0.001 (  9207      0)     0.000 (  8967      0)
"o_i:PIO:read_darray_1d_real"                                                                                                   -      12288    12288 2.457600e+04   1.110029e+03     0.151 (  1368      0)     0.032 (  1264      0)
"o_i:PIO:PIOc_read_darray"                                                                                                      -      12288    12288 2.457600e+04   1.109955e+03     0.151 (  1368      0)     0.032 (  1264      0)
"o_i:PIO:read_darray_nc"                                                                                                        -      12288    12288 2.457600e+04   7.208603e+01     0.148 (  1368      0)     0.000 (  1025      0)
"o_i:PIO:rearrange_io2comp"                                                                                                     -      12288    12288 2.457600e+04   1.018090e+03     0.149 (  1799      0)     0.001 (    12      0)
"o_i:docn_readLBUB_UB_setup"                                                                                                    -      12288    12288 1.228800e+04   8.670267e-03     0.000 (     0      0)     0.000 ( 10123      0)
"o_i:docn_readLBUB_UB_readpio"                                                                                                  -      12288    12288 1.228800e+04   8.770458e+02     0.127 (  1676      0)     0.022 (   229      0)
"o_i:docn_readLBUB_filemgt"                                                                                                     -      12288    12288 1.228800e+04   2.419606e-03     0.000 ( 11397      0)     0.000 (  6198      0)
"o_i:docn_strd_adv_fill"                                                                                                        -      12288    12288 1.228800e+04   2.261171e+00     0.002 ( 11965      0)     0.000 ( 12209      0)
"o_i:docn_strd_adv_map"                                                                                                         -      12288    12288 1.228800e+04   5.711050e+02     0.073 (  1385      0)     0.000 (  1243      0)
"o_i:docn_strd_adv_tint"                                                                                                        -      12288    12288 1.228800e+04   1.879410e+00     0.018 (  7564      0)     0.000 (  4362      0)
"o_i:docn_scatter"                                                                                                              -      12288    12288 1.228800e+04   1.698707e+00     0.000 (  7926      0)     0.000 (  5205      0)
"o_i:docn_datamode"                                                                                                             -      12288    12288 1.228800e+04   1.816750e+00     0.015 (  6120      0)     0.000 (  4196      0)
"o_i:docn_run2"                                                                                                                 -      12288    12288 1.228800e+04   2.026716e-01     0.014 (  8970      0)     0.000 (     1      0)
"CPL:comp_init_cc_ice"                                                                                                          -      12288    12288 1.228800e+04   6.815915e+05    55.505 (  7223      0)    55.414 (  9476      0)
"i_i:comp_init"                                                                                                                 -      12288    12288 1.228800e+04   6.807750e+05    55.502 (  6273      0)    55.328 (  9476      0)
"i_i:cice_init"                                                                                                                 -      12288    12288 1.228800e+04   7.852466e+04     6.436 (  6191      0)     6.261 (  9234      0)
"i_i:ice_HaloUpdate2DR8"                                                                                                        -      12288    12288 4.915200e+04   5.228918e+01     0.374 (     1      0)     0.000 ( 11126      0)
"i_i:ice_HU2DR8_init"                                                                                                           -      12288    12288 4.915200e+04   2.702392e-02     0.000 (  2462      0)     0.000 ( 12248      0)
"i_i:state_bound_h1"                                                                                                            -      12288    12288 1.228800e+04   8.523067e+00     0.041 (  6857      0)     0.000 (  5703      0)
"i_i:ice_HaloUpdate3DR8"                                                                                                        -      12288    12288 6.144000e+04   8.465173e+00     0.040 (  6854      0)     0.000 (  5306      0)
"i_i:ice_HU3DR8_init"                                                                                                           -      12288    12288 6.144000e+04   6.641174e-01     0.003 (  7783      0)     0.000 (  3424      0)
"i_i:ice_HU3DR8_recvall"                                                                                                        -      12288    12288 6.144000e+04   5.012451e+00     0.023 (  6204      0)     0.000 (  4954      0)
"i_i:state_bound_hm"                                                                                                            -      12288    12288 1.228800e+04   2.397635e-01     0.000 (  8007      0)     0.000 (     0      0)
"i_i:state_bound_hc"                                                                                                            -      12288    12288 1.228800e+04   2.281352e-02     0.000 (  9878      0)     0.000 (  9748      0)
"i_i:state_bound_h2"                                                                                                            -      12288    12288 1.228800e+04   2.917705e+00     0.022 ( 11605      0)     0.000 (    11      0)
"i_i:ice_HaloUpdate4DR8"                                                                                                        -      12288    12288 1.228800e+04   1.103962e+00     0.022 ( 11605      0)     0.000 (  4883      0)
"i_i:ice_HU4DR8_init"                                                                                                           -      12288    12288 1.228800e+04   1.304156e-01     0.002 (  6434      0)     0.000 (  6026      0)
"i_i:ice_HU4DR8_recvall"                                                                                                        -      12288    12288 1.228800e+04   5.148539e-01     0.022 ( 11605      0)     0.000 (  2052      0)
"i_i:state_bound_hd"                                                                                                            -      12288    12288 1.228800e+04   6.305618e-03     0.000 (  9606      0)     0.000 (  8801      0)
"i_i:cice_mct_init"                                                                                                             -      12288    12288 1.228800e+04   6.019400e+05    49.090 (  6034      0)    48.907 ( 11596      0)
"i_i:PIO:initdecomp"                                                                                                            -      12288    12288 3.686400e+04   1.095299e+04     0.922 (     1      0)     0.856 (     0      0)
"i_i:PIO:PIOc_initdecomp"                                                                                                       -      12288    12288 3.686400e+04   1.095285e+04     0.922 (     2      0)     0.856 (     0      0)
"i_i:PIO:box_rearrange_create"                                                                                                  -      12288    12288 3.686400e+04   1.050574e+04     0.855 ( 10132      0)     0.855 ( 12276      0)
"i_i:PIO:pio_swapm"                                                                                                             -      12288    12288 1.105920e+05   9.881574e+03     0.851 (  4296      0)     0.707 (  3160      0)
"CPL:comp_init_cc_glc"                                                                                                          -      12288    12288 1.228800e+04   3.434329e+01     0.020 (  5928      0)     0.001 (  9643      0)
"g_i:comp_init"                                                                                                                 -      12288    12288 1.228800e+04   1.731915e-02     0.000 (  8835      0)     0.000 (  4188      0)
"CPL:comp_init_cc_wav"                                                                                                          -      12288    12288 1.228800e+04   2.421823e+01     0.003 ( 11387      0)     0.001 (  3132      0)
"w_i:comp_init"                                                                                                                 -      12288    12288 1.228800e+04   9.636482e-03     0.000 (   373      0)     0.000 (  4512      0)
"CPL:comp_init_cc_esp"                                                                                                          -      12288    12288 1.228800e+04   2.018408e+01     0.012 (  6411      0)     0.000 (  6020      0)
"e_i:comp_init"                                                                                                                 -      12288    12288 1.228800e+04   1.477416e-01     0.012 (  6410      0)     0.000 (  7561      0)
"CPL:comp_init_cx_all"                                                                                                          -      12288    12288 1.228800e+04   4.036725e+03     0.363 (     9      0)     0.285 (  6410      0)
"CPL:comp_list_all"                                                                                                             -      12288    12288 1.228800e+04   1.605070e+00     0.004 (  9283      0)     0.000 (  7212      0)
"CPL:init_maps"                                                                                                                 -      12288    12288 1.228800e+04   4.273521e+02     0.280 (  3461      0)     0.023 (    62      0)
"CPL:init_aream"                                                                                                                -      12288    12288 1.228800e+04   1.177898e+02     0.256 (  3469      0)     0.000 (  4347      0)
"CPL:init_domain_check"                                                                                                         -      12288    12288 1.228800e+04   2.979101e+03     0.263 (  2602      0)     0.007 (  3501      0)
"CPL:init_areacor"                                                                                                              -      12288    12288 1.228800e+04   8.064586e+02     0.066 (  3756      0)     0.046 (  6821      0)
"CPL:init_fracs"                                                                                                                -      12288    12288 1.228800e+04   2.181359e+02     0.062 (     7      0)     0.001 (  8854      0)
"CPL:init_aoflux"                                                                                                               -      12288    12288 1.228800e+04   4.228465e+00     0.005 (  7771      0)     0.000 ( 11484      0)
"CPL:init_atminit"                                                                                                              -      12288    12288 7.372800e+04   3.412258e+02     0.066 (  3092      0)     0.002 (  5892      0)
"CPL:comp_init_cc_atm2"                                                                                                         -      12288    12288 1.228800e+04   3.193212e+02     0.069 (  5980      0)     0.004 (  8200      0)
"CPL:init_readrestart"                                                                                                          -      12288    12288 1.228800e+04   2.929809e+00     0.004 (  7466      0)     0.000 ( 12252      0)
"CPL:cime_run_init"                                                                                                             -      12288    12288 1.228800e+04   3.119126e+00     0.038 (  6414      0)     0.000 (  5139      0)
"CPL:INIT_sync1_tprf"                                                                                                           -      12288    12288 1.228800e+04   4.819378e+02     0.041 (   389      0)     0.000 (  6408      0)
"CPL:INIT_t_prf"                                                                                                                -      12288    12288 1.228800e+04   3.899027e+00     0.030 (     0      0)     0.000 (  1233      0)
"CPL:INIT_sync2_tprf"                                                                                                           -      12288    12288 1.228800e+04   3.714360e+02     0.030 (  6977      0)     0.000 (     0      0)
"CPL:RUN_LOOP_BSTART"                                                                                                           -      12288    12288 1.228800e+04   6.224014e-01     0.000 (  7793      0)     0.000 ( 12273      0)
"CPL:RUN_LOOP"                                                                                                                  -      12288    12288 5.308416e+06   3.749769e+06   305.163 ( 10340      0)   305.153 (  1337      0)
"CPL:CLOCK_ADVANCE"                                                                                                             -      12288    12288 5.308416e+06   4.447971e+02     0.040 (   698      0)     0.035 (  2051      0)
"CPL:RUN"                                                                                                                       -      12288    12288 6.368870e+07   7.752580e+04     8.954 (  9216      0)     2.901 (  5488      0)
"CPL:OCNPRE1"                                                                                                                   -      12288    12288 5.308416e+06   4.264162e+03     1.485 (  9318      0)     0.159 (  2196      0)
"CPL:ocnpre1_atm2ocn"                                                                                                           -      12288    12288 5.308416e+06   4.258143e+03     1.484 (  9318      0)     0.159 (  2196      0)
"CPL:LNDPREP"                                                                                                                   -      12288    12288 5.308416e+06   7.850481e+02     0.104 ( 11815      0)     0.037 (  8250      0)
"CPL:lndprep_atm2lnd"                                                                                                           -      12288    12288 5.308416e+06   5.701171e+02     0.085 (  3569      0)     0.027 (   933      0)
"CPL:lndprep_mrgx2l"                                                                                                            -      12288    12288 5.308416e+06   2.038636e+02     0.026 ( 10801      0)     0.003 (  8490      0)
"CPL:COMM"                                                                                                                      -      12288    12288 3.714662e+07   1.532736e+05    22.522 (  6770      0)     4.373 (  2897      0)
"CPL:C2L"                                                                                                                       -      12288    12288 5.308416e+06   3.903711e+03     0.375 ( 12236      0)     0.231 (   218      0)
"CPL:c2l_lndx2lndl"                                                                                                             -      12288    12288 5.308416e+06   2.022172e+03     0.211 (  7793      0)     0.089 (  5480      0)
"CPL:c2l_infoexch"                                                                                                              -      12288    12288 5.308416e+06   1.873145e+03     0.270 ( 12248      0)     0.044 (    17      0)
"CPL:ICEPREP"                                                                                                                   -      12288    12288 5.308416e+06   1.565317e+03     0.157 (  5162      0)     0.121 (  5850      0)
"CPL:iceprep_ocn2ice"                                                                                                           -      12288    12288 5.308416e+06   2.986812e+02     0.032 (   143      0)     0.022 (  7256      0)
"CPL:iceprep_atm2ice"                                                                                                           -      12288    12288 5.308416e+06   4.827576e+02     0.046 (  1587      0)     0.036 ( 12239      0)
"CPL:iceprep_mrgx2i"                                                                                                            -      12288    12288 5.308416e+06   7.596693e+02     0.078 (  5162      0)     0.059 (  3176      0)
"CPL:C2I"                                                                                                                       -      12288    12288 5.308416e+06   1.843291e+03     0.170 ( 10594      0)     0.108 (  5162      0)
"CPL:c2i_icex2icei"                                                                                                             -      12288    12288 5.308416e+06   4.951257e+02     0.047 (  5162      0)     0.037 ( 10592      0)
"CPL:ice_infoexch"                                                                                                              -      12288    12288 5.308416e+06   1.341670e+03     0.132 ( 10594      0)     0.060 (  5162      0)
"CPL:ICE_RUN"                                                                                                                   -      12288    12288 5.308416e+06   2.921399e+04     3.123 (  9812      0)     2.186 ( 11757      0)
"i:cice_run_total"                                                                                                              -      12288    12288 5.308416e+06   2.818104e+04     3.037 (  9812      0)     2.102 ( 11757      0)
"i:cice_run_import"                                                                                                             -      12288    12288 5.308416e+06   2.136174e+03     0.251 (  8756      0)     0.159 (  3952      0)
"i:cice_imp_ocn"                                                                                                                -      12288    12288 5.308416e+06   2.042148e+02     0.024 (  3169      0)     0.015 (  9678      0)
"i:cice_imp_atm"                                                                                                                -      12288    12288 5.308416e+06   2.029173e+02     0.027 (  9133      0)     0.016 ( 10767      0)
"i:cice_run_initmd"                                                                                                             -      12288    12288 5.308416e+06   9.381632e+03     0.850 (    11      0)     0.637 (  8756      0)
"i:cice_run_presc"                                                                                                              -      12288    12288 5.308416e+06   5.496703e+03     0.467 (  5162      0)     0.323 (  1225      0)
"i:cice_pice_strd_adv_total"                                                                                                    -      12288    12288 5.308416e+06   3.188145e+03     0.271 ( 10548      0)     0.149 (  1271      0)
"i:cice_pice_strd_adv_readLBUB"                                                                                                 -      12288    12288 5.308416e+06   1.913822e+03     0.250 (  1608      0)     0.126 ( 10564      0)
"i:cice_pice_readLBUB_setup"                                                                                                    -      12288    12288 5.308416e+06   1.572491e+00     0.000 ( 10944      0)     0.000 (   320      0)
"i:cice_pice_readLBUB_fbound"                                                                                                   -      12288    12288 2.457600e+04   6.548148e-03     0.004 (     0      0)     0.000 (  4490      0)
"i:cice_pice_readLBUB_bcast"                                                                                                    -      12288    12288 2.457600e+04   5.242724e+01     0.004 ( 12277      0)     0.000 (     0      0)
"i:cice_pice_readLBUB_LB_setup"                                                                                                 -      12288    12288 1.228800e+04   3.592855e-03     0.000 (     0      0)     0.000 ( 11971      0)
"i:cice_pice_readLBUB_LB_readpio"                                                                                               -      12288    12288 1.228800e+04   5.369129e+02     0.098 (  7164      0)     0.030 (  7036      0)
"i:PIO:openfile"                                                                                                                -      12288    12288 1.228800e+04   2.090680e+02     0.017 ( 12279      0)     0.017 (     0      0)
"i:PIO:pio_inq_varid_file_vdesc"                                                                                                -      12288    12288 7.372800e+04   9.995205e+00     0.001 (  9973      0)     0.001 (    22      0)
"i:PIO:pio_inq_varid_file_vid"                                                                                                  -      12288    12288 7.372800e+04   9.964828e+00     0.001 (  9973      0)     0.001 (    22      0)
"i:PIO:pio_inq_varndims_file_vdesc"                                                                                             -      12288    12288 3.686400e+04   1.840753e+01     0.058 ( 10202      0)     0.000 (  4750      0)
"i:PIO:pio_inq_varndims_file_vid"                                                                                               -      12288    12288 3.686400e+04   1.838823e+01     0.058 ( 10202      0)     0.000 (  4750      0)
"i:PIO:pio_inq_vardimid_file_vdesc"                                                                                             -      12288    12288 3.686400e+04   1.709379e+01     0.002 (     4      0)     0.001 (  7573      0)
"i:PIO:pio_inq_vardimid_file_vid"                                                                                               -      12288    12288 3.686400e+04   1.707772e+01     0.002 (     4      0)     0.001 (  7573      0)
"i:PIO:pio_inq_dimlen_file_dimid"                                                                                               -      12288    12288 1.105920e+05   1.052934e+01     0.001 (  6630      0)     0.001 (  6156      0)
"i:PIO:pio_inq_dimlen_file_dimid_offlen"                                                                                        -      12288    12288 1.105920e+05   1.049882e+01     0.001 (  6630      0)     0.001 (  6156      0)
"i:PIO:pio_inq_vartype_file_vdesc"                                                                                              -      12288    12288 3.686400e+04   8.297135e+00     0.001 (  7050      0)     0.001 (   495      0)
"i:PIO:pio_inq_vartype_file_vid"                                                                                                -      12288    12288 3.686400e+04   8.279261e+00     0.001 (  7050      0)     0.001 (   501      0)
"i:PIO:read_darray_1d_real"                                                                                                     -      12288    12288 3.686400e+04   1.411650e+03     0.215 (  1584      0)     0.055 ( 10140      0)
"i:PIO:PIOc_read_darray"                                                                                                        -      12288    12288 3.686400e+04   1.411564e+03     0.215 (  1584      0)     0.055 ( 10140      0)
"i:PIO:read_darray_nc"                                                                                                          -      12288    12288 3.686400e+04   9.301453e+01     0.172 (   564      0)     0.000 (  7165      0)
"i:PIO:rearrange_io2comp"                                                                                                       -      12288    12288 3.686400e+04   1.298375e+03     0.178 (  1795      0)     0.001 (     0      0)
"i:PIO:pio_swapm"                                                                                                               -      12288    12288 3.686400e+04   1.296734e+03     0.178 (  1795      0)     0.001 (     0      0)
"i:cice_pice_readLBUB_UB_setup"                                                                                                 -      12288    12288 2.457600e+04   1.026232e-02     0.000 (     0      0)     0.000 ( 11483      0)
"i:cice_pice_readLBUB_UB_readpio"                                                                                               -      12288    12288 2.457600e+04   1.307608e+03     0.198 (  1608      0)     0.035 ( 10192      0)
"i:cice_pice_readLBUB_filemgt"                                                                                                  -      12288    12288 5.308416e+06   9.678027e-01     0.000 (  1044      0)     0.000 ( 12007      0)
"i:cice_pice_strd_adv_map"                                                                                                      -      12288    12288 2.457600e+04   1.180400e+03     0.137 ( 10558      0)     0.000 (  1341      0)
"i:cice_pice_strd_adv_tint"                                                                                                     -      12288    12288 5.308416e+06   7.312241e+01     0.009 (   318      0)     0.005 ( 11899      0)
"i:cice_run_initflux"                                                                                                           -      12288    12288 5.308416e+06   9.266734e+01     0.008 (  9702      0)     0.008 (  3494      0)
"i:cice_run_prepradiation"                                                                                                      -      12288    12288 5.308416e+06   8.361829e+01     0.013 (  8773      0)     0.006 (  4535      0)
"i:cice_run_therm1"                                                                                                             -      12288    12288 5.308416e+06   3.089957e+03     0.553 (  9704      0)     0.215 (  1102      0)
"i:cice_run_dyn"                                                                                                                -      12288    12288 5.308416e+06   3.342215e-01     0.000 (  7029      0)     0.000 ( 11162      0)
"i:cice_run_radiation"                                                                                                          -      12288    12288 5.308416e+06   1.981423e+03     0.745 (  9855      0)     0.112 ( 11336      0)
"i:cice_step_radiationib"                                                                                                       -      12288    12288 5.308416e+06   1.761897e+03     0.728 (  9855      0)     0.095 ( 11336      0)
"i:cice_step_rib_swdedd1"                                                                                                       -      12288    12288 5.308416e+06   1.692384e+02     0.025 (  2175      0)     0.005 ( 11779      0)
"i:cice_step_rib_swdedd2"                                                                                                       -      12288    12288 5.308416e+06   1.415486e+02     0.013 ( 11394      0)     0.011 (  1918      0)
"i:cice_step_rib_swdedd7"                                                                                                       -      12288    12288 5.308416e+06   1.338097e+03     0.689 (  9855      0)     0.063 ( 11336      0)
"i:cice_run_couplingprep"                                                                                                       -      12288    12288 5.308416e+06   1.689778e+03     0.701 (  9378      0)     0.101 ( 11002      0)
"i:ice_HaloUpdate2DR8"                                                                                                          -      12288    12288 5.308416e+06   4.439350e+02     0.604 (  9378      0)     0.006 (  4449      0)
"i:ice_HU2DR8_init"                                                                                                             -      12288    12288 5.308416e+06   4.138444e+00     0.001 ( 11248      0)     0.000 (  7745      0)
"i:cice_run_diag"                                                                                                               -      12288    12288 5.308416e+06   2.099630e+03     0.195 (   723      0)     0.135 (  9799      0)
"i:cice_run_hist"                                                                                                               -      12288    12288 5.308416e+06   1.355011e+03     0.129 (  5162      0)     0.083 ( 11771      0)
"i:cice_run_accum"                                                                                                              -      12288    12288 5.308416e+06   3.739680e+01     0.003 (  9384      0)     0.003 (  6645      0)
"i:cice_run_export"                                                                                                             -      12288    12288 5.308416e+06   6.309826e+02     0.061 (  8773      0)     0.047 ( 10919      0)
"CPL:LND_RUN"                                                                                                                   -      12288    12288 5.308416e+06   3.520488e+05    33.807 (   759      0)    23.784 ( 12104      0)
"l:lc_lnd_import"                                                                                                               -      12288    12288 5.308416e+06   1.178936e+03     0.170 (  5162      0)     0.042 ( 11638      0)
"l:elm_run"                                                                                                                     -      12288    12288 5.320704e+06   3.499646e+05    33.601 (   759      0)    23.613 ( 12104      0)
"l:shr_orb_decl"                                                                                                                -      12288    12288 5.320704e+06   5.276449e+00     0.001 (  4991      0)     0.000 (  1146      0)
"l:decomp_vert"                                                                                                                 -      12288    12288 5.320704e+06   5.077136e+01     0.008 (  7820      0)     0.002 (  9840      0)
"l:beggridwbal"                                                                                                                 -      12288    12288 5.320704e+06   1.563696e+03     0.154 ( 12150      0)     0.105 (  9098      0)
"l:cnpinit"                                                                                                                     -      12288    12288 5.320704e+06   4.655796e+00     0.012 (  6278      0)     0.000 (  6961      0)
"l:cnpvegsumm"                                                                                                                  -      12288    12288 5.320704e+06   5.163278e-01     0.000 (  2457      0)     0.000 (  8760      0)
"l:dyn_subgrid"                                                                                                                 -      12288    12288 5.320704e+06   9.659355e+03     0.999 (   821      0)     0.677 (  6303      0)
"l:begwbal"                                                                                                                     -      12288    12288 5.320704e+06   1.801138e+02     0.031 ( 10989      0)     0.009 (  9654      0)
"l:begcnpbal"                                                                                                                   -      12288    12288 5.320704e+06   4.430568e-01     0.000 (   115      0)     0.000 (  6311      0)
"l:drvinit"                                                                                                                     -      12288    12288 5.320704e+06   9.372307e+02     0.106 (  5162      0)     0.068 (  5972      0)
"l:canhydro"                                                                                                                    -      12288    12288 5.320704e+06   1.727934e+03     0.218 ( 12005      0)     0.104 (  6625      0)
"l:surfrad"                                                                                                                     -      12288    12288 5.320704e+06   3.581208e+03     0.365 (   143      0)     0.244 (  8042      0)
"l:bgp1"                                                                                                                        -      12288    12288 5.320704e+06   2.014229e+03     0.235 ( 12150      0)     0.120 (  8042      0)
"l:bgflux"                                                                                                                      -      12288    12288 5.320704e+06   2.617899e+03     0.323 (  6666      0)     0.133 (  3655      0)
"l:canflux"                                                                                                                     -      12288    12288 5.320704e+06   1.015914e+05    12.406 ( 10069      0)     5.007 (  6202      0)
"l:can_iter"                                                                                                                    -      12288    12288 5.320704e+06   8.319461e+04    10.681 ( 10069      0)     3.768 (  6202      0)
"l:uflux"                                                                                                                       -      12288    12288 5.320704e+06   1.518010e+03     0.290 (   933      0)     0.036 (  9305      0)
"l:bgplake"                                                                                                                     -      12288    12288 5.320704e+06   7.678573e+03     0.926 (  1960      0)     0.404 (  7146      0)
"l:bgc"                                                                                                                         -      12288    12288 5.320704e+06   5.653976e+03     0.646 (  1441      0)     0.349 ( 12104      0)
"l:soiltemperature"                                                                                                             -      12288    12288 5.320704e+06   6.617440e+04     6.458 (   293      0)     4.524 (  9305      0)
"l:SoilThermProp"                                                                                                               -      12288    12288 5.320704e+06   3.270028e+03     0.392 ( 12150      0)     0.182 (  8042      0)
"l:SoilTempBandDiag"                                                                                                            -      12288    12288 1.064141e+07   6.619158e+03     0.986 (   201      0)     0.359 ( 10983      0)
"l:PhaseChangeH2osfc"                                                                                                           -      12288    12288 5.320704e+06   3.401277e+01     0.006 (   143      0)     0.001 (  9841      0)
"l:PhaseChangebeta"                                                                                                             -      12288    12288 5.320704e+06   1.278340e+03     0.173 (  1306      0)     0.052 (  9841      0)
"l:bgp2"                                                                                                                        -      12288    12288 5.320704e+06   2.779455e+03     0.298 ( 12150      0)     0.168 (  6625      0)
"l:bgp2_loop_1"                                                                                                                 -      12288    12288 5.320704e+06   4.721365e+02     0.050 ( 12011      0)     0.029 (  6886      0)
"l:bgp2_loop_2"                                                                                                                 -      12288    12288 5.320704e+06   8.756570e+02     0.092 ( 12150      0)     0.055 (  8042      0)
"l:bgp2_loop_3"                                                                                                                 -      12288    12288 5.320704e+06   1.100834e+03     0.124 ( 12150      0)     0.059 ( 12104      0)
"l:bgp2_loop_4"                                                                                                                 -      12288    12288 5.320704e+06   3.034999e+02     0.032 (  5388      0)     0.019 (  6094      0)
"l:patch2col"                                                                                                                   -      12288    12288 5.320704e+06   1.402717e+03     0.150 ( 12150      0)     0.091 (  8042      0)
"l:hydro without drainage"                                                                                                      -      12288    12288 5.320704e+06   2.178669e+04     2.505 (   293      0)     1.314 (  6886      0)
"l:hylake"                                                                                                                      -      12288    12288 5.320704e+06   1.950797e+03     0.380 (   821      0)     0.117 (  3882      0)
"l:snow_init"                                                                                                                   -      12288    12288 5.320704e+06   1.608972e+02     0.038 (  2370      0)     0.005 ( 12197      0)
"l:ecosysdyn"                                                                                                                   -      12288    12288 5.320704e+06   5.116611e+02     0.050 (  2137      0)     0.034 (  8042      0)
"l:depvel"                                                                                                                      -      12288    12288 1.064141e+07   5.050631e+00     0.003 (  7776      0)     0.000 (   565      0)
"l:hydro2 drainage"                                                                                                             -      12288    12288 5.320704e+06   1.518649e+03     0.188 ( 12150      0)     0.083 (  7470      0)
"l:balchk"                                                                                                                      -      12288    12288 5.320704e+06   1.835968e+03     0.175 (   812      0)     0.129 (  9305      0)
"l:gridbalchk"                                                                                                                  -      12288    12288 5.320704e+06   1.117333e+03     0.101 ( 12150      0)     0.078 (  4266      0)
"l:lnd2atm"                                                                                                                     -      12288    12288 5.320704e+06   8.217925e+03     0.754 (  1656      0)     0.572 (  2789      0)
"l:wrtdiag"                                                                                                                     -      12288    12288 5.320704e+06   5.435461e+01     0.017 (     0      0)     0.003 (  6632      0)
"l:hbuf"                                                                                                                        -      12288    12288 5.320704e+06   3.009773e+04     2.734 (   812      0)     2.161 (  4266      0)
"l:elm_drv_io"                                                                                                                  -      12288    12288 5.320704e+06   2.677689e+01     0.063 (  7132      0)     0.001 (  2198      0)
"l:elm_drv_io_htapes"                                                                                                           -      12288    12288 5.320704e+06   2.382586e+01     0.063 (  7132      0)     0.001 (  3352      0)
"l:lc_lnd_export"                                                                                                               -      12288    12288 5.320704e+06   2.755580e+02     0.025 (  5162      0)     0.021 (  3743      0)
"l:lc_elm2_adv_timestep"                                                                                                        -      12288    12288 5.320704e+06   3.882920e+00     0.001 (  8167      0)     0.000 (  4108      0)
"l:accum"                                                                                                                       -      12288    12288 5.308416e+06   5.570289e+03     0.483 ( 11106      0)     0.421 (  2780      0)
"CPL:ATMOCNP"                                                                                                                   -      12288    12288 5.308416e+06   4.517664e+03     0.573 (  3148      0)     0.083 (  1305      0)
"CPL:atmocnp_fluxo"                                                                                                             -      12288    12288 5.308416e+06   3.834653e+03     0.525 (  8544      0)     0.018 ( 11745      0)
"CPL:atmocnp_ocnalb"                                                                                                            -      12288    12288 5.308416e+06   6.691910e+02     0.077 (   919      0)     0.040 (  7156      0)
"CPL:L2C"                                                                                                                       -      12288    12288 5.308416e+06   1.563341e+04     5.349 (  4898      0)     0.127 ( 12243      0)
"CPL:l2c_lndl2lndx"                                                                                                             -      12288    12288 5.308416e+06   1.561073e+04     5.347 (  4898      0)     0.125 ( 12243      0)
"lnd2cpl_run"                                                                                                                   -      12288    12288 5.308416e+06   1.402897e+01     0.001 (  5637      0)     0.001 ( 12102      0)
"CPL:LNDPOST"                                                                                                                   -      12288    12288 5.308416e+06   3.780950e+00     0.000 (  2728      0)     0.000 (  8527      0)
"CPL:I2C"                                                                                                                       -      12288    12288 5.308416e+06   5.438606e+02     0.051 (  5162      0)     0.042 (  8840      0)
"CPL:i2c_icei2icex"                                                                                                             -      12288    12288 5.308416e+06   5.271841e+02     0.049 (  5162      0)     0.040 (  8840      0)
"CPL:i2c_infoexch"                                                                                                              -      12288    12288 5.308416e+06   8.078313e+00     0.001 (  9686      0)     0.000 (  8010      0)
"CPL:ICEPOST"                                                                                                                   -      12288    12288 5.308416e+06   4.556832e-01     0.000 (  7760      0)     0.000 (  4430      0)
"CPL:FRACSET"                                                                                                                   -      12288    12288 5.308416e+06   1.121507e+04     4.074 (  4302      0)     0.069 (   202      0)
"CPL:fracset_fracset"                                                                                                           -      12288    12288 5.308416e+06   1.121260e+04     4.074 (  4302      0)     0.069 (   202      0)
"CPL:ATMPREP"                                                                                                                   -      12288    12288 5.308416e+06   5.511267e+04     7.386 ( 10085      0)     1.687 (  5488      0)
"CPL:atmprep_xao2atm"                                                                                                           -      12288    12288 5.308416e+06   1.462761e+04     3.990 (  9155      0)     0.138 (  6014      0)
"CPL:atmprep_ocn2atm"                                                                                                           -      12288    12288 5.308416e+06   7.793122e+03     2.333 (  5859      0)     0.109 (  2243      0)
"CPL:atmprep_alb2atm"                                                                                                           -      12288    12288 5.308416e+06   2.825314e+03     1.515 (  5868      0)     0.049 ( 10475      0)
"CPL:atmprep_ice2atm"                                                                                                           -      12288    12288 5.308416e+06   5.537436e+03     3.439 (  7935      0)     0.145 (  2205      0)
"CPL:atmprep_lnd2atm"                                                                                                           -      12288    12288 5.308416e+06   2.199521e+04     6.727 ( 10085      0)     0.108 ( 10204      0)
"CPL:atmprep_mrgx2a"                                                                                                            -      12288    12288 5.308416e+06   2.296710e+03     0.306 ( 10351      0)     0.127 (    56      0)
"CPL:C2A"                                                                                                                       -      12288    12288 5.308416e+06   1.962694e+04     5.086 (  5372      0)     0.548 ( 10327      0)
"CPL:c2a_atmx2atmg"                                                                                                             -      12288    12288 5.308416e+06   1.473673e+04     4.758 (  5372      0)     0.178 ( 11771      0)
"CPL:c2a_infoexch"                                                                                                              -      12288    12288 5.308416e+06   4.882202e+03     1.987 ( 10218      0)     0.107 (   118      0)
"CPL:ATM_RUN"                                                                                                                   -      12288    12288 5.308416e+06   3.102280e+06   259.674 (  3889      0)   247.481 (  6650      0)
"a:EAMxx::run"                                                                                                                  -      12288    12288 5.308416e+06   3.101204e+06   259.586 (  3889      0)   247.393 (  6650      0)
"a:PIO:PIOc_sync"                                                                                                               -      12288    12288 1.228800e+04   2.959765e-01     0.000 ( 11808      0)     0.000 (  8060      0)
"a:PIO:write_total"                                                                                                             -      12288    12288 1.228800e+04   2.710754e-01     0.000 (  7932      0)     0.000 (  8060      0)
"a:PIO:flush_output_buffer"                                                                                                     -       1024     1024 1.024000e+03   1.146191e-01     0.000 ( 11808      0)     0.000 (  7452      0)
"a:EAMxx::EAMxx::run"                                                                                                           -      12288    12288 5.308416e+06   3.099994e+06   259.485 (  3889      0)   247.297 (  6650      0)
"a:EAMxx::EAMxx::run-precondition-checks"                                                                                       -      12288    12288 5.308416e+06   2.018032e+00     0.000 (  2665      0)     0.000 (  3093      0)
"a:EAMxx::SurfaceCouplingImporter::run"                                                                                         -      12288    12288 5.308416e+06   3.676091e+03     0.496 (  6415      0)     0.276 (  5252      0)
"a:EAMxx::SurfaceCouplingImporter::run-precondition-checks"                                                                     -      12288    12288 5.308416e+06   9.753682e-01     0.000 ( 12269      0)     0.000 (  9785      0)
"a:EAMxx::SurfaceCouplingImporter::run-postcondition-checks"                                                                    -      12288    12288 5.308416e+06   3.111257e+03     0.419 (  6415      0)     0.231 (  5252      0)
"a:EAMxx::homme::run"                                                                                                           -      12288    12288 5.308416e+06   2.838982e+06   231.221 (     5      0)   230.711 (  6416      0)
"a:EAMxx::homme::run-precondition-checks"                                                                                       -      12288    12288 5.308416e+06   1.050825e+00     0.000 (  3618      0)     0.000 (  8541      0)
"a:tl-sc prim_run_subcycle_c"                                                                                                   -      12288    12288 1.061683e+07   2.740809e+06   223.313 (  3120      0)   222.725 (  6401      0)
"a:tl-s prim_step_flexible"                                                                                                     -      12288    12288 1.061683e+07   2.740760e+06   223.309 (  3120      0)   222.722 (  6401      0)
"a:ApplyCAMForcing_tracers"                                                                                                     -      12288    12288 5.308416e+06   4.665391e+03     0.550 (  6413      0)     0.353 (  4028      0)
"a:tl-s deep_copy+derived_dp"                                                                                                   -      12288    12288 1.061683e+07   9.219669e+02     0.097 (  6284      0)     0.067 (  6258      0)
"a:ApplyCAMForcing_dynamics"                                                                                                    -      12288    12288 3.185050e+07   3.610710e+03     0.355 ( 10049      0)     0.272 (  3962      0)
"a:tl-ae prim_advance_exp"                                                                                                      -      12288    12288 6.370099e+07   2.172262e+06   179.771 ( 11670      0)   174.691 (  3155      0)
"a:ttype9_imex_timestep"                                                                                                        -      12288    12288 6.370099e+07   1.874054e+06   156.631 ( 11165      0)   149.626 (  3298      0)
"a:caar compute"                                                                                                                -      12288    12288 6.370099e+08   5.661580e+05    48.354 (   959      0)    41.543 (  4258      0)
"a:caar_bexchV"                                                                                                                 -      12288    12288 3.185050e+08   3.748931e+05    38.028 (  1850      0)    25.369 (  9777      0)
"a:caar limiter"                                                                                                                -      12288    12288 3.822060e+08   1.877093e+05    18.447 (  2513      0)    13.245 (  5602      0)
"a:compute_stage_value_dirk"                                                                                                    -      12288    12288 3.185050e+08   7.323338e+05    63.880 (  3630      0)    55.242 (  4028      0)
"a:tl-ae advance_hypervis_dp"                                                                                                   -      12288    12288 6.370099e+07   2.966894e+05    27.604 ( 11108      0)    21.850 (  2829      0)
"a:hvf-bhwk"                                                                                                                    -      12288    12288 6.370099e+07   1.493301e+05    14.025 ( 11126      0)    10.808 (  3150      0)
"a:hvf-bexch"                                                                                                                   -      12288    12288 1.911030e+08   1.773067e+05    17.925 ( 11108      0)    11.865 (   959      0)
"a:tl-sc vertical_remap"                                                                                                        -      12288    12288 3.185050e+07   1.738056e+05    14.981 (  4192      0)    13.202 (  4028      0)
"a:Remap Thickness Functor"                                                                                                     -      12288    12288 3.185050e+07   8.299603e+03     0.735 (  4192      0)     0.616 (  9064      0)
"a:Remap Scale States Functor"                                                                                                  -      12288    12288 3.185050e+07   1.608692e+03     0.146 (  5249      0)     0.121 (  5252      0)
"a:Remap Compute Grids Functor"                                                                                                 -      12288    12288 3.185050e+07   1.067001e+04     1.155 (  3011      0)     0.766 (  3845      0)
"a:Remap Compute Remap Functor"                                                                                                 -      12288    12288 3.185050e+07   1.255490e+05    10.845 (  9995      0)     9.544 (  4028      0)
"a:Remap Rescale States Functor"                                                                                                -      12288    12288 3.185050e+07   2.449599e+03     0.243 (  9063      0)     0.173 (  4028      0)
"a:tl-at prim_advec_observe_velocity"                                                                                           -      12288    12288 3.185050e+07   1.428191e+02     0.017 (  6408      0)     0.010 ( 12102      0)
"a:tl-at prim_advec_tracers_compose"                                                                                            -      12288    12288 1.061683e+07   3.533108e+05    30.959 (  6660      0)    25.692 ( 11755      0)
"a:compose_transport"                                                                                                           -      12288    12288 1.061683e+07   3.532816e+05    30.956 (  6660      0)    25.690 ( 11755      0)
"a:compose_calc_trajectory"                                                                                                     -      12288    12288 1.061683e+07   3.077179e+04     3.144 (  4028      0)     2.200 ( 10673      0)
"a:compose_3d_levels"                                                                                                           -      12288    12288 1.061683e+07   1.745762e+04     1.719 (  4192      0)     1.271 (   714      0)
"a:compose_v_bexchv"                                                                                                            -      12288    12288 1.061683e+07   1.229249e+04     1.612 (  4028      0)     0.670 ( 10673      0)
"a:compose_v2x"                                                                                                                 -      12288    12288 1.061683e+07   9.881475e+02     0.099 ( 11088      0)     0.074 ( 12238      0)
"a:compose_isl"                                                                                                                 -      12288    12288 1.061683e+07   9.813148e+04    11.195 (  9731      0)     5.676 (  2957      0)
"a:compose_hypervis_scalar"                                                                                                     -      12288    12288 1.061683e+07   1.067293e+05    12.236 (  3292      0)     6.230 ( 11148      0)
"a:compose_cedr_global"                                                                                                         -      12288    12288 1.061683e+07   9.209389e+04     9.403 (  6468      0)     5.735 (  9719      0)
"a:repro_sum_int"                                                                                                               -      12288    12288 1.061683e+07   7.700258e+04     8.176 (  6468      0)     4.538 (  9719      0)
"a:compose_cedr_local"                                                                                                          -      12288    12288 1.061683e+07   8.549940e+03     0.823 (   414      0)     0.601 (  7213      0)
"a:compose_dss_q"                                                                                                               -      12288    12288 1.061683e+07   1.693119e+04     1.645 (  3997      0)     1.171 ( 11022      0)
"a:compose_vertical_remap"                                                                                                      -      12288    12288 1.061683e+07   3.164285e+04     2.859 (  2891      0)     2.332 (  7205      0)
"a:shr_reprosum_INF_NaN_Chk"                                                                                                    -      12288    12288 1.061683e+07   3.710834e+02     0.070 (  7100      0)     0.030 (  7029      0)
"a:shr_reprosum_int"                                                                                                            -      12288    12288 1.061683e+07   1.390713e+04     1.417 (  7950      0)     0.873 (  4981      0)
"a:repro_sum_loopa"                                                                                                             -      12288    12288 1.061683e+07   1.944409e+02     0.018 (  9707      0)     0.016 (  8814      0)
"a:repro_sum_allr_minmax"                                                                                                       -      12288    12288 1.061683e+07   1.125783e+04     1.200 (  7950      0)     0.659 (  4981      0)
"a:repro_sum_loopb"                                                                                                             -      12288    12288 1.061683e+07   4.735774e+02     0.057 ( 11636      0)     0.038 (  1180      0)
"a:repro_sum_allr_i8"                                                                                                           -      12288    12288 1.061683e+07   1.920478e+03     0.162 (   658      0)     0.137 ( 11636      0)
"a:repro_sum_finalsum"                                                                                                          -      12288    12288 1.061683e+07   9.561645e+00     0.001 (  6828      0)     0.001 ( 10479      0)
"a:EAMxx::homme::run-postcondition-checks"                                                                                      -      12288    12288 5.308416e+06   1.443662e+04     1.310 (  9705      0)     1.124 (  5924      0)
"a:EAMxx::physics::run"                                                                                                         -      12288    12288 5.308416e+06   2.518048e+05    27.683 (  3889      0)    15.523 (  6650      0)
"a:EAMxx::physics::run-precondition-checks"                                                                                     -      12288    12288 5.308416e+06   1.278418e+00     0.000 (  4540      0)     0.000 (  8330      0)
"a:EAMxx::mac_aero_mic::run"                                                                                                    -      12288    12288 5.308416e+06   1.105039e+05    12.749 (  4822      0)     7.053 (  5924      0)
"a:EAMxx::mac_aero_mic::run-precondition-checks"                                                                                -      12288    12288 5.308416e+06   9.341453e-01     0.000 (  6299      0)     0.000 (  8712      0)
"a:EAMxx::tms::run"                                                                                                             -      12288    12288 5.308416e+06   1.445397e+03     0.135 (  6411      0)     0.112 ( 10682      0)
"a:EAMxx::tms::run-precondition-checks"                                                                                         -      12288    12288 5.308416e+06   7.988000e-01     0.000 ( 10445      0)     0.000 (  3019      0)
"a:EAMxx::tms::run-postcondition-checks"                                                                                        -      12288    12288 5.308416e+06   4.915046e+02     0.045 (  4697      0)     0.036 (  5240      0)
"a:EAMxx::shoc::run"                                                                                                            -      12288    12288 5.308416e+06   4.258959e+04     3.781 (  9699      0)     3.029 (  5738      0)
"a:EAMxx::shoc::run-precondition-checks"                                                                                        -      12288    12288 5.308416e+06   9.059730e-01     0.000 ( 10109      0)     0.000 (  5381      0)
"a:EAMxx::shoc::run-postcondition-checks"                                                                                       -      12288    12288 5.308416e+06   1.752091e+04     1.580 (  9699      0)     1.339 (  5174      0)
"a:EAMxx::cld_fraction::run"                                                                                                    -      12288    12288 5.308416e+06   2.800389e+03     0.246 (  9697      0)     0.214 (  5804      0)
"a:EAMxx::cld_fraction::run-precondition-checks"                                                                                -      12288    12288 5.308416e+06   1.340005e+00     0.000 (  7189      0)     0.000 (  1152      0)
"a:EAMxx::cld_fraction::run-postcondition-checks"                                                                               -      12288    12288 5.308416e+06   1.769486e+03     0.156 ( 11725      0)     0.133 (  5804      0)
"a:EAMxx::spa::run"                                                                                                             -      12288    12288 5.308416e+06   1.273193e+04     1.281 (  8749      0)     0.940 (  5804      0)
"a:EAMxx::spa::run-precondition-checks"                                                                                         -      12288    12288 5.308416e+06   1.086024e+00     0.000 (  9438      0)     0.000 (  5483      0)
"a:EAMxx::spa::run-postcondition-checks"                                                                                        -      12288    12288 5.308416e+06   8.133981e+03     0.705 (  3037      0)     0.612 (  5804      0)
"a:EAMxx::p3::run"                                                                                                              -      12288    12288 5.308416e+06   5.075881e+04     7.914 (  4822      0)     2.562 (  3220      0)
"a:EAMxx::p3::run-precondition-checks"                                                                                          -      12288    12288 5.308416e+06   2.491018e+03     0.559 (  5751      0)     0.121 (  5804      0)
"a:EAMxx::p3::run-postcondition-checks"                                                                                         -      12288    12288 5.308416e+06   2.283065e+04     2.042 (  9699      0)     1.753 (  4028      0)
"a:EAMxx::mac_aero_mic::run-postcondition-checks"                                                                               -      12288    12288 5.308416e+06   1.054089e+00     0.000 (  8202      0)     0.000 (  8547      0)
"a:EAMxx::rrtmgp::run"                                                                                                          -      12288    12288 5.308416e+06   1.411305e+05    15.276 (  2357      0)     7.559 (  5792      0)
"a:EAMxx::rrtmgp::run-precondition-checks"                                                                                      -      12288    12288 5.308416e+06   2.906674e+02     0.026 (  7479      0)     0.022 (  4028      0)
"a:EAMxx::rrtmgp::run-postcondition-checks"                                                                                     -      12288    12288 5.308416e+06   7.900543e+03     0.717 ( 11163      0)     0.590 (  3344      0)
"a:EAMxx::physics::run-postcondition-checks"                                                                                    -      12288    12288 5.308416e+06   7.903429e-01     0.000 (  1552      0)     0.000 (  9943      0)
"a:EAMxx::SurfaceCouplingExporter::run"                                                                                         -      12288    12288 5.308416e+06   5.116902e+03     0.466 (  1687      0)     0.384 (  7882      0)
"a:EAMxx::SurfaceCouplingExporter::run-precondition-checks"                                                                     -      12288    12288 5.308416e+06   1.626159e+00     0.000 (  1681      0)     0.000 (  4855      0)
"a:EAMxx::SurfaceCouplingExporter::run-postcondition-checks"                                                                    -      12288    12288 5.308416e+06   1.931097e+00     0.000 ( 11552      0)     0.000 (  3663      0)
"a:EAMxx::EAMxx::run-postcondition-checks"                                                                                      -      12288    12288 5.308416e+06   7.761952e-01     0.000 (  5967      0)     0.000 (  2940      0)
"a:EAMxx::IO::restart"                                                                                                          -      12288    12288 5.308416e+06   2.596783e+01     0.036 (  8792      0)     0.002 (  5338      0)
"a:EAMxx::IO::model_restart"                                                                                                    -      12288    12288 5.308416e+06   2.162027e+01     0.035 (  8792      0)     0.001 (  5338      0)
"a:EAMxx::IO::restart::get_new_file"                                                                                            -      12288    12288 5.308416e+06   5.820799e-01     0.000 (  9212      0)     0.000 ( 10051      0)
"a:EAMxx::IO::restart::run_output_streams"                                                                                      -      12288    12288 5.308416e+06   8.840204e+00     0.034 (  8792      0)     0.000 (  6560      0)
"a:EAMxx::IO::standard"                                                                                                         -      12288    12288 5.308416e+06   1.023104e+01     0.001 ( 11856      0)     0.001 (  4936      0)
"a:EAMxx::IO::nooutput.yaml"                                                                                                    -      12288    12288 5.308416e+06   7.270391e+00     0.001 ( 12007      0)     0.000 (  4936      0)
"a:EAMxx::IO::standard::get_new_file"                                                                                           -      12288    12288 5.308416e+06   2.288071e-01     0.000 (  9074      0)     0.000 (   693      0)
"a:EAMxx::IO::standard::run_output_streams"                                                                                     -      12288    12288 5.308416e+06   7.630471e-01     0.000 (  3463      0)     0.000 (  2328      0)
"CPL:A2C"                                                                                                                       -      12288    12288 5.308416e+06   8.654965e+04    11.938 (  5164      0)     0.780 (  3891      0)
"CPL:a2c_atma2atmx"                                                                                                             -      12288    12288 5.308416e+06   5.244415e+04    10.766 (  8690      0)     0.198 (  4175      0)
"CPL:a2c_infoexch"                                                                                                              -      12288    12288 5.308416e+06   3.409289e+04     8.423 (  8104      0)     0.029 (     0      0)
"CPL:ATMPOST"                                                                                                                   -      12288    12288 5.308416e+06   2.703122e+00     0.000 (  7844      0)     0.000 (  9131      0)
"CPL:HISTORY"                                                                                                                   -      12288    12288 5.308416e+06   1.236853e+01     0.004 (   823      0)     0.001 (  8354      0)
"CPL:cime_run_write_history"                                                                                                    -      12288    12288 5.308416e+06   9.644399e+00     0.003 (   816      0)     0.001 (  2056      0)
"CPL:TSTAMP_WRITE"                                                                                                              -      12288    12288 5.308416e+06   3.548969e+00     0.001 (  3240      0)     0.000 (  8785      0)
"CPL:TPROF_WRITE"                                                                                                               -      12288    12288 5.308416e+06   1.641161e+00     0.000 (  4212      0)     0.000 (  6246      0)
"CPL:C2O_INITWAIT"                                                                                                              -      12288    12288 5.296128e+06   3.271100e+04     4.627 (  1664      0)     1.261 (  8787      0)
"l:interpMonthlyVeg"                                                                                                            -      12288    12288 5.296128e+06   4.606116e+04     3.758 (  3864      0)     3.730 (  4093      0)
"l:readMonthlyVeg"                                                                                                              -      12288    12288 1.228800e+04   4.605652e+04     3.757 (  3864      0)     3.728 (  3578      0)
"l:PIO:openfile"                                                                                                                -      12288    12288 1.228800e+04   7.970975e+02     0.108 (  7992      0)     0.020 (  8329      0)
"l:PIO:pio_inq_varid_file_vdesc"                                                                                                -      12288    12288 9.830400e+04   4.822114e+01     0.011 ( 10276      0)     0.000 (  6563      0)
"l:PIO:pio_inq_varid_file_vid"                                                                                                  -      12288    12288 9.830400e+04   4.818330e+01     0.011 ( 10276      0)     0.000 (  6563      0)
"l:PIO:pio_inq_varndims_file_vdesc"                                                                                             -      12288    12288 9.830400e+04   1.713096e+01     0.157 (  4093      0)     0.000 (  4096      0)
"l:PIO:pio_inq_varndims_file_vid"                                                                                               -      12288    12288 9.830400e+04   1.710296e+01     0.157 (  4093      0)     0.000 (  4096      0)
"l:PIO:pio_inq_vardimid_file_vdesc"                                                                                             -      12288    12288 9.830400e+04   3.916383e+01     0.004 (  6536      0)     0.001 (  4092      0)
"l:PIO:pio_inq_vardimid_file_vid"                                                                                               -      12288    12288 9.830400e+04   3.914009e+01     0.004 (  6536      0)     0.001 (  4092      0)
"l:PIO:pio_inq_dimname_file_dimid"                                                                                              -      12288    12288 8.355840e+05   1.133272e+02     0.011 (  6225      0)     0.002 (  4092      0)
"l:PIO:pio_inq_dimlen_file_dimid"                                                                                               -      12288    12288 1.966080e+05   1.748121e+01     0.002 (  6645      0)     0.000 (  4092      0)
"l:PIO:pio_inq_dimlen_file_dimid_offlen"                                                                                        -      12288    12288 1.966080e+05   1.743865e+01     0.002 (  6645      0)     0.000 (  4092      0)
"l:PIO:pio_inquire_file"                                                                                                        -      12288    12288 3.686400e+05   3.375804e+01     0.003 (  6627      0)     0.001 (  4103      0)
"l:PIO:pio_inq_ndims_file"                                                                                                      -      12288    12288 3.686400e+05   3.368458e+01     0.003 (  6627      0)     0.001 (  4092      0)
"l:PIO:initdecomp"                                                                                                              -      12288    12288 1.228800e+04   6.202755e+03     0.505 (    18      0)     0.505 (  6048      0)
"l:PIO:PIOc_initdecomp"                                                                                                         -      12288    12288 1.228800e+04   6.202556e+03     0.505 (    18      0)     0.505 (  6048      0)
"l:PIO:box_rearrange_create"                                                                                                    -      12288    12288 1.228800e+04   6.196859e+03     0.504 (    14      0)     0.504 ( 12281      0)
"l:PIO:pio_swapm"                                                                                                               -      12288    12288 1.351680e+05   4.323454e+04     3.622 (  4101      0)     1.735 (  1980      0)
"l:PIO:read_darray_3d_double"                                                                                                   -      12288    12288 9.830400e+04   3.823218e+04     3.135 (  4099      0)     2.949 (  4093      0)
"l:PIO:PIOc_read_darray"                                                                                                        -      12288    12288 9.830400e+04   3.823195e+04     3.135 (  4099      0)     2.949 (  4093      0)
"l:PIO:read_darray_nc"                                                                                                          -      12288    12288 9.830400e+04   7.438308e+02     1.781 (  1980      0)     0.000 ( 10129      0)
"l:PIO:rearrange_io2comp"                                                                                                       -      12288    12288 9.830400e+04   3.741686e+04     3.133 (  4099      0)     1.308 (  1980      0)
"l:PIO:closefile"                                                                                                               -      12288    12288 1.228800e+04   9.615127e+00     0.026 (  4080      0)     0.000 (    69      0)
"l:PIO:PIOc_closefile"                                                                                                          -      12288    12288 1.228800e+04   9.599869e+00     0.026 (  4080      0)     0.000 (  5194      0)
"l:surfalb"                                                                                                                     -      12288    12288 5.296128e+06   2.058367e+04     2.053 (  8684      0)     1.358 (  1610      0)
"l:urbsurfalb"                                                                                                                  -      12288    12288 5.296128e+06   4.073902e+03     0.379 ( 12041      0)     0.264 (    98      0)
"CPL:OCNT_RUN"                                                                                                                  -      12288    12288 5.296128e+06   2.123069e+03     0.212 (     0      0)     0.132 (  1293      0)
"o:DOCN_RUN"                                                                                                                    -      12288    12288 5.296128e+06   1.960238e+03     0.186 ( 12104      0)     0.120 (  1293      0)
"o:docn_run1"                                                                                                                   -      12288    12288 5.296128e+06   5.394349e+00     0.001 (  5569      0)     0.000 (  1696      0)
"o:docn"                                                                                                                        -      12288    12288 5.296128e+06   1.946095e+03     0.185 ( 12104      0)     0.118 (  1293      0)
"o:docn_strdata_advance"                                                                                                        -      12288    12288 5.296128e+06   1.154676e+03     0.115 ( 12104      0)     0.055 (  1293      0)
"o:docn_strd_adv_total"                                                                                                         -      12288    12288 5.296128e+06   1.148207e+03     0.114 ( 12104      0)     0.054 (  1293      0)
"o:docn_strd_adv_readLBUB"                                                                                                      -      12288    12288 5.296128e+06   7.061778e+02     0.096 (  1397      0)     0.005 (     0      0)
"o:docn_readLBUB_setup"                                                                                                         -      12288    12288 5.296128e+06   1.760408e+00     0.000 (   539      0)     0.000 (  5484      0)
"o:docn_readLBUB_filemgt"                                                                                                       -      12288    12288 5.296128e+06   9.599623e-01     0.000 (  6005      0)     0.000 (  1450      0)
"o:docn_strd_adv_tint"                                                                                                          -      12288    12288 5.296128e+06   6.682892e+01     0.008 (  8688      0)     0.005 (  8119      0)
"o:docn_scatter"                                                                                                                -      12288    12288 5.296128e+06   5.468080e+02     0.051 (  8272      0)     0.041 (  9712      0)
"o:docn_datamode"                                                                                                               -      12288    12288 5.296128e+06   4.961487e+01     0.006 ( 12092      0)     0.004 (  4414      0)
"o:docn_run2"                                                                                                                   -      12288    12288 5.296128e+06   6.595748e-01     0.003 (     0      0)     0.000 (  6043      0)
"CPL:O2CT"                                                                                                                      -      12288    12288 5.296128e+06   2.515280e+04     7.288 (  1899      0)     0.027 (  5387      0)
"CPL:o2c_ocno2ocnx"                                                                                                             -      12288    12288 5.296128e+06   2.322502e+02     0.025 (  5162      0)     0.017 (  1990      0)
"CPL:o2c_infoexch"                                                                                                              -      12288    12288 5.296128e+06   2.491131e+04     7.268 (  1899      0)     0.007 (  5387      0)
"CPL:OCNPOSTT"                                                                                                                  -      12288    12288 5.296128e+06   3.734930e+00     0.000 (  1860      0)     0.000 (  7196      0)
"i:cice_pice_readLBUB_LB_copy"                                                                                                  -      12288    12288 1.228800e+04   1.356291e-02     0.000 (  5409      0)     0.000 ( 10210      0)
"o:docn_readLBUB_fbound"                                                                                                        -      12288    12288 1.228800e+04   1.812820e-03     0.000 (     0      0)     0.000 (  3694      0)
"o:docn_readLBUB_bcast"                                                                                                         -      12288    12288 1.228800e+04   4.080057e+02     0.045 ( 12104      0)     0.000 (     0      0)
"o:docn_readLBUB_LB_copy"                                                                                                       -      12288    12288 1.228800e+04   1.348582e-02     0.000 (  2429      0)     0.000 (  3914      0)
"o:docn_readLBUB_UB_setup"                                                                                                      -      12288    12288 1.228800e+04   5.321564e-03     0.000 (     0      0)     0.000 (  8190      0)
"o:docn_readLBUB_UB_readpio"                                                                                                    -      12288    12288 1.228800e+04   2.828547e+02     0.051 (   996      0)     0.003 (     0      0)
"o:PIO:pio_inq_varid_file_vdesc"                                                                                                -      12288    12288 2.457600e+04   4.482338e+00     0.000 ( 12287      0)     0.000 (     0      0)
"o:PIO:pio_inq_varid_file_vid"                                                                                                  -      12288    12288 2.457600e+04   4.466428e+00     0.000 ( 12287      0)     0.000 (     0      0)
"o:PIO:pio_inq_varndims_file_vdesc"                                                                                             -      12288    12288 1.228800e+04   2.839196e+00     0.000 (  5881      0)     0.000 (  8327      0)
"o:PIO:pio_inq_varndims_file_vid"                                                                                               -      12288    12288 1.228800e+04   2.829677e+00     0.000 (  5881      0)     0.000 (  8326      0)
"o:PIO:pio_inq_vardimid_file_vdesc"                                                                                             -      12288    12288 1.228800e+04   6.775184e+00     0.001 ( 10532      0)     0.001 (  7118      0)
"o:PIO:pio_inq_vardimid_file_vid"                                                                                               -      12288    12288 1.228800e+04   6.766249e+00     0.001 ( 10532      0)     0.001 (  7116      0)
"o:PIO:pio_inq_dimlen_file_dimid"                                                                                               -      12288    12288 3.686400e+04   4.180313e+00     0.000 ( 10005      0)     0.000 ( 10512      0)
"o:PIO:pio_inq_dimlen_file_dimid_offlen"                                                                                        -      12288    12288 3.686400e+04   4.159546e+00     0.000 ( 10000      0)     0.000 ( 10512      0)
"o:PIO:pio_inq_vartype_file_vdesc"                                                                                              -      12288    12288 1.228800e+04   3.086331e+00     0.000 (  9042      0)     0.000 (  5906      0)
"o:PIO:pio_inq_vartype_file_vid"                                                                                                -      12288    12288 1.228800e+04   3.077833e+00     0.000 (  9042      0)     0.000 (  5904      0)
"o:PIO:read_darray_1d_real"                                                                                                     -      12288    12288 1.228800e+04   2.567950e+02     0.049 (   996      0)     0.001 (     1      0)
"o:PIO:PIOc_read_darray"                                                                                                        -      12288    12288 1.228800e+04   2.567578e+02     0.049 (   996      0)     0.001 (     1      0)
"o:PIO:read_darray_nc"                                                                                                          -      12288    12288 1.228800e+04   1.467503e+01     0.048 (   996      0)     0.000 (  2787      0)
"o:PIO:rearrange_io2comp"                                                                                                       -      12288    12288 1.228800e+04   2.394055e+02     0.049 (  1407      0)     0.000 (     0      0)
"o:PIO:pio_swapm"                                                                                                               -      12288    12288 1.228800e+04   2.391667e+02     0.049 (  1407      0)     0.000 (     0      0)
"o:docn_strd_adv_fill"                                                                                                          -      12288    12288 1.228800e+04   1.661060e+00     0.000 (  6162      0)     0.000 ( 10282      0)
"o:docn_strd_adv_map"                                                                                                           -      12288    12288 1.228800e+04   3.416543e+02     0.050 ( 10806      0)     0.000 (  1271      0)
"CPL:RUN_LOOP_BSTOP"                                                                                                            -      12288    12288 1.228800e+04   6.526945e+01     0.006 (     3      0)     0.000 (  8908      0)
"CPL:FINAL"                                                                                                                     -      12288    12288 1.228800e+04   9.669596e+03     0.788 (     0      0)     0.772 (  6140      0)
"CPL:cime_final"                                                                                                                -      12288    12288 1.228800e+04   9.669560e+03     0.788 (     0      0)     0.772 (  6140      0)
"o_f:DOCN_FINAL"                                                                                                                -      12288    12288 1.228800e+04   2.508520e-03     0.000 (     0      0)     0.000 (  7196      0)
"a_f:EAMxx::finalize"                                                                                                           y      12288    12288 1.228800e+04   2.163071e+03     0.741 (  6408      0)     0.104 (  2119      0)
"a_f:PIO:PIOc_sync"                                                                                                             -      12288    12288 1.228800e+04   2.651635e-01     0.000 (  9372      0)     0.000 (  5758      0)
"a_f:PIO:write_total"                                                                                                           -      12288    12288 2.457600e+04   1.346022e+02     0.168 (  3396      0)     0.000 (  5758      0)
"a_f:PIO:flush_output_buffer"                                                                                                   -       1024     1024 2.048000e+03   1.215035e-01     0.000 (  6216      0)     0.000 (  9360      0)
"a_f:PIO:PIOc_closefile"                                                                                                        -      12288    12288 2.457600e+04   6.170016e+02     0.616 (     0      0)     0.000 (   262      0)
"a_f:PIO:PIOc_closefile_write_mode"                                                                                             -      12288    12288 1.228800e+04   1.343560e+02     0.168 (  3396      0)     0.000 (  8012      0)
"a_f:PIO:PIOc_freedecomp"                                                                                                       -      12288    12288 1.597440e+05   1.832323e+00     0.013 (  3050      0)     0.000 (  5569      0)
"PIO:finalize"                                                                                                                  -      12288    12288 1.228800e+05   6.781249e+03     0.661 (  6146      0)     0.001 (   228      0)
"PIO:PIOc_finalize"                                                                                                             -      12288    12288 1.228800e+05   6.779933e+03     0.661 (  6146      0)     0.000 (   228      0)
"CPL:FINAL_sync1_tprf"                                                                                                          -      12288    12288 1.228800e+04   1.129582e+01     0.001 ( 12100      0)     0.000 (     0      0)
"CPL:FINAL_t_prf"                                                                                                               y          0        0 0.000000e+00   0.000000e+00     0.000 (     0      0)     0.000 (     0      0)

