
***** GLOBAL STATISTICS ( 12288 MPI TASKS) *****

$Id: gptl.c,v 1.157 2011-03-28 20:55:18 rosinski Exp $
'count' is cumulative. All other stats are max/min
'on' indicates whether the timer was active during output, and so stats are lower or upper bounds.

name                                                                                                                           on  processes  threads        count      walltotal   wallmax (proc   thrd  )   wallmin (proc   thrd  )
"CPL:INIT"                                                                                                                      -      12288    12288 1.228800e+04   5.676124e+06   490.381 (   107      0)   459.444 (  8551      0)
"CPL:cime_pre_init1"                                                                                                            -      12288    12288 1.228800e+04   5.344917e+04    32.832 (   107      0)     1.885 (  8550      0)
"CPL:mpi_init"                                                                                                                  -      12288    12288 1.228800e+04   4.234636e+04    31.938 (   107      0)     0.993 (  8546      0)
"CPL:ESMF_Initialize"                                                                                                           -      12288    12288 1.228800e+04   3.385908e+01     0.023 (  7413      0)     0.000 (   443      0)
"CPL:cime_pre_init2"                                                                                                            -      12288    12288 1.228800e+04   1.830782e+04     1.522 (  7210      0)     1.092 (     0      0)
"CPL:seq_infodata_init"                                                                                                         -      12288    12288 1.228800e+04   2.690317e+03     0.718 ( 10199      0)     0.002 (  1443      0)
"CPL:seq_timemgr_clockInit"                                                                                                     -      12288    12288 1.228800e+04   2.869197e+02     0.054 (     7      0)     0.021 ( 12003      0)
"CPL:cime_init"                                                                                                                 -      12288    12288 1.228800e+04   5.604332e+06   456.458 (    10      0)   456.030 (  1103      0)
"CPL:init_comps"                                                                                                                -      12288    12288 1.228800e+04   5.592854e+06   455.550 (    10      0)   455.116 (  7203      0)
"CPL:comp_init_pre_all"                                                                                                         -      12288    12288 1.228800e+04   2.354417e+00     0.003 ( 10169      0)     0.000 (  8035      0)
"comp_init_cc_iac"                                                                                                              -      12288    12288 1.228800e+04   1.963381e+01     0.006 ( 12088      0)     0.001 (  1209      0)
"z_i:comp_init"                                                                                                                 -      12288    12288 1.228800e+04   1.716689e+00     0.001 (  4196      0)     0.000 (  4575      0)
"CPL:comp_init_cc_atm"                                                                                                          -      12288    12288 1.228800e+04   1.609802e+06   131.406 (    10      0)   130.970 (  7195      0)
"a_i:comp_init"                                                                                                                 -      12288    12288 2.457600e+04   1.609281e+06   131.403 (     0      0)   130.928 ( 12197      0)
"a_i:EAMxx::init"                                                                                                               -      12288    12288 8.601600e+04   1.588427e+06   130.382 (    60      0)   128.070 (  6578      0)
"a_i:EAMxx::create_output_managers"                                                                                             -      12288    12288 1.228800e+04   5.201216e+02     0.219 (  1529      0)     0.000 (  2991      0)
"a_i:EAMxx::create_atm_processes"                                                                                               -      12288    12288 1.228800e+04   4.083872e+03     0.781 (    37      0)     0.082 (  9580      0)
"a_i:EAMxx::create_grids"                                                                                                       -      12288    12288 1.228800e+04   2.826130e+05    23.162 (  3624      0)    22.887 (  5258      0)
"a_i:PartitioningTime"                                                                                                          -      12288    12288 1.228800e+04   3.459892e-03     0.000 (  3583      0)     0.000 (  6829      0)
"a_i:repro_sum_int"                                                                                                             -      12288    12288 1.228800e+04   7.535096e+02     0.110 ( 12144      0)     0.015 ( 11770      0)
"a_i:PIO:spio_get_att_tc"                                                                                                       -      12288    12288 1.867776e+06   5.146317e+02     0.052 (  2615      0)     0.033 (     1      0)
"a_i:PIO:spio_get_vars_tc"                                                                                                      -      12288    12288 2.457600e+05   3.383679e+03     0.389 (  4620      0)     0.211 (   121      0)
"a_i:PIO:PIOc_closefile"                                                                                                        -      12288    12288 1.966080e+05   1.323801e+03     3.693 (  9144      0)     0.000 (  7106      0)
"a_i:EAMxx::create_fields"                                                                                                      -      12288    12288 1.228800e+04   2.226520e+03     0.210 (  8941      0)     0.168 (  6622      0)
"a_i:EAMxx::initialize_fields"                                                                                                  -      12288    12288 1.228800e+04   6.376028e+05    52.055 ( 11424      0)    51.770 (  1662      0)
"a_i:PIO:PIOc_initdecomp"                                                                                                       -      12288    12288 1.597440e+05   1.488403e+05    12.115 (  5195      0)    12.105 (   611      0)
"a_i:PIO:box_rearrange_create"                                                                                                  -      12288    12288 1.597440e+05   1.485813e+05    12.093 (  3053      0)    12.089 ( 11736      0)
"a_i:PIO:pio_swapm"                                                                                                             -      12288    12288 7.495680e+05   3.387526e+05    33.215 (  1254      0)     5.784 (  4284      0)
"a_i:PIO:PIOc_read_darray"                                                                                                      -      12288    12288 2.703360e+05   2.774533e+05    23.621 (  4056      0)    20.432 (  5690      0)
"a_i:PIO:read_darray_nc"                                                                                                        -      12288    12288 2.703360e+05   1.746829e+04    22.171 (  2904      0)     0.000 (  8245      0)
"a_i:PIO:rearrange_io2comp"                                                                                                     -      12288    12288 2.703360e+05   2.392546e+05    23.218 ( 12279      0)     0.437 (  7068      0)
"a_i:EAMxx::initialize_atm_procs"                                                                                               -      12288    12288 1.228800e+04   6.504888e+05    54.011 (  9141      0)    51.703 (  3084      0)
"a_i:EAMxx::SurfaceCouplingImporter::init"                                                                                      -      12288    12288 1.228800e+04   9.069327e+01     0.154 (  5026      0)     0.000 ( 10932      0)
"a_i:EAMxx::homme::init"                                                                                                        -      12288    12288 1.228800e+04   3.307425e+05    27.319 (  9206      0)    25.990 (  6316      0)
"a_i:compose_init"                                                                                                              -      12288    12288 1.228800e+04   4.996818e+03     1.394 (  6327      0)     0.012 (  2700      0)
"a_i:sl_init1"                                                                                                                  -      12288    12288 1.228800e+04   5.675551e+03     1.486 (  3468      0)     0.255 (  2508      0)
"a_i:EAMxx::tms::init"                                                                                                          -      12288    12288 1.228800e+04   4.396766e-02     0.000 (     0      0)     0.000 (  2995      0)
"a_i:EAMxx::shoc::init"                                                                                                         -      12288    12288 1.228800e+04   1.352476e+02     0.158 (  9201      0)     0.002 (  3320      0)
"a_i:EAMxx::cld_fraction::init"                                                                                                 -      12288    12288 1.228800e+04   2.579329e-01     0.000 (     0      0)     0.000 (  2590      0)
"a_i:EAMxx::spa::init"                                                                                                          -      12288    12288 1.228800e+04   2.984854e+05    26.430 (  2584      0)    23.860 (  9198      0)
"a_i:Build HorizRemap data (two grids)/lus/flare/projects/E3SMinput/data/atm/scream/maps/map_ne30pg2_to_ne1024pg2_20231201.nc"  -      12288    12288 1.228800e+04   2.535710e+05    20.637 (   888      0)    20.496 (  7094      0)
"a_i:EAMxx::p3::init"                                                                                                           -      12288    12288 1.228800e+04   1.514509e+04     2.192 (  1641      0)     0.044 (  2584      0)
"a_i:EAMxx::rrtmgp::init"                                                                                                       -      12288    12288 1.228800e+04   5.086992e+03     1.715 (  9378      0)     0.038 (  3454      0)
"a_i:EAMxx::SurfaceCouplingExporter::init"                                                                                      -      12288    12288 1.228800e+04   2.749984e+01     0.066 ( 11667      0)     0.002 (     0      0)
"a_i:EAMxx::initialize_output_managers"                                                                                         -      12288    12288 1.228800e+04   1.089121e+04     0.927 (   780      0)     0.880 ( 10012      0)
"a_i:EAMxx::IO::standard"                                                                                                       -      12288    12288 1.228800e+04   8.814073e+03     0.873 (  1128      0)     0.662 (  9203      0)
"a_i:EAMxx::IO::nooutput.yaml"                                                                                                  -      12288    12288 1.228800e+04   8.814059e+03     0.873 (  1128      0)     0.662 (  9203      0)
"a_i:EAMxx::IO::standard::get_new_file"                                                                                         -      12288    12288 1.228800e+04   8.786558e+03     0.847 (  1128      0)     0.662 (  9203      0)
"a_i:PIO:PIOc_createfile"                                                                                                       -      12288    12288 1.228800e+04   7.629273e+03     0.738 (  1156      0)     0.571 (  9203      0)
"a_i:PIO:write_total"                                                                                                           -      12288    12288 4.177920e+05   7.687598e+03     0.771 (  1128      0)     0.572 (  9203      0)
"a_i:PIO:spio_put_att_tc"                                                                                                       -      12288    12288 3.809280e+05   1.050087e+00     0.000 (  1320      0)     0.000 (   532      0)
"a_i:PIO:spio_put_vars_tc"                                                                                                      -      12288    12288 1.228800e+04   4.337330e+01     0.021 (     0      0)     0.000 ( 11423      0)
"a_i:PIO:flush_output_buffer"                                                                                                   -       1024     1024 2.048000e+03   3.226086e+01     0.034 (     0      0)     0.014 (  4824      0)
"a_i:EAMxx::IO::standard::run_output_streams"                                                                                   -      12288    12288 1.228800e+04   1.635727e-03     0.000 ( 12122      0)     0.000 (  1416      0)
"a_i:EAMxx::IO::standard::update_snapshot_tally"                                                                                -      12288    12288 1.228800e+04   2.745978e+01     0.027 (   780      0)     0.000 (  2469      0)
"a_i:PIO:PIOc_sync"                                                                                                             -      12288    12288 1.228800e+04   1.391017e+01     0.014 (   780      0)     0.000 (  9741      0)
"CPL:comp_init_cc_lnd"                                                                                                          -      12288    12288 1.228800e+04   2.785102e+06   226.719 (  7194      0)   226.648 (  2919      0)
"l_i:comp_init"                                                                                                                 -      12288    12288 1.228800e+04   2.783887e+06   226.716 (  7194      0)   226.541 ( 10482      0)
"l_i:elm_init1"                                                                                                                 -      12288    12288 1.228800e+04   6.170435e+05    50.264 ( 11359      0)    49.852 (  4320      0)
"l_i:PIO:openfile"                                                                                                              -      12288    12288 2.826240e+05   2.372379e+05    21.625 (   769      0)    15.830 (  5562      0)
"l_i:PIO:pio_inq_dimid_file_dimid"                                                                                              -      12288    12288 7.495680e+05   3.975306e+02     0.083 ( 11368      0)     0.003 (  7198      0)
"l_i:PIO:pio_inq_dimlen_file_dimid"                                                                                             -      12288    12288 4.411392e+06   2.718525e+02     0.063 (  2971      0)     0.009 (  8941      0)
"l_i:PIO:pio_inq_dimlen_file_dimid_offlen"                                                                                      -      12288    12288 4.411392e+06   2.709878e+02     0.063 (  2971      0)     0.009 (  8941      0)
"l_i:PIO:pio_inq_varid_file_vdesc"                                                                                              -      12288    12288 5.738496e+06   7.256387e+03    12.561 (  4040      0)     0.045 (     1      0)
"l_i:PIO:pio_inq_varid_file_vid"                                                                                                -      12288    12288 5.738496e+06   7.217002e+03    12.561 (  4040      0)     0.045 (     1      0)
"l_i:PIO:get_var_1d_int"                                                                                                        -      12288    12288 7.372800e+04   2.019423e+03     0.295 (  5281      0)     0.143 (  1131      0)
"l_i:PIO:spio_get_vars_tc"                                                                                                      -      12288    12288 2.445312e+06   3.882764e+04     3.828 (  8274      0)     2.504 (     4      0)
"l_i:PIO:closefile"                                                                                                             -      12288    12288 2.457600e+05   1.007647e+03     1.800 (   120      0)     0.001 (  6819      0)
"l_i:PIO:PIOc_closefile"                                                                                                        -      12288    12288 2.457600e+05   1.007408e+03     1.800 (   120      0)     0.001 (  3574      0)
"l_i:PIO:pio_inq_varndims_file_vdesc"                                                                                           -      12288    12288 2.715648e+06   8.969771e+02     3.416 (  4093      0)     0.011 (  8899      0)
"l_i:PIO:pio_inq_varndims_file_vid"                                                                                             -      12288    12288 2.715648e+06   8.963317e+02     3.416 (  4093      0)     0.011 (  8899      0)
"l_i:PIO:pio_inq_vardimid_file_vdesc"                                                                                           -      12288    12288 2.715648e+06   7.188062e+02     0.144 (  1622      0)     0.024 (  7260      0)
"l_i:PIO:pio_inq_vardimid_file_vid"                                                                                             -      12288    12288 2.715648e+06   7.182178e+02     0.144 (  1623      0)     0.024 (  7260      0)
"l_i:PIO:pio_inq_dimname_file_dimid"                                                                                            -      12288    12288 9.768960e+06   8.145709e+02     0.168 (   605      0)     0.024 (  9012      0)
"l_i:PIO:initdecomp"                                                                                                            -      12288    12288 3.194880e+05   1.458201e+05    12.101 (  3847      0)    11.568 (  8944      0)
"l_i:PIO:PIOc_initdecomp"                                                                                                       -      12288    12288 3.194880e+05   1.458004e+05    12.100 (  3847      0)    11.566 (  8944      0)
"l_i:PIO:box_rearrange_create"                                                                                                  -      12288    12288 3.194880e+05   1.388701e+05    11.303 (  6623      0)    11.266 ( 10467      0)
"l_i:PIO:pio_swapm"                                                                                                             -      12288    12288 3.649536e+06   2.189493e+06   186.820 (  9122      0)    73.421 (  4056      0)
"l_i:PIO:read_darray_1d_double"                                                                                                 -      12288    12288 1.007616e+06   7.396129e+05    61.127 (  9684      0)    57.954 (  2304      0)
"l_i:PIO:PIOc_read_darray"                                                                                                      -      12288    12288 2.691072e+06   2.160038e+06   176.569 (  7115      0)   163.557 (  4040      0)
"l_i:PIO:read_darray_nc"                                                                                                        -      12288    12288 2.691072e+06   9.116116e+04   104.567 (    24      0)     0.000 (  1520      0)
"l_i:PIO:rearrange_io2comp"                                                                                                     -      12288    12288 2.691072e+06   2.066572e+06   176.465 (  7091      0)    63.970 (  4056      0)
"l_i:PIO:pio_inquire_file"                                                                                                      -      12288    12288 3.538944e+06   2.157787e+02     0.040 (  1070      0)     0.006 (  9588      0)
"l_i:PIO:pio_inq_ndims_file"                                                                                                    -      12288    12288 3.538944e+06   2.029280e+02     0.039 (  3534      0)     0.006 (  5664      0)
"l_i:PIO:read_darray_1d_int"                                                                                                    -      12288    12288 8.601600e+04   9.416986e+04     8.793 (  1452      0)     7.048 (  4093      0)
"l_i:PIO:read_darray_3d_double"                                                                                                 -      12288    12288 2.211840e+05   5.836392e+04     4.801 ( 12048      0)     4.451 (  4093      0)
"l_i:PIO:read_darray_3d_int"                                                                                                    -      12288    12288 1.228800e+04   2.658871e+03     0.225 (  8673      0)     0.180 (  2675      0)
"l_i:PIO:read_darray_4d_double"                                                                                                 -      12288    12288 1.720320e+05   2.367498e+05    19.296 ( 12156      0)    18.997 (  4093      0)
"l_i:PIO:get_var_1d_text"                                                                                                       -      12288    12288 2.457600e+04   1.898039e+03     0.565 (  4023      0)     0.003 (  1944      0)
"l_i:PIO:get_var_1d_double"                                                                                                     -      12288    12288 1.769472e+06   4.794790e+03     0.547 (   575      0)     0.066 (  2588      0)
"l_i:PIO:get_var_0d_double"                                                                                                     -      12288    12288 1.228800e+05   1.461642e+03     0.414 (  5379      0)     0.009 (  9200      0)
"l_i:PIO:read_darray_2d_double"                                                                                                 -      12288    12288 1.142784e+06   1.021705e+06    83.706 (  6360      0)    71.591 (  4040      0)
"l_i:PIO:read_darray_2d_int"                                                                                                    -      12288    12288 4.915200e+04   6.781992e+03     0.577 ( 10091      0)     0.351 (  6668      0)
"l_i:gather_1darray_int_total"                                                                                                  -      12288    12288 6.144000e+04   9.274202e+03     1.731 (     0      0)     0.397 (    37      0)
"l_i:scatter_1darray_int_total"                                                                                                 -      12288    12288 6.144000e+04   2.314378e+04     2.243 (     1      0)     0.944 (     0      0)
"l_i:init_filters"                                                                                                              -      12288    12288 1.228800e+04   9.263732e+00     0.034 (  5022      0)     0.000 (  9540      0)
"l_i:elm_init2"                                                                                                                 -      12288    12288 1.228800e+04   2.158386e+06   175.807 (  7194      0)   175.628 ( 10615      0)
"l_i:init_orbd"                                                                                                                 -      12288    12288 1.228800e+04   2.734341e+01     0.052 (  2668      0)     0.000 (  3108      0)
"l_i:PIO:get_var_0d_int"                                                                                                        -      12288    12288 2.580480e+05   2.802791e+04     2.696 (  3386      0)     2.127 (  6259      0)
"l_i:PIO:get_var_2d_double"                                                                                                     -      12288    12288 1.474560e+05   1.514513e+03     0.427 ( 10526      0)     0.030 (  2896      0)
"l_i:PIO:get_var_3d_double"                                                                                                     -      12288    12288 4.915200e+04   1.246449e+03     0.326 ( 10037      0)     0.019 (  7759      0)
"l_i:init_accflds"                                                                                                              -      12288    12288 1.228800e+04   1.949565e+01     0.027 (  3207      0)     0.001 (  2916      0)
"l_i:init_dyn_subgrid"                                                                                                          -      12288    12288 1.228800e+04   7.841862e+01     0.038 ( 11739      0)     0.001 ( 11905      0)
"l_i:subgridRest_write-read"                                                                                                    -      12288    12288 1.228800e+04   2.098756e+05    17.090 (  8789      0)    17.070 (  2326      0)
"l_i:init_map2gc"                                                                                                               -      12288    12288 1.228800e+04   1.959842e+01     0.062 ( 12126      0)     0.000 (  5770      0)
"l_i:init_elm_interface_data & pflotran"                                                                                        -      12288    12288 1.228800e+04   2.332469e-03     0.000 (  3431      0)     0.000 (  1808      0)
"l_i:init_wlog"                                                                                                                 -      12288    12288 1.228800e+04   1.892832e-02     0.015 (     0      0)     0.000 ( 12044      0)
"l_i:elm_init3"                                                                                                                 -      12288    12288 1.228800e+04   1.696211e-02     0.000 ( 11456      0)     0.000 ( 10586      0)
"CPL:comp_init_cc_rof"                                                                                                          -      12288    12288 1.228800e+04   3.888466e+01     0.014 (  2364      0)     0.001 (  2361      0)
"r_i:comp_init"                                                                                                                 -      12288    12288 1.228800e+04   1.330800e+00     0.011 (  2375      0)     0.000 (   310      0)
"CPL:comp_init_cc_ocn"                                                                                                          -      12288    12288 1.228800e+04   6.245907e+05    50.983 (  1150      0)    50.758 (  7195      0)
"o_i:comp_init"                                                                                                                 -      12288    12288 1.228800e+04   6.244105e+05    50.980 (  1141      0)    50.684 (  1327      0)
"o_i:docn_readnml"                                                                                                              -      12288    12288 1.228800e+04   6.350267e+03     0.565 (  7340      0)     0.242 (     0      0)
"o_i:DOCN_INIT"                                                                                                                 -      12288    12288 1.228800e+04   6.179216e+05    50.559 (     7      0)    50.144 (  1341      0)
"o_i:docn_strdata_init"                                                                                                         -      12288    12288 1.228800e+04   4.979982e+05    40.777 (    10      0)    40.291 (  7940      0)
"o_i:PIO:initdecomp"                                                                                                            -      12288    12288 3.686400e+04   1.139130e+04     0.960 (     4      0)     0.860 ( 12262      0)
"o_i:PIO:PIOc_initdecomp"                                                                                                       -      12288    12288 3.686400e+04   1.139118e+04     0.960 (     4      0)     0.860 ( 12262      0)
"o_i:PIO:box_rearrange_create"                                                                                                  -      12288    12288 3.686400e+04   1.055912e+04     0.860 (  4243      0)     0.859 ( 11728      0)
"o_i:PIO:pio_swapm"                                                                                                             -      12288    12288 1.351680e+05   1.232962e+04     1.148 (  4099      0)     0.713 (   684      0)
"o_i:docn_initgsmaps"                                                                                                           -      12288    12288 1.228800e+04   7.441797e+00     0.001 (  1175      0)     0.000 (  1548      0)
"o_i:docn_initmctdom"                                                                                                           -      12288    12288 1.228800e+04   2.677329e+01     0.135 (  4952      0)     0.000 (  7941      0)
"o_i:docn_initmctavs"                                                                                                           -      12288    12288 1.228800e+04   2.786458e+01     0.058 (  9588      0)     0.000 (  6495      0)
"o_i:DOCN_RUN"                                                                                                                  -      12288    12288 1.228800e+04   1.198383e+05     9.972 (  6492      0)     9.481 (  7741      0)
"o_i:docn_run1"                                                                                                                 -      12288    12288 1.228800e+04   1.004236e-02     0.000 (  4846      0)     0.000 (  9252      0)
"o_i:docn"                                                                                                                      -      12288    12288 1.228800e+04   1.198376e+05     9.972 (  6492      0)     9.481 (  7741      0)
"o_i:docn_strdata_advance"                                                                                                      -      12288    12288 1.228800e+04   1.198248e+05     9.971 (  6492      0)     9.481 (  7741      0)
"o_i:docn_strd_adv_total"                                                                                                       -      12288    12288 1.228800e+04   1.198170e+05     9.971 (  6492      0)     9.481 (  7741      0)
"o_i:docn_strd_adv_readLBUB"                                                                                                    -      12288    12288 1.228800e+04   1.185811e+05     9.893 (  3067      0)     9.384 (  7741      0)
"o_i:docn_readLBUB_setup"                                                                                                       -      12288    12288 1.228800e+04   4.165656e-03     0.000 (  3204      0)     0.000 ( 11518      0)
"o_i:docn_readLBUB_fbound"                                                                                                      -      12288    12288 1.228800e+04   8.973157e+00     8.972 (     0      0)     0.000 (  6727      0)
"o_i:docn_readLBUB_bcast"                                                                                                       -      12288    12288 1.228800e+04   1.099295e+05     9.162 (  6495      0)     0.000 (     0      0)
"o_i:docn_readLBUB_LB_setup"                                                                                                    -      12288    12288 1.228800e+04   3.062550e-03     0.000 (     0      0)     0.000 (  3054      0)
"o_i:docn_readLBUB_LB_readpio"                                                                                                  -      12288    12288 1.228800e+04   7.528057e+03     0.667 (  1139      0)     0.505 ( 10298      0)
"o_i:PIO:openfile"                                                                                                              -      12288    12288 1.228800e+04   5.153954e+03     0.451 (  4844      0)     0.327 (   153      0)
"o_i:PIO:pio_inq_varid_file_vdesc"                                                                                              -      12288    12288 4.915200e+04   1.493157e+02     0.084 (  8958      0)     0.000 (  2165      0)
"o_i:PIO:pio_inq_varid_file_vid"                                                                                                -      12288    12288 4.915200e+04   1.492895e+02     0.084 (  8958      0)     0.000 (  5767      0)
"o_i:PIO:pio_inq_varndims_file_vdesc"                                                                                           -      12288    12288 2.457600e+04   1.347961e+01     0.029 (   219      0)     0.000 (  2169      0)
"o_i:PIO:pio_inq_varndims_file_vid"                                                                                             -      12288    12288 2.457600e+04   1.346367e+01     0.029 (   218      0)     0.000 (  2169      0)
"o_i:PIO:pio_inq_vardimid_file_vdesc"                                                                                           -      12288    12288 2.457600e+04   1.320315e+01     0.001 (  3464      0)     0.001 (  4531      0)
"o_i:PIO:pio_inq_vardimid_file_vid"                                                                                             -      12288    12288 2.457600e+04   1.318866e+01     0.001 (  3462      0)     0.001 (  1524      0)
"o_i:PIO:pio_inq_dimlen_file_dimid"                                                                                             -      12288    12288 7.372800e+04   2.218506e+01     0.038 (  6621      0)     0.000 (  7576      0)
"o_i:PIO:pio_inq_dimlen_file_dimid_offlen"                                                                                      -      12288    12288 7.372800e+04   2.216102e+01     0.038 (  6621      0)     0.000 (  7576      0)
"o_i:PIO:pio_inq_vartype_file_vdesc"                                                                                            -      12288    12288 2.457600e+04   6.341115e+00     0.001 (   147      0)     0.000 (  6317      0)
"o_i:PIO:pio_inq_vartype_file_vid"                                                                                              -      12288    12288 2.457600e+04   6.324852e+00     0.001 (   147      0)     0.000 (  6317      0)
"o_i:PIO:read_darray_1d_real"                                                                                                   -      12288    12288 2.457600e+04   2.645249e+03     0.352 (  3930      0)     0.110 (  5263      0)
"o_i:PIO:PIOc_read_darray"                                                                                                      -      12288    12288 2.457600e+04   2.645175e+03     0.352 (  3930      0)     0.110 (  5263      0)
"o_i:PIO:read_darray_nc"                                                                                                        -      12288    12288 2.457600e+04   1.966029e+02     0.344 (  2784      0)     0.000 (  6043      0)
"o_i:PIO:rearrange_io2comp"                                                                                                     -      12288    12288 2.457600e+04   2.422223e+03     0.350 (  3930      0)     0.001 (    12      0)
"o_i:docn_readLBUB_UB_setup"                                                                                                    -      12288    12288 1.228800e+04   8.977573e-03     0.000 (     0      0)     0.000 (  8714      0)
"o_i:docn_readLBUB_UB_readpio"                                                                                                  -      12288    12288 1.228800e+04   1.064152e+03     0.182 (  3951      0)     0.006 (  1146      0)
"o_i:docn_readLBUB_filemgt"                                                                                                     -      12288    12288 1.228800e+04   2.410345e-03     0.000 (  4468      0)     0.000 ( 11375      0)
"o_i:docn_strd_adv_fill"                                                                                                        -      12288    12288 1.228800e+04   3.526657e+00     0.022 ( 12101      0)     0.000 (   851      0)
"o_i:docn_strd_adv_map"                                                                                                         -      12288    12288 1.228800e+04   1.177124e+03     0.138 (   386      0)     0.000 (  1237      0)
"o_i:docn_strd_adv_tint"                                                                                                        -      12288    12288 1.228800e+04   2.751584e+01     0.097 ( 10175      0)     0.000 (  6775      0)
"o_i:docn_scatter"                                                                                                              -      12288    12288 1.228800e+04   1.682183e+00     0.000 (  8944      0)     0.000 (  6861      0)
"o_i:docn_datamode"                                                                                                             -      12288    12288 1.228800e+04   4.998339e+00     0.043 (  7185      0)     0.000 (  6109      0)
"o_i:docn_run2"                                                                                                                 -      12288    12288 1.228800e+04   6.030243e-01     0.029 (   155      0)     0.000 (   342      0)
"CPL:comp_init_cc_ice"                                                                                                          -      12288    12288 1.228800e+04   5.624574e+05    46.039 (  8894      0)    45.556 (  1148      0)
"i_i:comp_init"                                                                                                                 -      12288    12288 1.228800e+04   5.609945e+05    46.037 (  8896      0)    45.367 (  1690      0)
"i_i:cice_init"                                                                                                                 -      12288    12288 1.228800e+04   1.026841e+05     8.728 ( 11399      0)     8.196 (  1674      0)
"i_i:ice_HaloUpdate2DR8"                                                                                                        -      12288    12288 4.915200e+04   1.195503e+02     0.577 (  1284      0)     0.000 (  6349      0)
"i_i:ice_HU2DR8_init"                                                                                                           -      12288    12288 4.915200e+04   2.888082e-02     0.000 (  8527      0)     0.000 ( 10399      0)
"i_i:state_bound_h1"                                                                                                            -      12288    12288 1.228800e+04   1.350334e+02     0.355 ( 11387      0)     0.000 (  8691      0)
"i_i:ice_HaloUpdate3DR8"                                                                                                        -      12288    12288 6.144000e+04   1.241749e+02     0.355 ( 11387      0)     0.000 (  6495      0)
"i_i:ice_HU3DR8_init"                                                                                                           -      12288    12288 6.144000e+04   4.144209e+01     0.104 (  2670      0)     0.000 (  8052      0)
"i_i:ice_HU3DR8_recvall"                                                                                                        -      12288    12288 6.144000e+04   4.141820e+01     0.355 ( 11387      0)     0.000 (  2080      0)
"i_i:state_bound_hm"                                                                                                            -      12288    12288 1.228800e+04   2.423378e-01     0.000 (  1230      0)     0.000 (     0      0)
"i_i:state_bound_hc"                                                                                                            -      12288    12288 1.228800e+04   2.334196e-02     0.000 (  6370      0)     0.000 (  1692      0)
"i_i:state_bound_h2"                                                                                                            -      12288    12288 1.228800e+04   4.161332e+01     0.355 ( 11386      0)     0.000 (  3743      0)
"i_i:ice_HaloUpdate4DR8"                                                                                                        -      12288    12288 1.228800e+04   6.844187e+00     0.355 ( 11386      0)     0.000 (  3735      0)
"i_i:ice_HU4DR8_init"                                                                                                           -      12288    12288 1.228800e+04   6.867231e-01     0.026 ( 10640      0)     0.000 ( 10998      0)
"i_i:ice_HU4DR8_recvall"                                                                                                        -      12288    12288 1.228800e+04   5.693837e+00     0.355 ( 11386      0)     0.000 (  5743      0)
"i_i:state_bound_hd"                                                                                                            -      12288    12288 1.228800e+04   6.688397e-03     0.000 (   747      0)     0.000 (  4211      0)
"i_i:cice_mct_init"                                                                                                             -      12288    12288 1.228800e+04   4.581982e+05    37.686 (  8904      0)    36.785 (   608      0)
"i_i:PIO:initdecomp"                                                                                                            -      12288    12288 3.686400e+04   1.278236e+04     1.578 (     4      0)     0.905 (  2886      0)
"i_i:PIO:PIOc_initdecomp"                                                                                                       -      12288    12288 3.686400e+04   1.278224e+04     1.578 (     4      0)     0.905 (  2886      0)
"i_i:PIO:box_rearrange_create"                                                                                                  -      12288    12288 3.686400e+04   1.110244e+04     0.904 (  5035      0)     0.902 (  5949      0)
"i_i:PIO:pio_swapm"                                                                                                             -      12288    12288 1.105920e+05   1.036877e+04     0.898 (  5460      0)     0.742 (  1322      0)
"CPL:comp_init_cc_glc"                                                                                                          -      12288    12288 1.228800e+04   4.668596e+01     0.042 (  8112      0)     0.001 (  4981      0)
"g_i:comp_init"                                                                                                                 -      12288    12288 1.228800e+04   1.764013e-02     0.000 ( 11985      0)     0.000 (  4772      0)
"CPL:comp_init_cc_wav"                                                                                                          -      12288    12288 1.228800e+04   3.290436e+01     0.004 (  7697      0)     0.001 (  8184      0)
"w_i:comp_init"                                                                                                                 -      12288    12288 1.228800e+04   9.588907e-03     0.000 (  9972      0)     0.000 (  8419      0)
"CPL:comp_init_cc_esp"                                                                                                          -      12288    12288 1.228800e+04   2.785237e+01     0.003 (  8416      0)     0.000 (  5344      0)
"e_i:comp_init"                                                                                                                 -      12288    12288 1.228800e+04   9.594433e-03     0.000 (  3429      0)     0.000 ( 11116      0)
"CPL:comp_init_cx_all"                                                                                                          -      12288    12288 1.228800e+04   1.072617e+04     0.939 (     9      0)     0.620 (  8880      0)
"CPL:comp_list_all"                                                                                                             -      12288    12288 1.228800e+04   6.691292e+00     0.031 ( 11319      0)     0.000 (  6840      0)
"CPL:init_maps"                                                                                                                 -      12288    12288 1.228800e+04   6.122752e+02     0.384 (  5951      0)     0.023 (   310      0)
"CPL:init_aream"                                                                                                                -      12288    12288 1.228800e+04   4.037831e+02     0.361 (  5678      0)     0.000 ( 10080      0)
"CPL:init_domain_check"                                                                                                         -      12288    12288 1.228800e+04   4.948168e+03     0.483 (  5330      0)     0.088 (  5951      0)
"CPL:init_areacor"                                                                                                              -      12288    12288 1.228800e+04   2.348429e+03     0.192 (  6496      0)     0.139 (  3409      0)
"CPL:init_fracs"                                                                                                                -      12288    12288 1.228800e+04   3.950815e+02     0.187 (    10      0)     0.001 ( 10214      0)
"CPL:init_aoflux"                                                                                                               -      12288    12288 1.228800e+04   3.112562e+01     0.117 ( 10809      0)     0.000 ( 10284      0)
"CPL:init_atminit"                                                                                                              -      12288    12288 7.372800e+04   1.318418e+03     0.268 ( 11848      0)     0.002 (  6003      0)
"CPL:comp_init_cc_atm2"                                                                                                         -      12288    12288 1.228800e+04   1.126124e+03     0.268 (  5981      0)     0.002 ( 11686      0)
"CPL:init_readrestart"                                                                                                          -      12288    12288 1.228800e+04   1.260783e+01     0.075 (  1581      0)     0.000 (  8148      0)
"CPL:cime_run_init"                                                                                                             -      12288    12288 1.228800e+04   1.384517e+01     0.167 (     0      0)     0.000 (  1679      0)
"CPL:INIT_sync1_tprf"                                                                                                           -      12288    12288 1.228800e+04   1.709107e+03     0.167 (     3      0)     0.000 (     0      0)
"CPL:INIT_t_prf"                                                                                                                -      12288    12288 1.228800e+04   7.923822e+00     0.572 (     0      0)     0.000 (  9373      0)
"CPL:INIT_sync2_tprf"                                                                                                           -      12288    12288 1.228800e+04   7.021718e+03     0.572 (  7577      0)     0.000 (     0      0)
"CPL:RUN_LOOP_BSTART"                                                                                                           -      12288    12288 1.228800e+04   5.589003e-01     0.000 ( 10829      0)     0.000 ( 10296      0)
"CPL:RUN_LOOP"                                                                                                                  -      12288    12288 5.308416e+06   3.820911e+06   310.951 ( 10723      0)   310.944 (  2919      0)
"CPL:CLOCK_ADVANCE"                                                                                                             -      12288    12288 5.308416e+06   4.451030e+02     0.040 (  6074      0)     0.035 (  2630      0)
"CPL:RUN"                                                                                                                       -      12288    12288 6.368870e+07   8.410383e+04    10.694 ( 10945      0)     2.785 (  5352      0)
"CPL:OCNPRE1"                                                                                                                   -      12288    12288 5.308416e+06   6.168001e+03     2.599 (  9420      0)     0.158 (  2232      0)
"CPL:ocnpre1_atm2ocn"                                                                                                           -      12288    12288 5.308416e+06   6.161663e+03     2.598 (  9420      0)     0.157 (  2232      0)
"CPL:LNDPREP"                                                                                                                   -      12288    12288 5.308416e+06   7.996125e+02     0.147 ( 10924      0)     0.037 (  8250      0)
"CPL:lndprep_atm2lnd"                                                                                                           -      12288    12288 5.308416e+06   5.842556e+02     0.129 ( 11981      0)     0.028 (   286      0)
"CPL:lndprep_mrgx2l"                                                                                                            -      12288    12288 5.308416e+06   2.042238e+02     0.026 ( 11009      0)     0.003 (  8490      0)
"CPL:COMM"                                                                                                                      -      12288    12288 3.714662e+07   1.663752e+05    23.928 (  6770      0)     4.659 (  2899      0)
"CPL:C2L"                                                                                                                       -      12288    12288 5.308416e+06   4.523438e+03     0.434 ( 10283      0)     0.287 (     8      0)
"CPL:c2l_lndx2lndl"                                                                                                             -      12288    12288 5.308416e+06   2.273137e+03     0.267 (  9337      0)     0.086 (  5480      0)
"CPL:c2l_infoexch"                                                                                                              -      12288    12288 5.308416e+06   2.241894e+03     0.298 (  6711      0)     0.064 (    10      0)
"CPL:ICEPREP"                                                                                                                   -      12288    12288 5.308416e+06   1.568743e+03     0.155 (  6686      0)     0.120 (  3166      0)
"CPL:iceprep_ocn2ice"                                                                                                           -      12288    12288 5.308416e+06   2.999074e+02     0.031 ( 10465      0)     0.022 (  1104      0)
"CPL:iceprep_atm2ice"                                                                                                           -      12288    12288 5.308416e+06   4.841602e+02     0.059 (  2628      0)     0.035 (  5480      0)
"CPL:iceprep_mrgx2i"                                                                                                            -      12288    12288 5.308416e+06   7.603930e+02     0.078 (  6686      0)     0.059 ( 10990      0)
"CPL:C2I"                                                                                                                       -      12288    12288 5.308416e+06   2.232131e+03     0.203 ( 11840      0)     0.154 (  3221      0)
"CPL:c2i_icex2icei"                                                                                                             -      12288    12288 5.308416e+06   4.951082e+02     0.053 ( 10465      0)     0.037 ( 11098      0)
"CPL:ice_infoexch"                                                                                                              -      12288    12288 5.308416e+06   1.730549e+03     0.164 ( 11840      0)     0.103 ( 10464      0)
"CPL:ICE_RUN"                                                                                                                   -      12288    12288 5.308416e+06   3.942975e+04     4.003 (  9806      0)     3.026 ( 10305      0)
"i:cice_run_total"                                                                                                              -      12288    12288 5.308416e+06   3.839728e+04     3.916 (  9806      0)     2.943 ( 10305      0)
"i:cice_run_import"                                                                                                             -      12288    12288 5.308416e+06   2.135055e+03     0.288 (  8945      0)     0.159 (  6683      0)
"i:cice_imp_ocn"                                                                                                                -      12288    12288 5.308416e+06   2.042784e+02     0.028 ( 11592      0)     0.015 (   879      0)
"i:cice_imp_atm"                                                                                                                -      12288    12288 5.308416e+06   2.032727e+02     0.035 ( 11592      0)     0.016 (  2205      0)
"i:cice_run_initmd"                                                                                                             -      12288    12288 5.308416e+06   1.543665e+04     1.366 (     4      0)     1.110 (   604      0)
"i:cice_run_presc"                                                                                                              -      12288    12288 5.308416e+06   6.024983e+03     0.525 ( 10478      0)     0.348 (  4072      0)
"i:cice_pice_strd_adv_total"                                                                                                    -      12288    12288 5.308416e+06   3.716312e+03     0.326 ( 10524      0)     0.175 (  4072      0)
"i:cice_pice_strd_adv_readLBUB"                                                                                                 -      12288    12288 5.308416e+06   2.337278e+03     0.281 (   960      0)     0.158 ( 12049      0)
"i:cice_pice_readLBUB_setup"                                                                                                    -      12288    12288 5.308416e+06   1.575677e+00     0.000 ( 12228      0)     0.000 (    26      0)
"i:cice_pice_readLBUB_fbound"                                                                                                   -      12288    12288 2.457600e+04   6.706582e-03     0.004 (     0      0)     0.000 ( 11890      0)
"i:cice_pice_readLBUB_bcast"                                                                                                    -      12288    12288 2.457600e+04   5.603825e+01     0.005 ( 11979      0)     0.000 (     0      0)
"i:cice_pice_readLBUB_LB_setup"                                                                                                 -      12288    12288 1.228800e+04   3.693585e-03     0.000 (     0      0)     0.000 (  7793      0)
"i:cice_pice_readLBUB_LB_readpio"                                                                                               -      12288    12288 1.228800e+04   9.850561e+02     0.117 (   804      0)     0.064 (  1223      0)
"i:PIO:openfile"                                                                                                                -      12288    12288 1.228800e+04   5.326714e+02     0.044 ( 12248      0)     0.043 (     1      0)
"i:PIO:pio_inq_varid_file_vdesc"                                                                                                -      12288    12288 7.372800e+04   1.171828e+02     0.033 ( 12225      0)     0.000 (  7708      0)
"i:PIO:pio_inq_varid_file_vid"                                                                                                  -      12288    12288 7.372800e+04   1.171516e+02     0.033 ( 12225      0)     0.000 (  7708      0)
"i:PIO:pio_inq_varndims_file_vdesc"                                                                                             -      12288    12288 3.686400e+04   2.129249e+01     0.025 (  1405      0)     0.000 ( 11497      0)
"i:PIO:pio_inq_varndims_file_vid"                                                                                               -      12288    12288 3.686400e+04   2.127315e+01     0.025 (  1405      0)     0.000 ( 11497      0)
"i:PIO:pio_inq_vardimid_file_vdesc"                                                                                             -      12288    12288 3.686400e+04   2.129993e+01     0.002 (  1868      0)     0.001 (  1547      0)
"i:PIO:pio_inq_vardimid_file_vid"                                                                                               -      12288    12288 3.686400e+04   2.128363e+01     0.002 (  1868      0)     0.001 (  1547      0)
"i:PIO:pio_inq_dimlen_file_dimid"                                                                                               -      12288    12288 1.105920e+05   1.288253e+01     0.001 (  6702      0)     0.001 (  1440      0)
"i:PIO:pio_inq_dimlen_file_dimid_offlen"                                                                                        -      12288    12288 1.105920e+05   1.285211e+01     0.001 (  6702      0)     0.001 (  1440      0)
"i:PIO:pio_inq_vartype_file_vdesc"                                                                                              -      12288    12288 3.686400e+04   1.055032e+01     0.002 (  6430      0)     0.000 (  1335      0)
"i:PIO:pio_inq_vartype_file_vid"                                                                                                -      12288    12288 3.686400e+04   1.053201e+01     0.002 (  6430      0)     0.000 (  1332      0)
"i:PIO:read_darray_1d_real"                                                                                                     -      12288    12288 3.686400e+04   1.353879e+03     0.225 (   960      0)     0.061 (  8864      0)
"i:PIO:PIOc_read_darray"                                                                                                        -      12288    12288 3.686400e+04   1.353795e+03     0.225 (   960      0)     0.061 (  8864      0)
"i:PIO:read_darray_nc"                                                                                                          -      12288    12288 3.686400e+04   8.178920e+01     0.195 (   492      0)     0.000 ( 11059      0)
"i:PIO:rearrange_io2comp"                                                                                                       -      12288    12288 3.686400e+04   1.247138e+03     0.207 (   711      0)     0.001 (     0      0)
"i:PIO:pio_swapm"                                                                                                               -      12288    12288 3.686400e+04   1.245526e+03     0.207 (   711      0)     0.001 (     0      0)
"i:cice_pice_readLBUB_UB_setup"                                                                                                 -      12288    12288 2.457600e+04   1.024235e-02     0.000 (     0      0)     0.000 (  6040      0)
"i:cice_pice_readLBUB_UB_readpio"                                                                                               -      12288    12288 2.457600e+04   1.278805e+03     0.196 (  1323      0)     0.058 (  1136      0)
"i:cice_pice_readLBUB_filemgt"                                                                                                  -      12288    12288 5.308416e+06   9.633587e-01     0.000 ( 10397      0)     0.000 ( 11837      0)
"i:cice_pice_strd_adv_map"                                                                                                      -      12288    12288 2.457600e+04   1.284371e+03     0.160 ( 12062      0)     0.000 (  1209      0)
"i:cice_pice_strd_adv_tint"                                                                                                     -      12288    12288 5.308416e+06   7.371489e+01     0.009 (  1885      0)     0.005 (  9871      0)
"i:cice_run_initflux"                                                                                                           -      12288    12288 5.308416e+06   9.266558e+01     0.008 ( 12189      0)     0.008 (  1500      0)
"i:cice_run_prepradiation"                                                                                                      -      12288    12288 5.308416e+06   8.387577e+01     0.013 (  8723      0)     0.006 ( 10628      0)
"i:cice_run_therm1"                                                                                                             -      12288    12288 5.308416e+06   3.142783e+03     0.615 (  8832      0)     0.215 ( 10744      0)
"i:cice_run_dyn"                                                                                                                -      12288    12288 5.308416e+06   3.382639e-01     0.000 (  7037      0)     0.000 (  6322      0)
"i:cice_run_radiation"                                                                                                          -      12288    12288 5.308416e+06   1.982146e+03     0.744 (  9855      0)     0.112 ( 11326      0)
"i:cice_step_radiationib"                                                                                                       -      12288    12288 5.308416e+06   1.762696e+03     0.726 (  9855      0)     0.095 ( 11326      0)
"i:cice_step_rib_swdedd1"                                                                                                       -      12288    12288 5.308416e+06   1.694223e+02     0.024 (   133      0)     0.005 ( 11755      0)
"i:cice_step_rib_swdedd2"                                                                                                       -      12288    12288 5.308416e+06   1.415442e+02     0.013 ( 11216      0)     0.011 ( 10186      0)
"i:cice_step_rib_swdedd7"                                                                                                       -      12288    12288 5.308416e+06   1.338812e+03     0.688 (  9855      0)     0.063 ( 11266      0)
"i:cice_run_couplingprep"                                                                                                       -      12288    12288 5.308416e+06   1.738011e+03     0.713 (  9372      0)     0.102 (  9969      0)
"i:ice_HaloUpdate2DR8"                                                                                                          -      12288    12288 5.308416e+06   4.912489e+02     0.616 (  9372      0)     0.006 (  1124      0)
"i:ice_HU2DR8_init"                                                                                                             -      12288    12288 5.308416e+06   4.151964e+00     0.001 (  9674      0)     0.000 (  6296      0)
"i:cice_run_diag"                                                                                                               -      12288    12288 5.308416e+06   5.616984e+03     0.504 (   782      0)     0.411 (  9806      0)
"i:cice_run_hist"                                                                                                               -      12288    12288 5.308416e+06   1.354656e+03     0.136 ( 10464      0)     0.083 ( 10283      0)
"i:cice_run_accum"                                                                                                              -      12288    12288 5.308416e+06   3.743485e+01     0.003 (  8775      0)     0.003 (  3655      0)
"i:cice_run_export"                                                                                                             -      12288    12288 5.308416e+06   6.317074e+02     0.064 (  8681      0)     0.047 ( 10626      0)
"CPL:LND_RUN"                                                                                                                   -      12288    12288 5.308416e+06   3.940011e+05    38.143 (   758      0)    27.053 ( 12104      0)
"l:lc_lnd_import"                                                                                                               -      12288    12288 5.308416e+06   1.176912e+03     0.228 (  7298      0)     0.040 (  4717      0)
"l:elm_run"                                                                                                                     -      12288    12288 5.320704e+06   3.919164e+05    37.961 (   758      0)    26.828 ( 12104      0)
"l:shr_orb_decl"                                                                                                                -      12288    12288 5.320704e+06   5.285748e+00     0.001 (   689      0)     0.000 (  8104      0)
"l:decomp_vert"                                                                                                                 -      12288    12288 5.320704e+06   7.330810e+01     0.063 (  6316      0)     0.002 (  1696      0)
"l:beggridwbal"                                                                                                                 -      12288    12288 5.320704e+06   1.583720e+03     0.223 (  5259      0)     0.105 (  6882      0)
"l:cnpinit"                                                                                                                     -      12288    12288 5.320704e+06   7.179539e+00     0.087 ( 11223      0)     0.000 (   334      0)
"l:cnpvegsumm"                                                                                                                  -      12288    12288 5.320704e+06   5.190463e-01     0.000 (  5265      0)     0.000 (  5458      0)
"l:dyn_subgrid"                                                                                                                 -      12288    12288 5.320704e+06   9.716718e+03     1.084 (  4829      0)     0.676 (  3475      0)
"l:begwbal"                                                                                                                     -      12288    12288 5.320704e+06   1.870590e+02     0.079 ( 11745      0)     0.009 (  9841      0)
"l:begcnpbal"                                                                                                                   -      12288    12288 5.320704e+06   4.429502e-01     0.000 (  3250      0)     0.000 (  4331      0)
"l:drvinit"                                                                                                                     -      12288    12288 5.320704e+06   9.601363e+02     0.202 (  4953      0)     0.068 (  6882      0)
"l:canhydro"                                                                                                                    -      12288    12288 5.320704e+06   1.816347e+03     0.362 (  1071      0)     0.106 (  6625      0)
"l:surfrad"                                                                                                                     -      12288    12288 5.320704e+06   3.624408e+03     0.476 (  8116      0)     0.241 (  8042      0)
"l:bgp1"                                                                                                                        -      12288    12288 5.320704e+06   2.038732e+03     0.278 ( 12126      0)     0.120 (  6094      0)
"l:bgflux"                                                                                                                      -      12288    12288 5.320704e+06   2.623774e+03     0.327 (  4173      0)     0.132 (  3655      0)
"l:canflux"                                                                                                                     -      12288    12288 5.320704e+06   1.018665e+05    12.364 ( 10069      0)     5.005 (  6202      0)
"l:can_iter"                                                                                                                    -      12288    12288 5.320704e+06   8.344254e+04    10.650 ( 10069      0)     3.762 (  6202      0)
"l:uflux"                                                                                                                       -      12288    12288 5.320704e+06   1.850735e+03     0.401 ( 10698      0)     0.035 (  9305      0)
"l:bgplake"                                                                                                                     -      12288    12288 5.320704e+06   7.989095e+03     1.035 (  5211      0)     0.395 (  7720      0)
"l:bgc"                                                                                                                         -      12288    12288 5.320704e+06   5.923820e+03     0.756 (    91      0)     0.344 (  6198      0)
"l:soiltemperature"                                                                                                             -      12288    12288 5.320704e+06   6.623665e+04     6.574 (  1644      0)     4.538 (  3475      0)
"l:SoilThermProp"                                                                                                               -      12288    12288 5.320704e+06   3.291663e+03     0.421 (  7168      0)     0.183 (  6625      0)
"l:SoilTempBandDiag"                                                                                                            -      12288    12288 1.064141e+07   6.598083e+03     0.910 (  1656      0)     0.355 (   348      0)
"l:PhaseChangeH2osfc"                                                                                                           -      12288    12288 5.320704e+06   3.423746e+01     0.006 (   985      0)     0.001 (  9841      0)
"l:PhaseChangebeta"                                                                                                             -      12288    12288 5.320704e+06   1.282763e+03     0.174 (  9557      0)     0.051 (  9841      0)
"l:bgp2"                                                                                                                        -      12288    12288 5.320704e+06   2.808715e+03     0.340 (  1309      0)     0.169 (  6884      0)
"l:bgp2_loop_1"                                                                                                                 -      12288    12288 5.320704e+06   4.730255e+02     0.052 ( 12150      0)     0.029 (  2380      0)
"l:bgp2_loop_2"                                                                                                                 -      12288    12288 5.320704e+06   8.772956e+02     0.107 (  8215      0)     0.055 (  8042      0)
"l:bgp2_loop_3"                                                                                                                 -      12288    12288 5.320704e+06   1.102076e+03     0.125 ( 12150      0)     0.058 ( 12104      0)
"l:bgp2_loop_4"                                                                                                                 -      12288    12288 5.320704e+06   3.041840e+02     0.032 (  1961      0)     0.019 (  6198      0)
"l:patch2col"                                                                                                                   -      12288    12288 5.320704e+06   1.408347e+03     0.224 (  3271      0)     0.091 (  6731      0)
"l:hydro without drainage"                                                                                                      -      12288    12288 5.320704e+06   2.197104e+04     2.512 ( 12150      0)     1.306 (  3475      0)
"l:hylake"                                                                                                                      -      12288    12288 5.320704e+06   1.955877e+03     0.368 (   821      0)     0.118 (  3882      0)
"l:snow_init"                                                                                                                   -      12288    12288 5.320704e+06   1.610886e+02     0.037 (  2370      0)     0.005 (   616      0)
"l:ecosysdyn"                                                                                                                   -      12288    12288 5.320704e+06   5.122497e+02     0.051 ( 12150      0)     0.034 (  8042      0)
"l:depvel"                                                                                                                      -      12288    12288 1.064141e+07   1.209695e+01     0.030 (  7067      0)     0.000 (  3922      0)
"l:hydro2 drainage"                                                                                                             -      12288    12288 5.320704e+06   1.524904e+03     0.211 (  1656      0)     0.083 (  7470      0)
"l:balchk"                                                                                                                      -      12288    12288 5.320704e+06   1.837764e+03     0.183 ( 12042      0)     0.129 (  6882      0)
"l:gridbalchk"                                                                                                                  -      12288    12288 5.320704e+06   1.118676e+03     0.121 (  6517      0)     0.080 (  4266      0)
"l:lnd2atm"                                                                                                                     -      12288    12288 5.320704e+06   8.295865e+03     0.771 (  1627      0)     0.587 (  7579      0)
"l:wrtdiag"                                                                                                                     -      12288    12288 5.320704e+06   5.444572e+01     0.021 (     0      0)     0.003 (  5431      0)
"l:hbuf"                                                                                                                        -      12288    12288 5.320704e+06   3.010505e+04     2.753 ( 11398      0)     2.172 (  4266      0)
"l:elm_drv_io"                                                                                                                  -      12288    12288 5.320704e+06   3.424308e+01     0.079 (  4165      0)     0.001 (  6816      0)
"l:elm_drv_io_htapes"                                                                                                           -      12288    12288 5.320704e+06   3.128509e+01     0.079 (  4174      0)     0.001 (  2772      0)
"l:lc_lnd_export"                                                                                                               -      12288    12288 5.320704e+06   2.755735e+02     0.025 (  1464      0)     0.021 (  7043      0)
"l:lc_elm2_adv_timestep"                                                                                                        -      12288    12288 5.320704e+06   3.865547e+00     0.001 ( 10967      0)     0.000 ( 11365      0)
"l:accum"                                                                                                                       -      12288    12288 5.308416e+06   5.598458e+03     0.589 ( 10304      0)     0.423 (  3142      0)
"CPL:ATMOCNP"                                                                                                                   -      12288    12288 5.308416e+06   4.489027e+03     0.579 (   103      0)     0.082 (  1305      0)
"CPL:atmocnp_fluxo"                                                                                                             -      12288    12288 5.308416e+06   3.806067e+03     0.524 (   103      0)     0.018 (  1305      0)
"CPL:atmocnp_ocnalb"                                                                                                            -      12288    12288 5.308416e+06   6.691338e+02     0.089 (  2265      0)     0.041 (  6848      0)
"CPL:L2C"                                                                                                                       -      12288    12288 5.308416e+06   1.724895e+04     5.835 ( 11088      0)     0.123 ( 12243      0)
"CPL:l2c_lndl2lndx"                                                                                                             -      12288    12288 5.308416e+06   1.722629e+04     5.833 ( 11088      0)     0.122 ( 12243      0)
"lnd2cpl_run"                                                                                                                   -      12288    12288 5.308416e+06   1.399453e+01     0.001 (  2281      0)     0.001 ( 11809      0)
"CPL:LNDPOST"                                                                                                                   -      12288    12288 5.308416e+06   3.779764e+00     0.000 (  9861      0)     0.000 (  8206      0)
"CPL:I2C"                                                                                                                       -      12288    12288 5.308416e+06   5.443739e+02     0.053 ( 10473      0)     0.042 ( 10246      0)
"CPL:i2c_icei2icex"                                                                                                             -      12288    12288 5.308416e+06   5.277416e+02     0.052 ( 10473      0)     0.041 ( 10246      0)
"CPL:i2c_infoexch"                                                                                                              -      12288    12288 5.308416e+06   8.063057e+00     0.001 (   499      0)     0.000 (  3303      0)
"CPL:ICEPOST"                                                                                                                   -      12288    12288 5.308416e+06   4.446763e-01     0.000 (   487      0)     0.000 (  7768      0)
"CPL:FRACSET"                                                                                                                   -      12288    12288 5.308416e+06   1.310814e+04     4.525 (    54      0)     0.069 ( 10379      0)
"CPL:fracset_fracset"                                                                                                           -      12288    12288 5.308416e+06   1.310564e+04     4.525 (    54      0)     0.068 ( 10379      0)
"CPL:ATMPREP"                                                                                                                   -      12288    12288 5.308416e+06   5.790328e+04     8.292 ( 10054      0)     1.426 (  5354      0)
"CPL:atmprep_xao2atm"                                                                                                           -      12288    12288 5.308416e+06   1.639479e+04     4.121 (  5703      0)     0.137 ( 10442      0)
"CPL:atmprep_ocn2atm"                                                                                                           -      12288    12288 5.308416e+06   8.294562e+03     2.795 (  9814      0)     0.109 (  9984      0)
"CPL:atmprep_alb2atm"                                                                                                           -      12288    12288 5.308416e+06   2.928459e+03     1.615 (  6774      0)     0.049 (  2300      0)
"CPL:atmprep_ice2atm"                                                                                                           -      12288    12288 5.308416e+06   5.646500e+03     3.218 (  7935      0)     0.144 (  2241      0)
"CPL:atmprep_lnd2atm"                                                                                                           -      12288    12288 5.308416e+06   2.230201e+04     7.628 ( 10054      0)     0.107 ( 10204      0)
"CPL:atmprep_mrgx2a"                                                                                                            -      12288    12288 5.308416e+06   2.299560e+03     0.310 ( 10330      0)     0.128 (  2110      0)
"CPL:C2A"                                                                                                                       -      12288    12288 5.308416e+06   1.985647e+04     5.260 (  5360      0)     0.542 ( 10327      0)
"CPL:c2a_atmx2atmg"                                                                                                             -      12288    12288 5.308416e+06   1.456762e+04     4.918 (  5372      0)     0.195 ( 11724      0)
"CPL:c2a_infoexch"                                                                                                              -      12288    12288 5.308416e+06   5.280830e+03     1.855 ( 10218      0)     0.121 (     8      0)
"CPL:ATM_RUN"                                                                                                                   -      12288    12288 5.308416e+06   3.102818e+06   260.041 (  2888      0)   247.179 (  6636      0)
"a:EAMxx::run"                                                                                                                  -      12288    12288 5.308416e+06   3.101743e+06   259.954 (  2888      0)   247.091 (  6636      0)
"a:PIO:PIOc_sync"                                                                                                               -      12288    12288 1.228800e+04   2.938990e-01     0.000 (  3420      0)     0.000 (  4408      0)
"a:PIO:write_total"                                                                                                             -      12288    12288 1.228800e+04   2.691331e-01     0.000 (  3420      0)     0.000 (  4408      0)
"a:PIO:flush_output_buffer"                                                                                                     -       1024     1024 1.024000e+03   1.136326e-01     0.000 (  3420      0)     0.000 (  1500      0)
"a:EAMxx::EAMxx::run"                                                                                                           -      12288    12288 5.308416e+06   3.100531e+06   259.856 (  2888      0)   246.992 (  6636      0)
"a:EAMxx::EAMxx::run-precondition-checks"                                                                                       -      12288    12288 5.308416e+06   2.017888e+00     0.000 ( 12258      0)     0.000 (  1768      0)
"a:EAMxx::SurfaceCouplingImporter::run"                                                                                         -      12288    12288 5.308416e+06   3.923609e+03     0.567 (  3733      0)     0.280 (  6914      0)
"a:EAMxx::SurfaceCouplingImporter::run-precondition-checks"                                                                     -      12288    12288 5.308416e+06   9.760435e-01     0.000 ( 10511      0)     0.000 (  2222      0)
"a:EAMxx::SurfaceCouplingImporter::run-postcondition-checks"                                                                    -      12288    12288 5.308416e+06   3.355258e+03     0.521 (  3733      0)     0.235 (  6914      0)
"a:EAMxx::homme::run"                                                                                                           -      12288    12288 5.308416e+06   2.838846e+06   231.240 (    11      0)   230.737 (  7270      0)
"a:EAMxx::homme::run-precondition-checks"                                                                                       -      12288    12288 5.308416e+06   1.051995e+00     0.000 (  2071      0)     0.000 (  9670      0)
"a:tl-sc prim_run_subcycle_c"                                                                                                   -      12288    12288 1.061683e+07   2.740282e+06   223.252 (     4      0)   222.669 (  8190      0)
"a:tl-s prim_step_flexible"                                                                                                     -      12288    12288 1.061683e+07   2.740232e+06   223.248 (     4      0)   222.665 (  8190      0)
"a:ApplyCAMForcing_tracers"                                                                                                     -      12288    12288 5.308416e+06   4.705726e+03     0.475 ( 11762      0)     0.364 (  7258      0)
"a:tl-s deep_copy+derived_dp"                                                                                                   -      12288    12288 1.061683e+07   9.421410e+02     0.137 ( 11476      0)     0.067 (  5324      0)
"a:ApplyCAMForcing_dynamics"                                                                                                    -      12288    12288 3.185050e+07   3.609848e+03     0.336 (  1973      0)     0.271 ( 10202      0)
"a:tl-ae prim_advance_exp"                                                                                                      -      12288    12288 6.370099e+07   2.161328e+06   179.892 (  2852      0)   173.621 (  7733      0)
"a:ttype9_imex_timestep"                                                                                                        -      12288    12288 6.370099e+07   1.866945e+06   157.808 (  2853      0)   149.547 (  9872      0)
"a:caar compute"                                                                                                                -      12288    12288 6.370099e+08   5.661831e+05    48.166 (  8259      0)    41.471 (  4256      0)
"a:caar_bexchV"                                                                                                                 -      12288    12288 3.185050e+08   3.701773e+05    36.757 (  4680      0)    24.270 ( 10745      0)
"a:caar limiter"                                                                                                                -      12288    12288 3.822060e+08   1.869989e+05    19.304 (  9582      0)    13.069 (  3074      0)
"a:compute_stage_value_dirk"                                                                                                    -      12288    12288 3.185050e+08   7.306139e+05    66.237 (  8204      0)    57.142 ( 10363      0)
"a:tl-ae advance_hypervis_dp"                                                                                                   -      12288    12288 6.370099e+07   2.928148e+05    28.159 (  2772      0)    20.828 (  6185      0)
"a:hvf-bhwk"                                                                                                                    -      12288    12288 6.370099e+07   1.478662e+05    14.001 (  2871      0)    10.386 (  9582      0)
"a:hvf-bexch"                                                                                                                   -      12288    12288 1.911030e+08   1.733801e+05    18.531 (  2782      0)    10.540 (  8204      0)
"a:tl-sc vertical_remap"                                                                                                        -      12288    12288 3.185050e+07   1.738146e+05    15.137 (  2888      0)    13.579 (  7634      0)
"a:Remap Thickness Functor"                                                                                                     -      12288    12288 3.185050e+07   8.331788e+03     0.779 (  2891      0)     0.617 (  8380      0)
"a:Remap Scale States Functor"                                                                                                  -      12288    12288 3.185050e+07   1.608961e+03     0.148 ( 11457      0)     0.122 (  1508      0)
"a:Remap Compute Grids Functor"                                                                                                 -      12288    12288 3.185050e+07   1.067294e+04     1.156 ( 10363      0)     0.774 (  7550      0)
"a:Remap Compute Remap Functor"                                                                                                 -      12288    12288 3.185050e+07   1.254888e+05    11.011 (  2888      0)     9.754 (  6604      0)
"a:Remap Rescale States Functor"                                                                                                -      12288    12288 3.185050e+07   2.456916e+03     0.492 ( 11476      0)     0.176 (  9722      0)
"a:tl-at prim_advec_observe_velocity"                                                                                           -      12288    12288 3.185050e+07   1.509838e+02     0.043 (  6168      0)     0.010 (  7349      0)
"a:tl-at prim_advec_tracers_compose"                                                                                            -      12288    12288 1.061683e+07   3.636425e+05    31.800 (  7733      0)    25.426 (  2875      0)
"a:compose_transport"                                                                                                           -      12288    12288 1.061683e+07   3.636133e+05    31.798 (  7733      0)    25.423 (  2875      0)
"a:compose_calc_trajectory"                                                                                                     -      12288    12288 1.061683e+07   3.095274e+04     3.177 (  3268      0)     2.133 (  2849      0)
"a:compose_3d_levels"                                                                                                           -      12288    12288 1.061683e+07   1.761855e+04     1.725 (  7099      0)     1.267 (  7544      0)
"a:compose_v_bexchv"                                                                                                            -      12288    12288 1.061683e+07   1.231252e+04     1.642 (  2770      0)     0.608 (  9905      0)
"a:compose_v2x"                                                                                                                 -      12288    12288 1.061683e+07   9.883305e+02     0.096 ( 10795      0)     0.075 (  1532      0)
"a:compose_isl"                                                                                                                 -      12288    12288 1.061683e+07   9.878107e+04    11.266 (  9698      0)     5.936 (  3042      0)
"a:compose_hypervis_scalar"                                                                                                     -      12288    12288 1.061683e+07   1.095471e+05    12.896 (  3316      0)     6.395 (   854      0)
"a:compose_cedr_global"                                                                                                         -      12288    12288 1.061683e+07   9.849784e+04    10.108 ( 10701      0)     4.102 (  2889      0)
"a:repro_sum_int"                                                                                                               -      12288    12288 1.061683e+07   8.320745e+04     8.848 ( 10707      0)     2.913 (  2889      0)
"a:compose_cedr_local"                                                                                                          -      12288    12288 1.061683e+07   8.602669e+03     1.104 ( 11476      0)     0.602 (  7770      0)
"a:compose_dss_q"                                                                                                               -      12288    12288 1.061683e+07   1.715818e+04     1.713 (   157      0)     1.184 (  2910      0)
"a:compose_vertical_remap"                                                                                                      -      12288    12288 1.061683e+07   3.163811e+04     2.841 ( 10644      0)     2.311 (   924      0)
"a:shr_reprosum_INF_NaN_Chk"                                                                                                    -      12288    12288 1.061683e+07   3.710365e+02     0.070 ( 10910      0)     0.030 (  3018      0)
"a:shr_reprosum_int"                                                                                                            -      12288    12288 1.061683e+07   1.689377e+04     1.693 (  2932      0)     1.088 ( 12181      0)
"a:repro_sum_loopa"                                                                                                             -      12288    12288 1.061683e+07   1.944863e+02     0.017 (  1538      0)     0.016 ( 10385      0)
"a:repro_sum_allr_minmax"                                                                                                       -      12288    12288 1.061683e+07   1.206445e+04     1.300 (  2932      0)     0.704 ( 12181      0)
"a:repro_sum_loopb"                                                                                                             -      12288    12288 1.061683e+07   4.736532e+02     0.057 (  5211      0)     0.038 (  2036      0)
"a:repro_sum_allr_i8"                                                                                                           -      12288    12288 1.061683e+07   4.097320e+03     0.338 ( 11341      0)     0.287 (  5211      0)
"a:repro_sum_finalsum"                                                                                                          -      12288    12288 1.061683e+07   1.013887e+01     0.017 (   600      0)     0.001 (  4023      0)
"a:EAMxx::homme::run-postcondition-checks"                                                                                      -      12288    12288 5.308416e+06   1.446093e+04     1.249 ( 12131      0)     1.127 (  7100      0)
"a:EAMxx::physics::run"                                                                                                         -      12288    12288 5.308416e+06   2.522701e+05    28.093 (  2888      0)    15.233 (  6636      0)
"a:EAMxx::physics::run-precondition-checks"                                                                                     -      12288    12288 5.308416e+06   1.274388e+00     0.000 (  5318      0)     0.000 (  8179      0)
"a:EAMxx::mac_aero_mic::run"                                                                                                    -      12288    12288 5.308416e+06   1.094072e+05    12.652 (  4822      0)     7.145 (  6636      0)
"a:EAMxx::mac_aero_mic::run-precondition-checks"                                                                                -      12288    12288 5.308416e+06   9.391415e-01     0.000 (   137      0)     0.000 (  6502      0)
"a:EAMxx::tms::run"                                                                                                             -      12288    12288 5.308416e+06   1.532291e+03     0.233 ( 11501      0)     0.112 ( 10436      0)
"a:EAMxx::tms::run-precondition-checks"                                                                                         -      12288    12288 5.308416e+06   7.950240e-01     0.000 ( 10186      0)     0.000 (  1851      0)
"a:EAMxx::tms::run-postcondition-checks"                                                                                        -      12288    12288 5.308416e+06   4.918277e+02     0.045 (  4889      0)     0.036 (  1706      0)
"a:EAMxx::shoc::run"                                                                                                            -      12288    12288 5.308416e+06   4.130909e+04     3.609 (  2366      0)     3.015 (  6098      0)
"a:EAMxx::shoc::run-precondition-checks"                                                                                        -      12288    12288 5.308416e+06   9.069610e-01     0.000 ( 11921      0)     0.000 (  5177      0)
"a:EAMxx::shoc::run-postcondition-checks"                                                                                       -      12288    12288 5.308416e+06   1.716683e+04     1.473 (  9703      0)     1.336 (  7416      0)
"a:EAMxx::cld_fraction::run"                                                                                                    -      12288    12288 5.308416e+06   2.783071e+03     0.329 (  7305      0)     0.216 (  2152      0)
"a:EAMxx::cld_fraction::run-precondition-checks"                                                                                -      12288    12288 5.308416e+06   1.307871e+00     0.000 (  5455      0)     0.000 (  9638      0)
"a:EAMxx::cld_fraction::run-postcondition-checks"                                                                               -      12288    12288 5.308416e+06   1.758795e+03     0.156 (  8415      0)     0.137 (  4778      0)
"a:EAMxx::spa::run"                                                                                                             -      12288    12288 5.308416e+06   1.296328e+04     1.533 (  8950      0)     0.953 ( 10363      0)
"a:EAMxx::spa::run-precondition-checks"                                                                                         -      12288    12288 5.308416e+06   1.059817e+00     0.000 (  2629      0)     0.000 (  7543      0)
"a:EAMxx::spa::run-postcondition-checks"                                                                                        -      12288    12288 5.308416e+06   8.204882e+03     0.817 ( 11742      0)     0.621 ( 10363      0)
"a:EAMxx::p3::run"                                                                                                              -      12288    12288 5.308416e+06   5.064239e+04     7.909 (  4822      0)     2.516 (  6194      0)
"a:EAMxx::p3::run-precondition-checks"                                                                                          -      12288    12288 5.308416e+06   2.451767e+03     0.566 (  5748      0)     0.120 (  7754      0)
"a:EAMxx::p3::run-postcondition-checks"                                                                                         -      12288    12288 5.308416e+06   2.278856e+04     1.939 (  8903      0)     1.741 (  5912      0)
"a:EAMxx::mac_aero_mic::run-postcondition-checks"                                                                               -      12288    12288 5.308416e+06   1.051578e+00     0.000 (  3292      0)     0.000 (  2372      0)
"a:EAMxx::rrtmgp::run"                                                                                                          -      12288    12288 5.308416e+06   1.426924e+05    16.160 (  3786      0)     7.692 (  6658      0)
"a:EAMxx::rrtmgp::run-precondition-checks"                                                                                      -      12288    12288 5.308416e+06   2.905542e+02     0.026 (  6491      0)     0.023 ( 10363      0)
"a:EAMxx::rrtmgp::run-postcondition-checks"                                                                                     -      12288    12288 5.308416e+06   7.896664e+03     0.710 ( 11163      0)     0.594 (  3416      0)
"a:EAMxx::physics::run-postcondition-checks"                                                                                    -      12288    12288 5.308416e+06   7.878198e-01     0.000 (  3292      0)     0.000 (  5666      0)
"a:EAMxx::SurfaceCouplingExporter::run"                                                                                         -      12288    12288 5.308416e+06   5.069423e+03     0.470 ( 11107      0)     0.378 (  5906      0)
"a:EAMxx::SurfaceCouplingExporter::run-precondition-checks"                                                                     -      12288    12288 5.308416e+06   1.625041e+00     0.000 (  5010      0)     0.000 (   224      0)
"a:EAMxx::SurfaceCouplingExporter::run-postcondition-checks"                                                                    -      12288    12288 5.308416e+06   1.924591e+00     0.000 (  2145      0)     0.000 (  8223      0)
"a:EAMxx::EAMxx::run-postcondition-checks"                                                                                      -      12288    12288 5.308416e+06   7.787223e-01     0.000 (  2313      0)     0.000 ( 11709      0)
"a:EAMxx::IO::restart"                                                                                                          -      12288    12288 5.308416e+06   3.236570e+01     0.039 (  7296      0)     0.002 (  4352      0)
"a:EAMxx::IO::model_restart"                                                                                                    -      12288    12288 5.308416e+06   2.798481e+01     0.039 (  7296      0)     0.001 (  4352      0)
"a:EAMxx::IO::restart::get_new_file"                                                                                            -      12288    12288 5.308416e+06   5.839511e-01     0.000 (  4244      0)     0.000 (  6502      0)
"a:EAMxx::IO::restart::run_output_streams"                                                                                      -      12288    12288 5.308416e+06   1.527607e+01     0.038 (  7306      0)     0.001 (  8343      0)
"a:EAMxx::IO::standard"                                                                                                         -      12288    12288 5.308416e+06   1.023906e+01     0.001 (  4044      0)     0.001 (  6720      0)
"a:EAMxx::IO::nooutput.yaml"                                                                                                    -      12288    12288 5.308416e+06   7.254276e+00     0.001 (  4044      0)     0.000 (  9083      0)
"a:EAMxx::IO::standard::get_new_file"                                                                                           -      12288    12288 5.308416e+06   2.290928e-01     0.000 (  8674      0)     0.000 ( 10347      0)
"a:EAMxx::IO::standard::run_output_streams"                                                                                     -      12288    12288 5.308416e+06   7.264031e-01     0.000 (  2614      0)     0.000 (  8248      0)
"CPL:A2C"                                                                                                                       -      12288    12288 5.308416e+06   9.588729e+04    13.388 (  6638      0)     1.438 (  2888      0)
"CPL:a2c_atma2atmx"                                                                                                             -      12288    12288 5.308416e+06   5.807407e+04    11.875 (  8577      0)     0.194 (  4175      0)
"CPL:a2c_infoexch"                                                                                                              -      12288    12288 5.308416e+06   3.780053e+04     8.951 (  7767      0)     0.031 (     0      0)
"CPL:ATMPOST"                                                                                                                   -      12288    12288 5.308416e+06   2.712066e+00     0.000 (  3769      0)     0.000 ( 11930      0)
"CPL:HISTORY"                                                                                                                   -      12288    12288 5.308416e+06   1.305443e+01     0.039 (  8827      0)     0.001 ( 11002      0)
"CPL:cime_run_write_history"                                                                                                    -      12288    12288 5.308416e+06   1.032195e+01     0.039 (  8827      0)     0.001 (  3346      0)
"CPL:TSTAMP_WRITE"                                                                                                              -      12288    12288 5.308416e+06   3.850088e+00     0.024 (  8827      0)     0.000 (  4129      0)
"CPL:TPROF_WRITE"                                                                                                               -      12288    12288 5.308416e+06   1.643320e+00     0.000 (  8700      0)     0.000 (  6549      0)
"CPL:C2O_INITWAIT"                                                                                                              -      12288    12288 5.296128e+06   3.135087e+04     4.916 (   132      0)     1.109 (  2155      0)
"l:interpMonthlyVeg"                                                                                                            -      12288    12288 5.296128e+06   7.499206e+04     6.113 (  3708      0)     6.081 (  8564      0)
"l:readMonthlyVeg"                                                                                                              -      12288    12288 1.228800e+04   7.497133e+04     6.113 (  3708      0)     6.060 (  3452      0)
"l:PIO:openfile"                                                                                                                -      12288    12288 1.228800e+04   4.293837e+03     0.493 (  6160      0)     0.130 (  6004      0)
"l:PIO:pio_inq_varid_file_vdesc"                                                                                                -      12288    12288 9.830400e+04   2.716049e+01     0.010 ( 10302      0)     0.000 (  6017      0)
"l:PIO:pio_inq_varid_file_vid"                                                                                                  -      12288    12288 9.830400e+04   2.712400e+01     0.010 ( 10302      0)     0.000 (  6017      0)
"l:PIO:pio_inq_varndims_file_vdesc"                                                                                             -      12288    12288 9.830400e+04   1.409633e+01     0.153 (  4093      0)     0.000 (  8439      0)
"l:PIO:pio_inq_varndims_file_vid"                                                                                               -      12288    12288 9.830400e+04   1.406882e+01     0.153 (  4093      0)     0.000 (  8439      0)
"l:PIO:pio_inq_vardimid_file_vdesc"                                                                                             -      12288    12288 9.830400e+04   2.951653e+01     0.005 (   581      0)     0.001 (  7543      0)
"l:PIO:pio_inq_vardimid_file_vid"                                                                                               -      12288    12288 9.830400e+04   2.949356e+01     0.005 (   581      0)     0.001 (  7543      0)
"l:PIO:pio_inq_dimname_file_dimid"                                                                                              -      12288    12288 8.355840e+05   7.132558e+01     0.013 (  1034      0)     0.002 (  7536      0)
"l:PIO:pio_inq_dimlen_file_dimid"                                                                                               -      12288    12288 1.966080e+05   1.209496e+01     0.002 (   577      0)     0.000 (  6036      0)
"l:PIO:pio_inq_dimlen_file_dimid_offlen"                                                                                        -      12288    12288 1.966080e+05   1.205362e+01     0.002 (   577      0)     0.000 (  6036      0)
"l:PIO:pio_inquire_file"                                                                                                        -      12288    12288 3.686400e+05   2.097817e+01     0.004 (  1040      0)     0.001 (  6319      0)
"l:PIO:pio_inq_ndims_file"                                                                                                      -      12288    12288 3.686400e+05   2.090628e+01     0.004 (  1039      0)     0.001 (  6319      0)
"l:PIO:initdecomp"                                                                                                              -      12288    12288 1.228800e+04   6.354297e+03     0.517 (     6      0)     0.516 (   584      0)
"l:PIO:PIOc_initdecomp"                                                                                                         -      12288    12288 1.228800e+04   6.354091e+03     0.517 (     6      0)     0.516 (   584      0)
"l:PIO:box_rearrange_create"                                                                                                    -      12288    12288 1.228800e+04   6.342833e+03     0.516 (  7932      0)     0.516 (  3017      0)
"l:PIO:pio_swapm"                                                                                                               -      12288    12288 1.351680e+05   6.726498e+04     5.594 (  6791      0)     2.350 (  4776      0)
"l:PIO:read_darray_3d_double"                                                                                                   -      12288    12288 9.830400e+04   6.236680e+04     5.093 (  8532      0)     4.908 (  4093      0)
"l:PIO:PIOc_read_darray"                                                                                                        -      12288    12288 9.830400e+04   6.236657e+04     5.093 (  8532      0)     4.908 (  4093      0)
"l:PIO:read_darray_nc"                                                                                                          -      12288    12288 9.830400e+04   1.031321e+03     3.233 (  4776      0)     0.000 ( 10530      0)
"l:PIO:rearrange_io2comp"                                                                                                       -      12288    12288 9.830400e+04   6.128698e+04     5.091 (  6995      0)     1.856 (  4776      0)
"l:PIO:closefile"                                                                                                               -      12288    12288 1.228800e+04   1.061951e+01     0.026 (  4080      0)     0.000 (  2375      0)
"l:PIO:PIOc_closefile"                                                                                                          -      12288    12288 1.228800e+04   1.060454e+01     0.026 (  4080      0)     0.000 (  2375      0)
"l:surfalb"                                                                                                                     -      12288    12288 5.296128e+06   2.069180e+04     2.195 (  7187      0)     1.373 (  1610      0)
"l:urbsurfalb"                                                                                                                  -      12288    12288 5.296128e+06   4.083486e+03     0.410 ( 12043      0)     0.266 (    98      0)
"CPL:OCNT_RUN"                                                                                                                  -      12288    12288 5.296128e+06   2.229935e+03     0.259 (     0      0)     0.126 (  1327      0)
"o:DOCN_RUN"                                                                                                                    -      12288    12288 5.296128e+06   2.066985e+03     0.192 (  6299      0)     0.114 (  1327      0)
"o:docn_run1"                                                                                                                   -      12288    12288 5.296128e+06   5.414900e+00     0.001 ( 11056      0)     0.000 (  6733      0)
"o:docn"                                                                                                                        -      12288    12288 5.296128e+06   2.052839e+03     0.190 (  6299      0)     0.113 (  1327      0)
"o:docn_strdata_advance"                                                                                                        -      12288    12288 5.296128e+06   1.260171e+03     0.121 ( 12104      0)     0.051 (  1203      0)
"o:docn_strd_adv_total"                                                                                                         -      12288    12288 5.296128e+06   1.253707e+03     0.120 ( 12104      0)     0.050 (  1203      0)
"o:docn_strd_adv_readLBUB"                                                                                                      -      12288    12288 5.296128e+06   6.887240e+02     0.098 (   333      0)     0.014 (     0      0)
"o:docn_readLBUB_setup"                                                                                                         -      12288    12288 5.296128e+06   1.765632e+00     0.000 (  6671      0)     0.000 (  6733      0)
"o:docn_readLBUB_filemgt"                                                                                                       -      12288    12288 5.296128e+06   9.614284e-01     0.000 (  1263      0)     0.000 (   789      0)
"o:docn_strd_adv_tint"                                                                                                          -      12288    12288 5.296128e+06   6.713845e+01     0.008 ( 10500      0)     0.005 (  1841      0)
"o:docn_scatter"                                                                                                                -      12288    12288 5.296128e+06   5.466001e+02     0.051 ( 10707      0)     0.041 (  6796      0)
"o:docn_datamode"                                                                                                               -      12288    12288 5.296128e+06   4.950234e+01     0.005 (  8231      0)     0.004 (  5823      0)
"o:docn_run2"                                                                                                                   -      12288    12288 5.296128e+06   6.592828e-01     0.004 (     0      0)     0.000 (  9432      0)
"CPL:O2CT"                                                                                                                      -      12288    12288 5.296128e+06   2.606258e+04     6.887 (  3475      0)     0.042 ( 11214      0)
"CPL:o2c_ocno2ocnx"                                                                                                             -      12288    12288 5.296128e+06   2.332149e+02     0.024 (  6686      0)     0.017 (  1688      0)
"CPL:o2c_infoexch"                                                                                                              -      12288    12288 5.296128e+06   2.582017e+04     6.867 (  3475      0)     0.022 ( 11214      0)
"CPL:OCNPOSTT"                                                                                                                  -      12288    12288 5.296128e+06   3.737525e+00     0.000 (  7596      0)     0.000 (  8795      0)
"i:cice_pice_readLBUB_LB_copy"                                                                                                  -      12288    12288 1.228800e+04   1.307184e-02     0.000 (  9662      0)     0.000 (  2399      0)
"o:docn_readLBUB_fbound"                                                                                                        -      12288    12288 1.228800e+04   1.807613e-03     0.000 (     0      0)     0.000 ( 10431      0)
"o:docn_readLBUB_bcast"                                                                                                         -      12288    12288 1.228800e+04   1.709593e+02     0.029 (  9002      0)     0.000 (  2810      0)
"o:docn_readLBUB_LB_copy"                                                                                                       -      12288    12288 1.228800e+04   1.323723e-02     0.000 (  1171      0)     0.000 (   832      0)
"o:docn_readLBUB_UB_setup"                                                                                                      -      12288    12288 1.228800e+04   5.570133e-03     0.000 (     0      0)     0.000 (  1351      0)
"o:docn_readLBUB_UB_readpio"                                                                                                    -      12288    12288 1.228800e+04   5.024424e+02     0.080 (   336      0)     0.010 (    13      0)
"o:PIO:pio_inq_varid_file_vdesc"                                                                                                -      12288    12288 2.457600e+04   9.275635e+00     0.009 (  9199      0)     0.000 ( 11915      0)
"o:PIO:pio_inq_varid_file_vid"                                                                                                  -      12288    12288 2.457600e+04   9.260978e+00     0.009 (  9199      0)     0.000 (  7720      0)
"o:PIO:pio_inq_varndims_file_vdesc"                                                                                             -      12288    12288 1.228800e+04   2.504236e+00     0.003 (  5591      0)     0.000 (  3027      0)
"o:PIO:pio_inq_varndims_file_vid"                                                                                               -      12288    12288 1.228800e+04   2.494523e+00     0.003 (  5591      0)     0.000 (  4017      0)
"o:PIO:pio_inq_vardimid_file_vdesc"                                                                                             -      12288    12288 1.228800e+04   7.127755e+00     0.001 (  1228      0)     0.000 (  4784      0)
"o:PIO:pio_inq_vardimid_file_vid"                                                                                               -      12288    12288 1.228800e+04   7.118706e+00     0.001 (  1228      0)     0.000 (  1361      0)
"o:PIO:pio_inq_dimlen_file_dimid"                                                                                               -      12288    12288 3.686400e+04   4.373199e+00     0.000 (  8934      0)     0.000 (  9144      0)
"o:PIO:pio_inq_dimlen_file_dimid_offlen"                                                                                        -      12288    12288 3.686400e+04   4.354293e+00     0.000 (  8939      0)     0.000 (  9154      0)
"o:PIO:pio_inq_vartype_file_vdesc"                                                                                              -      12288    12288 1.228800e+04   3.569489e+00     0.000 (  2655      0)     0.000 (  9155      0)
"o:PIO:pio_inq_vartype_file_vid"                                                                                                -      12288    12288 1.228800e+04   3.560123e+00     0.000 (  2655      0)     0.000 (  9155      0)
"o:PIO:read_darray_1d_real"                                                                                                     -      12288    12288 1.228800e+04   4.578147e+02     0.076 (   228      0)     0.008 (    13      0)
"o:PIO:PIOc_read_darray"                                                                                                        -      12288    12288 1.228800e+04   4.577798e+02     0.076 (   228      0)     0.008 (    13      0)
"o:PIO:read_darray_nc"                                                                                                          -      12288    12288 1.228800e+04   2.787109e+01     0.075 (   228      0)     0.000 (   529      0)
"o:PIO:rearrange_io2comp"                                                                                                       -      12288    12288 1.228800e+04   4.267838e+02     0.075 (   331      0)     0.000 (     0      0)
"o:PIO:pio_swapm"                                                                                                               -      12288    12288 1.228800e+04   4.265328e+02     0.075 (   331      0)     0.000 (     0      0)
"o:docn_strd_adv_fill"                                                                                                          -      12288    12288 1.228800e+04   1.637688e+00     0.000 (  7472      0)     0.000 (  4985      0)
"o:docn_strd_adv_map"                                                                                                           -      12288    12288 1.228800e+04   4.642455e+02     0.071 (     2      0)     0.000 ( 10303      0)
"CPL:RUN_LOOP_BSTOP"                                                                                                            -      12288    12288 1.228800e+04   4.228482e+01     0.004 (  1599      0)     0.000 (  4816      0)
"CPL:FINAL"                                                                                                                     -      12288    12288 1.228800e+04   6.274500e+03     0.564 (     0      0)     0.502 (  7430      0)
"CPL:cime_final"                                                                                                                -      12288    12288 1.228800e+04   6.274464e+03     0.564 (     0      0)     0.502 (  7430      0)
"o_f:DOCN_FINAL"                                                                                                                -      12288    12288 1.228800e+04   2.515284e-03     0.000 (     0      0)     0.000 (  9327      0)
"a_f:EAMxx::finalize"                                                                                                           y      12288    12288 1.228800e+04   1.793860e+03     0.307 (   300      0)     0.104 (  5694      0)
"a_f:PIO:PIOc_sync"                                                                                                             -      12288    12288 1.228800e+04   2.640923e-01     0.000 (   348      0)     0.000 (  1906      0)
"a_f:PIO:write_total"                                                                                                           -      12288    12288 2.457600e+04   5.944367e+01     0.144 ( 11220      0)     0.000 (  8475      0)
"a_f:PIO:flush_output_buffer"                                                                                                   -       1024     1024 2.048000e+03   1.210572e-01     0.000 (   348      0)     0.000 (  9600      0)
"a_f:PIO:PIOc_closefile"                                                                                                        -      12288    12288 2.457600e+04   1.600308e+02     0.189 (  3336      0)     0.000 ( 10364      0)
"a_f:PIO:PIOc_closefile_write_mode"                                                                                             -      12288    12288 1.228800e+04   5.919840e+01     0.144 ( 11220      0)     0.000 (  4195      0)
"a_f:PIO:PIOc_freedecomp"                                                                                                       -      12288    12288 1.597440e+05   1.982959e+00     0.024 ( 10298      0)     0.000 (  2654      0)
"PIO:finalize"                                                                                                                  -      12288    12288 1.228800e+05   1.879866e+03     0.242 (     8      0)     0.001 (  7020      0)
"PIO:PIOc_finalize"                                                                                                             -      12288    12288 1.228800e+05   1.878571e+03     0.242 (     8      0)     0.000 (  7020      0)
"CPL:FINAL_sync1_tprf"                                                                                                          -      12288    12288 1.228800e+04   6.540429e+02     0.053 (   106      0)     0.000 (     0      0)
"CPL:FINAL_t_prf"                                                                                                               y          0        0 0.000000e+00   0.000000e+00     0.000 (     0      0)     0.000 (     0      0)

