
***** GLOBAL STATISTICS (  6144 MPI TASKS) *****

$Id: gptl.c,v 1.157 2011-03-28 20:55:18 rosinski Exp $
'count' is cumulative. All other stats are max/min
'on' indicates whether the timer was active during output, and so stats are lower or upper bounds.

name                                                                                                                on  processes  threads        count      walltotal   wallmax (proc   thrd  )   wallmin (proc   thrd  )
"CPL:INIT"                                                                                                           -       6144     6144 6.144000e+03   2.097110e+06   346.204 (  1358      0)   337.793 (  1774      0)
"CPL:cime_pre_init1"                                                                                                 -       6144     6144 6.144000e+03   3.418968e+04    10.442 (  1365      0)     2.032 (  1765      0)
"CPL:mpi_init"                                                                                                       -       6144     6144 6.144000e+03   3.075879e+04     9.837 (  1365      0)     1.482 (  5204      0)
"CPL:ESMF_Initialize"                                                                                                -       6144     6144 6.144000e+03   1.302226e+01     0.038 (  1632      0)     0.000 (   356      0)
"CPL:cime_pre_init2"                                                                                                 -       6144     6144 6.144000e+03   5.173086e+03     0.862 (  5107      0)     0.657 (     6      0)
"CPL:seq_infodata_init"                                                                                              -       6144     6144 6.144000e+03   6.461939e+02     0.345 (   809      0)     0.002 (  2102      0)
"CPL:seq_timemgr_clockInit"                                                                                          -       6144     6144 6.144000e+03   1.538696e+02     0.044 (    26      0)     0.021 (  3305      0)
"CPL:cime_init"                                                                                                      -       6144     6144 6.144000e+03   2.057734e+06   335.106 (    11      0)   334.898 (  2051      0)
"CPL:init_comps"                                                                                                     -       6144     6144 6.144000e+03   2.056063e+06   334.834 (    11      0)   334.623 (  2051      0)
"CPL:comp_init_pre_all"                                                                                              -       6144     6144 6.144000e+03   8.322683e-01     0.002 (  5405      0)     0.000 (   170      0)
"comp_init_cc_iac"                                                                                                   -       6144     6144 6.144000e+03   2.064084e+01     0.011 (  1646      0)     0.001 (   524      0)
"z_i:comp_init"                                                                                                      -       6144     6144 6.144000e+03   7.922021e-01     0.002 (   202      0)     0.000 (  5080      0)
"CPL:comp_init_cc_atm"                                                                                               -       6144     6144 6.144000e+03   7.929755e+05   129.251 (    11      0)   129.042 (  5091      0)
"a_i:comp_init"                                                                                                      -       6144     6144 1.228800e+04   7.927759e+05   129.246 (     0      0)   129.008 (  5147      0)
"a_i:EAMxx::init"                                                                                                    -       6144     6144 4.300800e+04   7.873274e+05   128.708 (   600      0)   127.338 (  4636      0)
"a_i:EAMxx::create_output_managers"                                                                                  -       6144     6144 6.144000e+03   1.263133e+02     0.215 (  2276      0)     0.000 (  5814      0)
"a_i:EAMxx::create_atm_processes"                                                                                    -       6144     6144 6.144000e+03   1.826102e+03     0.538 (    18      0)     0.073 (  1976      0)
"a_i:EAMxx::create_grids"                                                                                            -       6144     6144 6.144000e+03   1.192837e+05    19.495 (     0      0)    19.380 (   389      0)
"a_i:PartitioningTime"                                                                                               -       6144     6144 6.144000e+03   1.619782e-03     0.000 (  5434      0)     0.000 (  4658      0)
"a_i:repro_sum_int"                                                                                                  -       6144     6144 6.144000e+03   3.501556e+02     0.076 (  4040      0)     0.014 (  2417      0)
"a_i:PIO:spio_get_att_tc"                                                                                            -       6144     6144 1.099776e+06   4.571219e+02     0.086 (  5402      0)     0.073 (  4860      0)
"a_i:PIO:spio_get_vars_tc"                                                                                           -       6144     6144 1.228800e+05   1.407483e+03     0.239 (  3170      0)     0.205 (  2050      0)
"a_i:PIO:PIOc_closefile"                                                                                             -       6144     6144 1.105920e+05   3.103927e+02     2.873 (  4836      0)     0.000 (  4958      0)
"a_i:EAMxx::create_fields"                                                                                           -       6144     6144 6.144000e+03   1.723429e+03     0.380 (  2221      0)     0.268 (  5462      0)
"a_i:EAMxx::initialize_fields"                                                                                       -       6144     6144 6.144000e+03   2.970778e+05    48.405 (   828      0)    48.252 (  6126      0)
"a_i:PIO:PIOc_initdecomp"                                                                                            -       6144     6144 9.830400e+04   6.969999e+04    11.349 (  3006      0)    11.335 (  1640      0)
"a_i:PIO:box_rearrange_create"                                                                                       -       6144     6144 9.830400e+04   6.952711e+04    11.317 (  5356      0)    11.313 (  1634      0)
"a_i:PIO:pio_swapm"                                                                                                  -       6144     6144 4.485120e+05   2.070081e+05    41.388 (   386      0)     4.412 (  2208      0)
"a_i:PIO:PIOc_read_darray"                                                                                           -       6144     6144 1.536000e+05   1.906021e+05    31.914 (  1332      0)    29.078 (  2966      0)
"a_i:PIO:read_darray_nc"                                                                                             -       6144     6144 1.536000e+05   1.216802e+04    30.999 (  1548      0)     0.000 (  6104      0)
"a_i:PIO:rearrange_io2comp"                                                                                          -       6144     6144 1.536000e+05   1.655906e+05    31.632 (   391      0)     0.528 (  1548      0)
"a_i:EAMxx::initialize_atm_procs"                                                                                    -       6144     6144 6.144000e+03   3.651619e+05    59.964 (   946      0)    58.593 (  4632      0)
"a_i:EAMxx::SurfaceCouplingImporter::init"                                                                           -       6144     6144 6.144000e+03   1.618190e+01     0.179 (  2042      0)     0.000 (  3949      0)
"a_i:EAMxx::homme::init"                                                                                             -       6144     6144 6.144000e+03   2.707439e+05    44.329 (  5938      0)    43.828 (  5374      0)
"a_i:compose_init"                                                                                                   -       6144     6144 6.144000e+03   8.454545e+02     0.468 (  6118      0)     0.023 (  1092      0)
"a_i:sl_init1"                                                                                                       -       6144     6144 6.144000e+03   4.375406e+03     1.082 (  1434      0)     0.606 (   732      0)
"a_i:EAMxx::tms::init"                                                                                               -       6144     6144 6.144000e+03   9.491492e-01     0.038 (  2225      0)     0.000 (  3862      0)
"a_i:EAMxx::shoc::init"                                                                                              -       6144     6144 6.144000e+03   1.345568e+01     0.054 (  5407      0)     0.001 (  5466      0)
"a_i:EAMxx::cld_fraction::init"                                                                                      -       6144     6144 6.144000e+03   1.297804e-01     0.000 (     0      0)     0.000 (  1226      0)
"a_i:EAMxx::spa::init"                                                                                               -       6144     6144 6.144000e+03   8.647114e+04    15.580 (  1291      0)    13.726 (  2223      0)
"a_i:Build HorizRemap data /lus/flare/projects/E3SMinput/data/atm/scream/maps/map_ne30pg2_to_ne1024pg2_20231201.nc"  -       6144     6144 6.144000e+03   6.909416e+04    11.247 (   300      0)    11.208 (  2228      0)
"a_i:EAMxx::p3::init"                                                                                                -       6144     6144 6.144000e+03   3.299257e+03     0.684 (  1173      0)     0.043 (  4278      0)
"a_i:EAMxx::rrtmgp::init"                                                                                            -       6144     6144 6.144000e+03   4.440042e+03     1.135 (  2687      0)     0.046 (  4278      0)
"a_i:EAMxx::SurfaceCouplingExporter::init"                                                                           -       6144     6144 6.144000e+03   3.882884e+01     0.069 (  4679      0)     0.002 (  1291      0)
"a_i:EAMxx::initialize_output_managers"                                                                              -       6144     6144 6.144000e+03   2.127927e+03     0.391 (  2196      0)     0.344 (  6137      0)
"a_i:EAMxx::IO::standard"                                                                                            -       6144     6144 6.144000e+03   1.234108e+03     0.256 (  4128      0)     0.169 (  5239      0)
"a_i:EAMxx::IO::nooutput.yaml"                                                                                       -       6144     6144 6.144000e+03   1.234101e+03     0.256 (  4128      0)     0.169 (  5239      0)
"a_i:EAMxx::IO::standard::get_new_file"                                                                              -       6144     6144 6.144000e+03   1.226936e+03     0.243 (  4128      0)     0.169 (  5239      0)
"a_i:PIO:PIOc_createfile"                                                                                            -       6144     6144 6.144000e+03   1.011957e+03     0.201 (   182      0)     0.136 (  5239      0)
"a_i:PIO:write_total"                                                                                                -       6144     6144 2.027520e+05   1.029633e+03     0.221 (   180      0)     0.137 (  5239      0)
"a_i:PIO:spio_put_att_tc"                                                                                            -       6144     6144 1.843200e+05   5.167100e-01     0.000 (   672      0)     0.000 (  4686      0)
"a_i:PIO:spio_put_vars_tc"                                                                                           -       6144     6144 6.144000e+03   1.548892e+01     0.020 (  6120      0)     0.001 (  3849      0)
"a_i:PIO:flush_output_buffer"                                                                                        -        512      512 1.024000e+03   1.108193e+01     0.022 (  6024      0)     0.003 (  6120      0)
"a_i:EAMxx::IO::standard::run_output_streams"                                                                        -       6144     6144 6.144000e+03   6.619185e-04     0.000 (  5604      0)     0.000 (   375      0)
"a_i:EAMxx::IO::standard::update_snapshot_tally"                                                                     -       6144     6144 6.144000e+03   7.145818e+00     0.028 (  2196      0)     0.000 (  2042      0)
"a_i:PIO:PIOc_sync"                                                                                                  -       6144     6144 6.144000e+03   1.673820e+00     0.019 (  2196      0)     0.000 (  1539      0)
"CPL:comp_init_cc_lnd"                                                                                               -       6144     6144 6.144000e+03   7.655727e+05   124.700 (   277      0)   124.589 (  2205      0)
"l_i:comp_init"                                                                                                      -       6144     6144 6.144000e+03   7.653005e+05   124.695 (   192      0)   124.553 (  1592      0)
"l_i:elm_init1"                                                                                                      -       6144     6144 6.144000e+03   1.659532e+05    27.202 (  5061      0)    26.959 (  5365      0)
"l_i:PIO:openfile"                                                                                                   -       6144     6144 1.413120e+05   1.600961e+04     3.029 (  1468      0)     1.579 (    92      0)
"l_i:PIO:pio_inq_dimid_file_dimid"                                                                                   -       6144     6144 3.747840e+05   1.057160e+02     0.150 (  1681      0)     0.005 (  4679      0)
"l_i:PIO:pio_inq_dimlen_file_dimid"                                                                                  -       6144     6144 2.205696e+06   3.561049e+02     0.076 (     3      0)     0.018 (  2048      0)
"l_i:PIO:pio_inq_dimlen_file_dimid_offlen"                                                                           -       6144     6144 2.205696e+06   3.556563e+02     0.076 (     3      0)     0.018 (  2048      0)
"l_i:PIO:pio_inq_varid_file_vdesc"                                                                                   -       6144     6144 2.869248e+06   2.529257e+03     1.583 (  1072      0)     0.073 (  2048      0)
"l_i:PIO:pio_inq_varid_file_vid"                                                                                     -       6144     6144 2.869248e+06   2.526592e+03     1.583 (  1072      0)     0.073 (  2048      0)
"l_i:PIO:get_var_1d_int"                                                                                             -       6144     6144 3.686400e+04   1.382043e+03     0.234 (  2140      0)     0.151 (  2042      0)
"l_i:PIO:spio_get_vars_tc"                                                                                           -       6144     6144 1.222656e+06   4.265641e+03     0.956 (   853      0)     0.590 (  2043      0)
"l_i:PIO:closefile"                                                                                                  -       6144     6144 1.228800e+05   1.264491e+02     0.352 (   168      0)     0.001 (  3646      0)
"l_i:PIO:PIOc_closefile"                                                                                             -       6144     6144 1.228800e+05   1.263332e+02     0.352 (   168      0)     0.001 (  3646      0)
"l_i:PIO:pio_inq_varndims_file_vdesc"                                                                                -       6144     6144 1.357824e+06   5.416310e+02     1.447 (  2041      0)     0.015 (  2051      0)
"l_i:PIO:pio_inq_varndims_file_vid"                                                                                  -       6144     6144 1.357824e+06   5.412797e+02     1.447 (  2041      0)     0.015 (  2051      0)
"l_i:PIO:pio_inq_vardimid_file_vdesc"                                                                                -       6144     6144 1.357824e+06   9.722159e+02     0.232 (     8      0)     0.041 (  2041      0)
"l_i:PIO:pio_inq_vardimid_file_vid"                                                                                  -       6144     6144 1.357824e+06   9.719192e+02     0.232 (     7      0)     0.040 (  2040      0)
"l_i:PIO:pio_inq_dimname_file_dimid"                                                                                 -       6144     6144 4.884480e+06   1.160387e+03     0.251 (     6      0)     0.067 (  2076      0)
"l_i:PIO:initdecomp"                                                                                                 -       6144     6144 1.597440e+05   4.327285e+04     7.237 (  1448      0)     6.725 (  5061      0)
"l_i:PIO:PIOc_initdecomp"                                                                                            -       6144     6144 1.597440e+05   4.325434e+04     7.234 (  1448      0)     6.721 (  5061      0)
"l_i:PIO:box_rearrange_create"                                                                                       -       6144     6144 1.597440e+05   4.039048e+04     6.575 (  6135      0)     6.565 (  3995      0)
"l_i:PIO:pio_swapm"                                                                                                  -       6144     6144 1.824768e+06   6.296383e+05   108.530 (  2098      0)    37.373 (   252      0)
"l_i:PIO:read_darray_1d_double"                                                                                      -       6144     6144 5.038080e+05   2.489912e+05    40.797 (  2075      0)    38.858 (  2044      0)
"l_i:PIO:PIOc_read_darray"                                                                                           -       6144     6144 1.345536e+06   6.302166e+05   103.310 (  2064      0)    99.876 (  2044      0)
"l_i:PIO:read_darray_nc"                                                                                             -       6144     6144 1.345536e+06   3.084686e+04    69.444 (    96      0)     0.000 (  1699      0)
"l_i:PIO:rearrange_io2comp"                                                                                          -       6144     6144 1.345536e+06   5.966008e+05   102.953 (  2067      0)    32.526 (   252      0)
"l_i:PIO:pio_inquire_file"                                                                                           -       6144     6144 1.769472e+06   2.862794e+02     0.078 (  1667      0)     0.016 (  2076      0)
"l_i:PIO:pio_inq_ndims_file"                                                                                         -       6144     6144 1.769472e+06   2.858876e+02     0.078 (  1667      0)     0.016 (  2076      0)
"l_i:PIO:read_darray_1d_int"                                                                                         -       6144     6144 4.300800e+04   1.334409e+04     2.190 (  3432      0)     2.141 (  2040      0)
"l_i:PIO:read_darray_3d_double"                                                                                      -       6144     6144 1.105920e+05   2.883965e+04     4.756 (  2083      0)     4.554 (  2041      0)
"l_i:PIO:read_darray_3d_int"                                                                                         -       6144     6144 6.144000e+03   1.199530e+03     0.200 (  3372      0)     0.187 (   628      0)
"l_i:PIO:read_darray_4d_double"                                                                                      -       6144     6144 8.601600e+04   5.575995e+04     9.129 (  2051      0)     8.964 (  2040      0)
"l_i:PIO:get_var_1d_text"                                                                                            -       6144     6144 1.228800e+04   9.345549e+01     0.043 (  2221      0)     0.007 (    25      0)
"l_i:PIO:get_var_1d_double"                                                                                          -       6144     6144 8.847360e+05   3.295582e+03     0.564 (     1      0)     0.437 (  1178      0)
"l_i:PIO:get_var_0d_double"                                                                                          -       6144     6144 6.144000e+04   1.441425e+02     0.024 (  1361      0)     0.014 (  5401      0)
"l_i:PIO:read_darray_2d_double"                                                                                      -       6144     6144 5.713920e+05   2.788588e+05    45.735 (  2159      0)    44.117 (  1072      0)
"l_i:PIO:read_darray_2d_int"                                                                                         -       6144     6144 2.457600e+04   3.226389e+03     0.540 (  4536      0)     0.445 (  5408      0)
"l_i:gather_1darray_int_total"                                                                                       -       6144     6144 3.072000e+04   3.600809e+03     1.381 (     0      0)     0.210 (    86      0)
"l_i:scatter_1darray_int_total"                                                                                      -       6144     6144 3.072000e+04   9.453620e+03     1.886 (     1      0)     0.715 (     0      0)
"l_i:init_filters"                                                                                                   -       6144     6144 6.144000e+03   1.961421e+01     0.225 (  5052      0)     0.000 (  2964      0)
"l_i:elm_init2"                                                                                                      -       6144     6144 6.144000e+03   5.959427e+05    97.129 (  5052      0)    96.958 (    92      0)
"l_i:init_orbd"                                                                                                      -       6144     6144 6.144000e+03   1.062371e+01     0.038 (  5715      0)     0.000 (  6067      0)
"l_i:PIO:get_var_0d_int"                                                                                             -       6144     6144 1.290240e+05   1.601614e+03     0.506 (   856      0)     0.231 (  3730      0)
"l_i:PIO:get_var_2d_double"                                                                                          -       6144     6144 7.372800e+04   4.745622e+02     0.078 (    54      0)     0.073 (  5719      0)
"l_i:PIO:get_var_3d_double"                                                                                          -       6144     6144 2.457600e+04   1.319793e+02     0.030 (  1848      0)     0.017 (   182      0)
"l_i:init_accflds"                                                                                                   -       6144     6144 6.144000e+03   9.747791e+00     0.028 (   199      0)     0.001 (  2020      0)
"l_i:init_dyn_subgrid"                                                                                               -       6144     6144 6.144000e+03   9.282376e+01     0.027 (  5551      0)     0.002 (   840      0)
"l_i:subgridRest_write-read"                                                                                         -       6144     6144 6.144000e+03   5.829863e+04     9.498 (  4056      0)     9.451 (  1030      0)
"l_i:init_map2gc"                                                                                                    -       6144     6144 6.144000e+03   1.141143e+01     0.079 (  5061      0)     0.001 (  3441      0)
"l_i:init_elm_interface_data & pflotran"                                                                             -       6144     6144 6.144000e+03   1.156365e-03     0.000 (  2461      0)     0.000 (  2969      0)
"l_i:init_wlog"                                                                                                      -       6144     6144 6.144000e+03   1.655790e-02     0.015 (     0      0)     0.000 (  4862      0)
"l_i:elm_init3"                                                                                                      -       6144     6144 6.144000e+03   8.378923e-03     0.000 (  4474      0)     0.000 (  1372      0)
"CPL:comp_init_cc_rof"                                                                                               -       6144     6144 6.144000e+03   3.194265e+01     0.005 (  3377      0)     0.001 (  3102      0)
"r_i:comp_init"                                                                                                      -       6144     6144 6.144000e+03   4.277554e-01     0.001 (    47      0)     0.000 (   636      0)
"CPL:comp_init_cc_ocn"                                                                                               -       6144     6144 6.144000e+03   2.400604e+05    39.128 (    40      0)    38.979 (   229      0)
"o_i:comp_init"                                                                                                      -       6144     6144 6.144000e+03   2.400039e+05    39.125 (    40      0)    38.959 (   263      0)
"o_i:docn_readnml"                                                                                                   -       6144     6144 6.144000e+03   4.643885e+03     0.779 (  3671      0)     0.099 (     0      0)
"o_i:DOCN_INIT"                                                                                                      -       6144     6144 6.144000e+03   2.353196e+05    38.965 (    11      0)    38.275 (  5402      0)
"o_i:docn_strdata_init"                                                                                              -       6144     6144 6.144000e+03   2.336317e+05    38.678 (    11      0)    37.915 (  2656      0)
"o_i:PIO:initdecomp"                                                                                                 -       6144     6144 1.843200e+04   2.738371e+03     0.460 (     4      0)     0.426 (     0      0)
"o_i:PIO:PIOc_initdecomp"                                                                                            -       6144     6144 1.843200e+04   2.738317e+03     0.460 (     4      0)     0.426 (     0      0)
"o_i:PIO:box_rearrange_create"                                                                                       -       6144     6144 1.843200e+04   2.601484e+03     0.424 (  3548      0)     0.423 (   892      0)
"o_i:PIO:pio_swapm"                                                                                                  -       6144     6144 6.758400e+04   2.961054e+03     0.565 (  2145      0)     0.349 (     0      0)
"o_i:docn_initgsmaps"                                                                                                -       6144     6144 6.144000e+03   1.936114e+00     0.000 (  3616      0)     0.000 (  1872      0)
"o_i:docn_initmctdom"                                                                                                -       6144     6144 6.144000e+03   2.179902e+00     0.019 (   696      0)     0.000 (  5938      0)
"o_i:docn_initmctavs"                                                                                                -       6144     6144 6.144000e+03   5.732292e+00     0.032 (  3103      0)     0.000 (  5732      0)
"o_i:DOCN_RUN"                                                                                                       -       6144     6144 6.144000e+03   1.676708e+03     0.381 (  2657      0)     0.238 (   203      0)
"o_i:docn_run1"                                                                                                      -       6144     6144 6.144000e+03   4.991622e-03     0.000 (   197      0)     0.000 (  2274      0)
"o_i:docn"                                                                                                           -       6144     6144 6.144000e+03   1.676503e+03     0.381 (  2657      0)     0.238 (   203      0)
"o_i:docn_strdata_advance"                                                                                           -       6144     6144 6.144000e+03   1.673962e+03     0.381 (  2656      0)     0.238 (   203      0)
"o_i:docn_strd_adv_total"                                                                                            -       6144     6144 6.144000e+03   1.673751e+03     0.381 (  2656      0)     0.237 (   203      0)
"o_i:docn_strd_adv_readLBUB"                                                                                         -       6144     6144 6.144000e+03   1.373774e+03     0.345 (  2658      0)     0.162 (   194      0)
"o_i:docn_readLBUB_setup"                                                                                            -       6144     6144 6.144000e+03   1.845508e-03     0.000 (  4474      0)     0.000 (  1370      0)
"o_i:docn_readLBUB_fbound"                                                                                           -       6144     6144 6.144000e+03   3.896011e-03     0.003 (     0      0)     0.000 (  1507      0)
"o_i:docn_readLBUB_bcast"                                                                                            -       6144     6144 6.144000e+03   8.590317e+01     0.099 (  2654      0)     0.000 (  4672      0)
"o_i:docn_readLBUB_LB_setup"                                                                                         -       6144     6144 6.144000e+03   6.668905e-04     0.000 (     0      0)     0.000 (  2641      0)
"o_i:docn_readLBUB_LB_readpio"                                                                                       -       6144     6144 6.144000e+03   9.232753e+02     0.193 (  2904      0)     0.106 (   194      0)
"o_i:PIO:openfile"                                                                                                   -       6144     6144 6.144000e+03   6.236781e+02     0.125 (  2748      0)     0.052 (  4862      0)
"o_i:PIO:pio_inq_varid_file_vdesc"                                                                                   -       6144     6144 2.457600e+04   4.879278e+00     0.001 (   761      0)     0.000 (   705      0)
"o_i:PIO:pio_inq_varid_file_vid"                                                                                     -       6144     6144 2.457600e+04   4.867690e+00     0.001 (   759      0)     0.000 (   705      0)
"o_i:PIO:pio_inq_varndims_file_vdesc"                                                                                -       6144     6144 1.228800e+04   1.079476e+01     0.038 (   553      0)     0.000 (  2781      0)
"o_i:PIO:pio_inq_varndims_file_vid"                                                                                  -       6144     6144 1.228800e+04   1.078739e+01     0.038 (   554      0)     0.000 (  2781      0)
"o_i:PIO:pio_inq_vardimid_file_vdesc"                                                                                -       6144     6144 1.228800e+04   1.002038e+01     0.002 (     5      0)     0.001 (  2975      0)
"o_i:PIO:pio_inq_vardimid_file_vid"                                                                                  -       6144     6144 1.228800e+04   1.001416e+01     0.002 (     5      0)     0.001 (  2862      0)
"o_i:PIO:pio_inq_dimlen_file_dimid"                                                                                  -       6144     6144 3.686400e+04   6.321112e+00     0.001 (    83      0)     0.001 (  5512      0)
"o_i:PIO:pio_inq_dimlen_file_dimid_offlen"                                                                           -       6144     6144 3.686400e+04   6.309894e+00     0.001 (    78      0)     0.001 (  5512      0)
"o_i:PIO:pio_inq_vartype_file_vdesc"                                                                                 -       6144     6144 1.228800e+04   4.948676e+00     0.001 (   680      0)     0.000 (   706      0)
"o_i:PIO:pio_inq_vartype_file_vid"                                                                                   -       6144     6144 1.228800e+04   4.941318e+00     0.001 (   167      0)     0.000 (   706      0)
"o_i:PIO:read_darray_1d_real"                                                                                        -       6144     6144 1.228800e+04   5.496165e+02     0.149 (  2147      0)     0.033 (  2199      0)
"o_i:PIO:PIOc_read_darray"                                                                                           -       6144     6144 1.228800e+04   5.495828e+02     0.149 (  2147      0)     0.033 (  2199      0)
"o_i:PIO:read_darray_nc"                                                                                             -       6144     6144 1.228800e+04   4.110587e+01     0.145 (  3012      0)     0.000 (  5103      0)
"o_i:PIO:rearrange_io2comp"                                                                                          -       6144     6144 1.228800e+04   4.912488e+02     0.146 (  2147      0)     0.001 (   576      0)
"o_i:docn_readLBUB_UB_setup"                                                                                         -       6144     6144 6.144000e+03   4.203867e-03     0.000 (     0      0)     0.000 (  3226      0)
"o_i:docn_readLBUB_UB_readpio"                                                                                       -       6144     6144 6.144000e+03   3.635128e+02     0.102 (  3698      0)     0.019 (   630      0)
"o_i:docn_readLBUB_filemgt"                                                                                          -       6144     6144 6.144000e+03   1.254410e-03     0.000 (  3368      0)     0.000 (  1032      0)
"o_i:docn_strd_adv_fill"                                                                                             -       6144     6144 6.144000e+03   8.385190e-01     0.002 (   939      0)     0.000 (  1390      0)
"o_i:docn_strd_adv_map"                                                                                              -       6144     6144 6.144000e+03   2.943518e+02     0.079 (  1169      0)     0.003 (  3706      0)
"o_i:docn_strd_adv_tint"                                                                                             -       6144     6144 6.144000e+03   3.417629e+00     0.046 (  1858      0)     0.000 (   760      0)
"o_i:docn_scatter"                                                                                                   -       6144     6144 6.144000e+03   9.606477e-01     0.000 (   396      0)     0.000 (   416      0)
"o_i:docn_datamode"                                                                                                  -       6144     6144 6.144000e+03   7.147018e-01     0.003 (  5943      0)     0.000 (   416      0)
"o_i:docn_run2"                                                                                                      -       6144     6144 6.144000e+03   1.854472e-01     0.009 (  6125      0)     0.000 (  2652      0)
"CPL:comp_init_cc_ice"                                                                                               -       6144     6144 6.144000e+03   2.557719e+05    41.653 (  5897      0)    41.572 (    37      0)
"i_i:comp_init"                                                                                                      -       6144     6144 6.144000e+03   2.554527e+05    41.649 (  1633      0)    41.452 (    45      0)
"i_i:cice_init"                                                                                                      -       6144     6144 6.144000e+03   2.854061e+04     4.724 (  1200      0)     4.603 (  5369      0)
"i_i:ice_HaloUpdate2DR8"                                                                                             -       6144     6144 2.457600e+04   3.493862e+01     0.243 (     1      0)     0.000 (   118      0)
"i_i:ice_HU2DR8_init"                                                                                                -       6144     6144 2.457600e+04   1.721891e-02     0.000 (  2734      0)     0.000 (  2586      0)
"i_i:state_bound_h1"                                                                                                 -       6144     6144 6.144000e+03   3.886790e+00     0.079 (  1200      0)     0.000 (   831      0)
"i_i:ice_HaloUpdate3DR8"                                                                                             -       6144     6144 3.072000e+04   3.903174e+00     0.079 (  1200      0)     0.000 (  5194      0)
"i_i:ice_HU3DR8_init"                                                                                                -       6144     6144 3.072000e+04   8.422218e-01     0.046 (  1194      0)     0.000 (  3256      0)
"i_i:ice_HU3DR8_recvall"                                                                                             -       6144     6144 3.072000e+04   1.602347e+00     0.079 (  1200      0)     0.000 (  5502      0)
"i_i:state_bound_hm"                                                                                                 -       6144     6144 6.144000e+03   1.234681e-01     0.001 (   181      0)     0.000 (  5099      0)
"i_i:state_bound_hc"                                                                                                 -       6144     6144 6.144000e+03   3.794740e-02     0.000 (  2922      0)     0.000 (  2627      0)
"i_i:state_bound_h2"                                                                                                 -       6144     6144 6.144000e+03   1.713245e+00     0.006 (  1638      0)     0.000 (  5051      0)
"i_i:ice_HaloUpdate4DR8"                                                                                             -       6144     6144 6.144000e+03   7.964321e-01     0.004 (  1638      0)     0.000 (  2039      0)
"i_i:ice_HU4DR8_init"                                                                                                -       6144     6144 6.144000e+03   5.205786e-01     0.002 (  4868      0)     0.000 (  1231      0)
"i_i:ice_HU4DR8_recvall"                                                                                             -       6144     6144 6.144000e+03   6.611889e-04     0.000 (  2634      0)     0.000 (  4587      0)
"i_i:state_bound_hd"                                                                                                 -       6144     6144 6.144000e+03   3.271124e-03     0.000 (  1826      0)     0.000 (  3060      0)
"i_i:cice_mct_init"                                                                                                  -       6144     6144 6.144000e+03   2.268903e+05    37.001 (  5363      0)    36.798 (    85      0)
"i_i:PIO:initdecomp"                                                                                                 -       6144     6144 1.843200e+04   4.431477e+03     3.100 (     4      0)     0.445 (  2705      0)
"i_i:PIO:PIOc_initdecomp"                                                                                            -       6144     6144 1.843200e+04   4.431418e+03     3.100 (     5      0)     0.445 (  2705      0)
"i_i:PIO:box_rearrange_create"                                                                                       -       6144     6144 1.843200e+04   2.730260e+03     0.445 (   717      0)     0.444 (  4409      0)
"i_i:PIO:pio_swapm"                                                                                                  -       6144     6144 5.529600e+04   2.581119e+03     0.439 (  5664      0)     0.359 (   568      0)
"CPL:comp_init_cc_glc"                                                                                               -       6144     6144 6.144000e+03   2.779501e+01     0.006 (  4564      0)     0.001 (  1850      0)
"g_i:comp_init"                                                                                                      -       6144     6144 6.144000e+03   8.684076e-03     0.000 (  4468      0)     0.000 (   801      0)
"CPL:comp_init_cc_wav"                                                                                               -       6144     6144 6.144000e+03   2.682174e+01     0.005 (  2438      0)     0.001 (  1848      0)
"w_i:comp_init"                                                                                                      -       6144     6144 6.144000e+03   4.482055e-03     0.000 (  6059      0)     0.000 (  2074      0)
"CPL:comp_init_cc_esp"                                                                                               -       6144     6144 6.144000e+03   2.427442e+01     0.004 (  2604      0)     0.000 (  1869      0)
"e_i:comp_init"                                                                                                      -       6144     6144 6.144000e+03   4.658671e-03     0.000 (  4867      0)     0.000 (  5392      0)
"CPL:comp_init_cx_all"                                                                                               -       6144     6144 6.144000e+03   1.549544e+03     0.257 (   477      0)     0.232 (  6124      0)
"CPL:comp_list_all"                                                                                                  -       6144     6144 6.144000e+03   2.959226e-01     0.003 (   661      0)     0.000 (  3790      0)
"CPL:init_maps"                                                                                                      -       6144     6144 6.144000e+03   1.487827e+02     0.106 (  1969      0)     0.017 (  1581      0)
"CPL:init_aream"                                                                                                     -       6144     6144 6.144000e+03   2.803202e+01     0.093 (  2262      0)     0.000 (  1422      0)
"CPL:init_domain_check"                                                                                              -       6144     6144 6.144000e+03   6.021788e+02     0.109 (  1422      0)     0.016 (  1973      0)
"CPL:init_areacor"                                                                                                   -       6144     6144 6.144000e+03   2.053354e+02     0.033 (  2753      0)     0.033 (  4855      0)
"CPL:init_fracs"                                                                                                     -       6144     6144 6.144000e+03   9.073712e+01     0.060 (     0      0)     0.001 (  1526      0)
"CPL:init_aoflux"                                                                                                    -       6144     6144 6.144000e+03   8.242272e+00     0.023 (  4871      0)     0.001 (     0      0)
"CPL:init_atminit"                                                                                                   -       6144     6144 3.686400e+04   1.484979e+02     0.067 (   446      0)     0.003 (  5067      0)
"CPL:comp_init_cc_atm2"                                                                                              -       6144     6144 6.144000e+03   2.353381e+02     0.072 (  2676      0)     0.008 (    51      0)
"CPL:init_readrestart"                                                                                               -       6144     6144 6.144000e+03   1.121690e+00     0.006 (  1969      0)     0.000 (  4756      0)
"CPL:cime_run_init"                                                                                                  -       6144     6144 6.144000e+03   1.173639e+00     0.013 (     0      0)     0.000 (  2965      0)
"CPL:INIT_sync1_tprf"                                                                                                -       6144     6144 6.144000e+03   8.087042e+01     0.013 (  5861      0)     0.000 (     0      0)
"CPL:INIT_t_prf"                                                                                                     -       6144     6144 6.144000e+03   2.835168e+00     0.205 (     0      0)     0.000 (  1019      0)
"CPL:INIT_sync2_tprf"                                                                                                -       6144     6144 6.144000e+03   1.256208e+03     0.205 (  1019      0)     0.000 (     0      0)
"CPL:RUN_LOOP_BSTART"                                                                                                -       6144     6144 6.144000e+03   2.346546e-01     0.000 (  1178      0)     0.000 (   583      0)
"CPL:RUN_LOOP"                                                                                                       -       6144     6144 2.654208e+06   3.075324e+06   500.546 (  4391      0)   500.538 (  1090      0)
"CPL:CLOCK_ADVANCE"                                                                                                  -       6144     6144 2.654208e+06   2.278166e+02     0.045 (  5448      0)     0.036 (  1317      0)
"CPL:RUN"                                                                                                            -       6144     6144 3.184435e+07   4.286582e+04    12.451 (   665      0)     2.931 (  1449      0)
"CPL:OCNPRE1"                                                                                                        -       6144     6144 2.654208e+06   2.013803e+03     0.402 (  5671      0)     0.272 (  2954      0)
"CPL:ocnpre1_atm2ocn"                                                                                                -       6144     6144 2.654208e+06   2.011128e+03     0.401 (  5671      0)     0.271 (  2954      0)
"CPL:LNDPREP"                                                                                                        -       6144     6144 2.654208e+06   5.549776e+02     0.150 (   709      0)     0.036 (  2758      0)
"CPL:lndprep_atm2lnd"                                                                                                -       6144     6144 2.654208e+06   3.548443e+02     0.112 (   709      0)     0.028 (  1450      0)
"CPL:lndprep_mrgx2l"                                                                                                 -       6144     6144 2.654208e+06   1.938831e+02     0.048 (   151      0)     0.003 (  2761      0)
"CPL:COMM"                                                                                                           -       6144     6144 1.857331e+07   1.676128e+05    45.413 (  3312      0)    11.302 (   423      0)
"CPL:C2L"                                                                                                            -       6144     6144 2.654208e+06   2.246420e+03     0.450 (  1071      0)     0.289 (   709      0)
"CPL:c2l_lndx2lndl"                                                                                                  -       6144     6144 2.654208e+06   1.027139e+03     0.231 (  4265      0)     0.101 (  1221      0)
"CPL:c2l_infoexch"                                                                                                   -       6144     6144 2.654208e+06   1.214682e+03     0.317 (  1077      0)     0.087 (   742      0)
"CPL:ICEPREP"                                                                                                        -       6144     6144 2.654208e+06   1.655755e+03     0.295 (  4138      0)     0.261 (  1904      0)
"CPL:iceprep_ocn2ice"                                                                                                -       6144     6144 2.654208e+06   2.732091e+02     0.051 (  1436      0)     0.041 (   902      0)
"CPL:iceprep_atm2ice"                                                                                                -       6144     6144 2.654208e+06   4.909681e+02     0.086 (  4332      0)     0.075 (  5350      0)
"CPL:iceprep_mrgx2i"                                                                                                 -       6144     6144 2.654208e+06   8.784913e+02     0.161 (  1325      0)     0.139 (  1558      0)
"CPL:C2I"                                                                                                            -       6144     6144 2.654208e+06   1.908039e+03     0.335 (  5126      0)     0.259 (  1436      0)
"CPL:c2i_icex2icei"                                                                                                  -       6144     6144 2.654208e+06   4.840682e+02     0.084 (  4138      0)     0.074 (  5323      0)
"CPL:ice_infoexch"                                                                                                   -       6144     6144 2.654208e+06   1.420322e+03     0.259 (  5126      0)     0.176 (  1436      0)
"CPL:ICE_RUN"                                                                                                        -       6144     6144 2.654208e+06   2.354630e+04     5.129 (  4848      0)     3.600 (  2044      0)
"i:cice_run_total"                                                                                                   -       6144     6144 2.654208e+06   2.256680e+04     4.964 (  4848      0)     3.442 (  2044      0)
"i:cice_run_import"                                                                                                  -       6144     6144 2.654208e+06   2.206413e+03     0.434 (  5403      0)     0.332 (  1520      0)
"i:cice_imp_ocn"                                                                                                     -       6144     6144 2.654208e+06   2.010624e+02     0.037 (  1494      0)     0.031 (  3841      0)
"i:cice_imp_atm"                                                                                                     -       6144     6144 2.654208e+06   1.953001e+02     0.050 (  4994      0)     0.031 (  4269      0)
"i:cice_run_initmd"                                                                                                  -       6144     6144 2.654208e+06   5.309498e+03     0.920 (  6130      0)     0.773 (  1185      0)
"i:cice_run_presc"                                                                                                   -       6144     6144 2.654208e+06   3.797691e+03     0.645 (  4201      0)     0.586 (  5873      0)
"i:cice_pice_strd_adv_total"                                                                                         -       6144     6144 2.654208e+06   1.507818e+03     0.256 (  1023      0)     0.235 (   258      0)
"i:cice_pice_strd_adv_readLBUB"                                                                                      -       6144     6144 2.654208e+06   1.099205e+03     0.221 (  1980      0)     0.140 (   745      0)
"i:cice_pice_readLBUB_setup"                                                                                         -       6144     6144 2.654208e+06   8.278658e-01     0.000 (  2520      0)     0.000 (  5026      0)
"i:cice_pice_readLBUB_fbound"                                                                                        -       6144     6144 1.228800e+04   4.842543e-03     0.003 (     0      0)     0.000 (  3296      0)
"i:cice_pice_readLBUB_bcast"                                                                                         -       6144     6144 1.228800e+04   2.555086e+01     0.004 (   873      0)     0.001 (     0      0)
"i:cice_pice_readLBUB_LB_setup"                                                                                      -       6144     6144 6.144000e+03   2.076118e-03     0.000 (     0      0)     0.000 (  2881      0)
"i:cice_pice_readLBUB_LB_readpio"                                                                                    -       6144     6144 6.144000e+03   2.925357e+02     0.126 (  1884      0)     0.021 (     0      0)
"i:PIO:openfile"                                                                                                     -       6144     6144 6.144000e+03   8.024498e+01     0.013 (  6136      0)     0.013 (     0      0)
"i:PIO:pio_inq_varid_file_vdesc"                                                                                     -       6144     6144 3.686400e+04   8.918141e+00     0.002 (  6133      0)     0.001 (    59      0)
"i:PIO:pio_inq_varid_file_vid"                                                                                       -       6144     6144 3.686400e+04   8.903250e+00     0.002 (  6133      0)     0.001 (    59      0)
"i:PIO:pio_inq_varndims_file_vdesc"                                                                                  -       6144     6144 1.843200e+04   1.696194e+01     0.085 (  1334      0)     0.001 (  4090      0)
"i:PIO:pio_inq_varndims_file_vid"                                                                                    -       6144     6144 1.843200e+04   1.695203e+01     0.085 (  1333      0)     0.001 (  4090      0)
"i:PIO:pio_inq_vardimid_file_vdesc"                                                                                  -       6144     6144 1.843200e+04   1.718426e+01     0.003 (   677      0)     0.002 (   171      0)
"i:PIO:pio_inq_vardimid_file_vid"                                                                                    -       6144     6144 1.843200e+04   1.717632e+01     0.003 (   764      0)     0.002 (   171      0)
"i:PIO:pio_inq_dimlen_file_dimid"                                                                                    -       6144     6144 5.529600e+04   1.044928e+01     0.002 (    81      0)     0.001 (   416      0)
"i:PIO:pio_inq_dimlen_file_dimid_offlen"                                                                             -       6144     6144 5.529600e+04   1.043337e+01     0.002 (    81      0)     0.001 (   416      0)
"i:PIO:pio_inq_vartype_file_vdesc"                                                                                   -       6144     6144 1.843200e+04   8.061963e+00     0.002 (   162      0)     0.001 (   219      0)
"i:PIO:pio_inq_vartype_file_vid"                                                                                     -       6144     6144 1.843200e+04   8.054374e+00     0.002 (   162      0)     0.001 (  1534      0)
"i:PIO:read_darray_1d_real"                                                                                          -       6144     6144 1.843200e+04   8.007308e+02     0.188 (  4548      0)     0.006 (  1372      0)
"i:PIO:PIOc_read_darray"                                                                                             -       6144     6144 1.843200e+04   8.006886e+02     0.188 (  4548      0)     0.006 (  1372      0)
"i:PIO:read_darray_nc"                                                                                               -       6144     6144 1.843200e+04   6.087288e+01     0.177 (  6120      0)     0.000 (  4808      0)
"i:PIO:rearrange_io2comp"                                                                                            -       6144     6144 1.843200e+04   7.196735e+02     0.178 (  6109      0)     0.000 (     0      0)
"i:PIO:pio_swapm"                                                                                                    -       6144     6144 1.843200e+04   7.191527e+02     0.178 (  6109      0)     0.000 (     0      0)
"i:cice_pice_readLBUB_UB_setup"                                                                                      -       6144     6144 1.228800e+04   5.468019e-03     0.000 (     0      0)     0.000 (  5457      0)
"i:cice_pice_readLBUB_UB_readpio"                                                                                    -       6144     6144 1.228800e+04   7.719352e+02     0.169 (  4607      0)     0.047 (  1036      0)
"i:cice_pice_readLBUB_filemgt"                                                                                       -       6144     6144 2.654208e+06   5.741754e-01     0.000 (   965      0)     0.000 (  4042      0)
"i:cice_pice_strd_adv_map"                                                                                           -       6144     6144 1.228800e+04   3.375014e+02     0.104 (  1023      0)     0.012 (  3876      0)
"i:cice_pice_strd_adv_tint"                                                                                          -       6144     6144 2.654208e+06   6.007309e+01     0.014 (  3832      0)     0.009 (  2904      0)
"i:cice_run_initflux"                                                                                                -       6144     6144 2.654208e+06   2.176964e+02     0.040 (  4332      0)     0.031 (  1976      0)
"i:cice_run_prepradiation"                                                                                           -       6144     6144 2.654208e+06   8.408482e+01     0.022 (  4856      0)     0.012 (  1931      0)
"i:cice_run_therm1"                                                                                                  -       6144     6144 2.654208e+06   3.446273e+03     1.126 (  4843      0)     0.491 (  1115      0)
"i:cice_run_dyn"                                                                                                     -       6144     6144 2.654208e+06   1.407436e-01     0.000 (  5364      0)     0.000 (  2185      0)
"i:cice_run_radiation"                                                                                               -       6144     6144 2.654208e+06   2.121523e+03     1.184 (  4925      0)     0.250 (  2045      0)
"i:cice_step_radiationib"                                                                                            -       6144     6144 2.654208e+06   1.905374e+03     1.150 (  4925      0)     0.215 (  2045      0)
"i:cice_step_rib_swdedd1"                                                                                            -       6144     6144 2.654208e+06   1.677538e+02     0.051 (  4849      0)     0.011 (  5901      0)
"i:cice_step_rib_swdedd2"                                                                                            -       6144     6144 2.654208e+06   1.315677e+02     0.024 (  4836      0)     0.020 (  1055      0)
"i:cice_step_rib_swdedd7"                                                                                            -       6144     6144 2.654208e+06   1.497635e+03     1.074 (  4925      0)     0.163 (  1871      0)
"i:cice_run_couplingprep"                                                                                            -       6144     6144 2.654208e+06   1.477334e+03     0.319 (  4295      0)     0.221 (  5679      0)
"i:ice_HaloUpdate2DR8"                                                                                               -       6144     6144 2.654208e+06   1.290332e+02     0.102 (  4295      0)     0.008 (  2937      0)
"i:ice_HU2DR8_init"                                                                                                  -       6144     6144 2.654208e+06   2.191445e+00     0.001 (   538      0)     0.000 (  2536      0)
"i:cice_run_diag"                                                                                                    -       6144     6144 2.654208e+06   1.812252e+03     0.307 (   267      0)     0.234 (  4836      0)
"i:cice_run_hist"                                                                                                    -       6144     6144 2.654208e+06   1.369301e+03     0.249 (  5018      0)     0.181 (  5896      0)
"i:cice_run_accum"                                                                                                   -       6144     6144 2.654208e+06   2.779846e+01     0.006 (  2051      0)     0.004 (    20      0)
"i:cice_run_export"                                                                                                  -       6144     6144 2.654208e+06   6.379734e+02     0.121 (  4994      0)     0.095 (   899      0)
"CPL:LND_RUN"                                                                                                        -       6144     6144 2.654208e+06   3.243853e+05    62.565 (   379      0)    43.830 (  6052      0)
"l:lc_lnd_import"                                                                                                    -       6144     6144 2.654208e+06   1.295659e+03     0.294 (  4138      0)     0.095 (  5450      0)
"l:elm_run"                                                                                                          -       6144     6144 2.660352e+06   3.223250e+05    62.259 (   379      0)    43.455 (  6052      0)
"l:shr_orb_decl"                                                                                                     -       6144     6144 2.660352e+06   2.939241e+00     0.001 (  4031      0)     0.000 (   182      0)
"l:decomp_vert"                                                                                                      -       6144     6144 2.660352e+06   4.515457e+01     0.072 (  5677      0)     0.003 (  5231      0)
"l:beggridwbal"                                                                                                      -       6144     6144 2.660352e+06   1.593623e+03     0.330 (    34      0)     0.218 (  3151      0)
"l:cnpinit"                                                                                                          -       6144     6144 2.660352e+06   2.647883e+00     0.001 (   660      0)     0.000 (  5039      0)
"l:cnpvegsumm"                                                                                                       -       6144     6144 2.660352e+06   2.926979e-01     0.000 (  4772      0)     0.000 (  5204      0)
"l:dyn_subgrid"                                                                                                      -       6144     6144 2.660352e+06   9.600761e+03     1.863 (   654      0)     1.361 (  3441      0)
"l:begwbal"                                                                                                          -       6144     6144 2.660352e+06   1.842306e+02     0.048 (   654      0)     0.020 (  3441      0)
"l:begcnpbal"                                                                                                        -       6144     6144 2.660352e+06   3.552798e-01     0.000 (   988      0)     0.000 (  3712      0)
"l:drvinit"                                                                                                          -       6144     6144 2.660352e+06   9.010841e+02     0.181 (   890      0)     0.133 (  3421      0)
"l:canhydro"                                                                                                         -       6144     6144 2.660352e+06   1.700505e+03     0.375 (   191      0)     0.213 (  3151      0)
"l:surfrad"                                                                                                          -       6144     6144 2.660352e+06   3.591398e+03     0.706 (  1117      0)     0.504 (  4021      0)
"l:bgp1"                                                                                                             -       6144     6144 2.660352e+06   1.959272e+03     0.459 (   654      0)     0.239 (  3441      0)
"l:bgflux"                                                                                                           -       6144     6144 2.660352e+06   2.655373e+03     0.571 (   661      0)     0.277 (  1382      0)
"l:canflux"                                                                                                          -       6144     6144 2.660352e+06   1.047250e+05    24.953 (  5034      0)    10.905 (  4067      0)
"l:can_iter"                                                                                                         -       6144     6144 2.660352e+06   8.565162e+04    21.404 (  5034      0)     8.341 (  4067      0)
"l:uflux"                                                                                                            -       6144     6144 2.660352e+06   1.521617e+03     0.485 (   654      0)     0.099 (  5491      0)
"l:bgplake"                                                                                                          -       6144     6144 2.660352e+06   7.927111e+03     1.977 (   186      0)     0.833 (  3860      0)
"l:bgc"                                                                                                              -       6144     6144 2.660352e+06   5.674516e+03     1.177 (  2367      0)     0.729 (  3442      0)
"l:soiltemperature"                                                                                                  -       6144     6144 2.660352e+06   6.919759e+04    13.544 (   654      0)     9.615 (  3280      0)
"l:SoilThermProp"                                                                                                    -       6144     6144 2.660352e+06   3.261126e+03     0.776 (   654      0)     0.377 (  3441      0)
"l:SoilTempBandDiag"                                                                                                 -       6144     6144 5.320704e+06   6.617325e+03     1.768 (   100      0)     0.712 (  5491      0)
"l:PhaseChangeH2osfc"                                                                                                -       6144     6144 2.660352e+06   3.249871e+01     0.010 (   654      0)     0.003 (  3151      0)
"l:PhaseChangebeta"                                                                                                  -       6144     6144 2.660352e+06   1.292517e+03     0.355 (   654      0)     0.112 (  4921      0)
"l:bgp2"                                                                                                             -       6144     6144 2.660352e+06   2.832012e+03     0.578 (   383      0)     0.362 (  3441      0)
"l:bgp2_loop_1"                                                                                                      -       6144     6144 2.660352e+06   4.942569e+02     0.101 (   430      0)     0.065 (  1190      0)
"l:bgp2_loop_2"                                                                                                      -       6144     6144 2.660352e+06   9.455987e+02     0.189 (   383      0)     0.127 (  1190      0)
"l:bgp2_loop_3"                                                                                                      -       6144     6144 2.660352e+06   1.067860e+03     0.236 (  5346      0)     0.121 (  3099      0)
"l:bgp2_loop_4"                                                                                                      -       6144     6144 2.660352e+06   3.085875e+02     0.061 (  1039      0)     0.042 (  3788      0)
"l:patch2col"                                                                                                        -       6144     6144 2.660352e+06   1.356500e+03     0.281 (   654      0)     0.180 (  3441      0)
"l:hydro without drainage"                                                                                           -       6144     6144 2.660352e+06   2.219871e+04     5.068 (   654      0)     2.880 (  4101      0)
"l:hylake"                                                                                                           -       6144     6144 2.660352e+06   2.006405e+03     0.756 (   192      0)     0.260 (    82      0)
"l:snow_init"                                                                                                        -       6144     6144 2.660352e+06   1.398862e+02     0.052 (  1185      0)     0.009 (  4646      0)
"l:ecosysdyn"                                                                                                        -       6144     6144 2.660352e+06   5.020834e+02     0.097 (   430      0)     0.068 (  1190      0)
"l:depvel"                                                                                                           -       6144     6144 5.320704e+06   4.195201e+00     0.031 (  3099      0)     0.000 (  3926      0)
"l:hydro2 drainage"                                                                                                  -       6144     6144 2.660352e+06   1.471321e+03     0.356 (   654      0)     0.172 (  3735      0)
"l:balchk"                                                                                                           -       6144     6144 2.660352e+06   1.784721e+03     0.338 (  4668      0)     0.257 (  1190      0)
"l:gridbalchk"                                                                                                       -       6144     6144 2.660352e+06   1.092700e+03     0.197 (   654      0)     0.161 (    49      0)
"l:lnd2atm"                                                                                                          -       6144     6144 2.660352e+06   7.832151e+03     1.413 (  1039      0)     1.131 (  1190      0)
"l:wrtdiag"                                                                                                          -       6144     6144 2.660352e+06   2.829666e+01     0.033 (     0      0)     0.004 (  4327      0)
"l:hbuf"                                                                                                             -       6144     6144 2.660352e+06   2.971744e+04     5.456 (   654      0)     4.325 (  3151      0)
"l:elm_drv_io"                                                                                                       -       6144     6144 2.660352e+06   2.544764e+01     0.126 (  2196      0)     0.001 (  5114      0)
"l:elm_drv_io_htapes"                                                                                                -       6144     6144 2.660352e+06   2.401284e+01     0.126 (  2196      0)     0.001 (  5315      0)
"l:lc_lnd_export"                                                                                                    -       6144     6144 2.660352e+06   2.643897e+02     0.045 (  4698      0)     0.041 (  3652      0)
"l:lc_elm2_adv_timestep"                                                                                             -       6144     6144 2.660352e+06   1.754989e+00     0.001 (  4474      0)     0.000 (  1200      0)
"l:accum"                                                                                                            -       6144     6144 2.654208e+06   5.632279e+03     0.970 (  5018      0)     0.855 (  1463      0)
"CPL:ATMOCNP"                                                                                                        -       6144     6144 2.654208e+06   4.457075e+03     1.068 (  5062      0)     0.172 (  5898      0)
"CPL:atmocnp_fluxo"                                                                                                  -       6144     6144 2.654208e+06   3.757776e+03     0.961 (  5062      0)     0.051 (  5900      0)
"CPL:atmocnp_ocnalb"                                                                                                 -       6144     6144 2.654208e+06   6.909882e+02     0.151 (  2033      0)     0.087 (  3722      0)
"CPL:L2C"                                                                                                            -       6144     6144 2.654208e+06   1.744388e+04     9.750 (  5541      0)     0.115 (  1406      0)
"CPL:l2c_lndl2lndx"                                                                                                  -       6144     6144 2.654208e+06   1.743215e+04     9.748 (  5541      0)     0.113 (  1406      0)
"lnd2cpl_run"                                                                                                        -       6144     6144 2.654208e+06   7.307711e+00     0.001 (  3942      0)     0.001 (   932      0)
"CPL:LNDPOST"                                                                                                        -       6144     6144 2.654208e+06   2.197455e+00     0.000 (  4723      0)     0.000 (  4188      0)
"CPL:I2C"                                                                                                            -       6144     6144 2.654208e+06   4.963840e+02     0.088 (   163      0)     0.077 (  3164      0)
"CPL:i2c_icei2icex"                                                                                                  -       6144     6144 2.654208e+06   4.865031e+02     0.087 (   163      0)     0.076 (  3164      0)
"CPL:i2c_infoexch"                                                                                                   -       6144     6144 2.654208e+06   4.979789e+00     0.001 (  4163      0)     0.001 (  3225      0)
"CPL:ICEPOST"                                                                                                        -       6144     6144 2.654208e+06   5.772279e-01     0.000 (  3551      0)     0.000 (   174      0)
"CPL:FRACSET"                                                                                                        -       6144     6144 2.654208e+06   6.711151e+02     0.119 (   652      0)     0.106 (  2670      0)
"CPL:fracset_fracset"                                                                                                -       6144     6144 2.654208e+06   6.698311e+02     0.119 (   652      0)     0.106 (  2670      0)
"CPL:ATMPREP"                                                                                                        -       6144     6144 2.654208e+06   3.347731e+04    11.235 (   665      0)     1.263 (  2674      0)
"CPL:atmprep_xao2atm"                                                                                                -       6144     6144 2.654208e+06   1.416411e+03     0.277 (  1813      0)     0.206 (  1384      0)
"CPL:atmprep_ocn2atm"                                                                                                -       6144     6144 2.654208e+06   1.056824e+03     0.204 (  2033      0)     0.158 (  1149      0)
"CPL:atmprep_alb2atm"                                                                                                -       6144     6144 2.654208e+06   4.165020e+02     0.092 (  1805      0)     0.060 (  5110      0)
"CPL:atmprep_ice2atm"                                                                                                -       6144     6144 2.654208e+06   1.747040e+03     0.330 (  2885      0)     0.260 (  5772      0)
"CPL:atmprep_lnd2atm"                                                                                                -       6144     6144 2.654208e+06   2.643224e+04    10.086 (   665      0)     0.177 (  1449      0)
"CPL:atmprep_mrgx2a"                                                                                                 -       6144     6144 2.654208e+06   2.391426e+03     0.444 (  5664      0)     0.361 (  2672      0)
"CPL:C2A"                                                                                                            -       6144     6144 2.654208e+06   3.826263e+04    13.828 (     0      0)     3.177 (  5802      0)
"CPL:c2a_atmx2atmg"                                                                                                  -       6144     6144 2.654208e+06   3.290000e+04    13.395 (     0      0)     2.136 (  5609      0)
"CPL:c2a_infoexch"                                                                                                   -       6144     6144 2.654208e+06   5.358758e+03     2.504 (  1264      0)     0.271 (   156      0)
"CPL:ATM_RUN"                                                                                                        -       6144     6144 2.654208e+06   2.495633e+06   419.865 (  1945      0)   395.731 (  3318      0)
"a:EAMxx::run"                                                                                                       -       6144     6144 2.654208e+06   2.494651e+06   419.706 (  1945      0)   395.570 (  3318      0)
"a:PIO:PIOc_sync"                                                                                                    -       6144     6144 6.144000e+03   1.452546e-01     0.000 (  1692      0)     0.000 (  1350      0)
"a:PIO:write_total"                                                                                                  -       6144     6144 6.144000e+03   1.316465e-01     0.000 (  1692      0)     0.000 (  1350      0)
"a:PIO:flush_output_buffer"                                                                                          -        512      512 5.120000e+02   5.601532e-02     0.000 (  1692      0)     0.000 (  2052      0)
"a:EAMxx::EAMxx::run"                                                                                                -       6144     6144 2.654208e+06   2.494187e+06   419.631 (  1945      0)   395.491 (  3318      0)
"a:EAMxx::EAMxx::run-precondition-checks"                                                                            -       6144     6144 2.654208e+06   9.468382e-01     0.000 (  2851      0)     0.000 (  1394      0)
"a:EAMxx::SurfaceCouplingImporter::run"                                                                              -       6144     6144 2.654208e+06   1.886049e+03     0.458 (  2207      0)     0.287 (  4272      0)
"a:EAMxx::SurfaceCouplingImporter::run-precondition-checks"                                                          -       6144     6144 2.654208e+06   4.729207e-01     0.000 (   762      0)     0.000 (   151      0)
"a:EAMxx::SurfaceCouplingImporter::run-postcondition-checks"                                                         -       6144     6144 2.654208e+06   1.427725e+03     0.384 (  2199      0)     0.212 (  4272      0)
"a:EAMxx::homme::run"                                                                                                -       6144     6144 2.654208e+06   2.278759e+06   370.979 (  3929      0)   370.637 (  2220      0)
"a:EAMxx::homme::run-precondition-checks"                                                                            -       6144     6144 2.654208e+06   5.309901e-01     0.000 (  1279      0)     0.000 (  6099      0)
"a:tl-sc prim_run_subcycle_c"                                                                                        -       6144     6144 5.308416e+06   2.220639e+06   361.761 (  3629      0)   361.083 (  2964      0)
"a:tl-s prim_step_flexible"                                                                                          -       6144     6144 5.308416e+06   2.220613e+06   361.757 (  3629      0)   361.079 (  2964      0)
"a:ApplyCAMForcing_tracers"                                                                                          -       6144     6144 2.654208e+06   4.592640e+03     1.094 (   777      0)     0.654 (  4488      0)
"a:tl-s deep_copy+derived_dp"                                                                                        -       6144     6144 5.308416e+06   8.500800e+02     0.172 (  1182      0)     0.129 (  1770      0)
"a:ApplyCAMForcing_dynamics"                                                                                         -       6144     6144 1.592525e+07   3.927873e+03     0.679 (  1181      0)     0.604 (  4720      0)
"a:tl-ae prim_advance_exp"                                                                                           -       6144     6144 3.185050e+07   1.790082e+06   297.191 (  3056      0)   288.145 (   547      0)
"a:ttype9_imex_timestep"                                                                                             -       6144     6144 3.185050e+07   1.563622e+06   260.490 (  3073      0)   250.941 (  3090      0)
"a:caar compute"                                                                                                     -       6144     6144 3.185050e+08   5.058636e+05    90.129 (  5007      0)    76.009 (  1420      0)
"a:caar_bexchV"                                                                                                      -       6144     6144 1.592525e+08   2.906770e+05    57.673 (  3290      0)    37.700 (   583      0)
"a:caar limiter"                                                                                                     -       6144     6144 1.911030e+08   9.709513e+04    20.509 (  3532      0)    14.319 (  2318      0)
"a:compute_stage_value_dirk"                                                                                         -       6144     6144 1.592525e+08   6.568932e+05   114.687 (  1814      0)   100.394 (  4258      0)
"a:tl-ae advance_hypervis_dp"                                                                                        -       6144     6144 3.185050e+07   2.256882e+05    45.354 (  3090      0)    33.480 (  4072      0)
"a:hvf-bhwk"                                                                                                         -       6144     6144 3.185050e+07   1.188664e+05    22.297 (  5810      0)    17.720 (  3703      0)
"a:hvf-bexch"                                                                                                        -       6144     6144 9.555149e+07   1.200139e+05    28.085 (  3090      0)    16.143 (  4072      0)
"a:tl-sc vertical_remap"                                                                                             -       6144     6144 1.592525e+07   1.585344e+05    27.754 (  2931      0)    24.189 (  5810      0)
"a:Remap Thickness Functor"                                                                                          -       6144     6144 1.592525e+07   6.484603e+03     1.147 (  1911      0)     0.972 (  5810      0)
"a:Remap Scale States Functor"                                                                                       -       6144     6144 1.592525e+07   1.199347e+03     0.212 (  1911      0)     0.184 (  3056      0)
"a:Remap Compute Grids Functor"                                                                                      -       6144     6144 1.592525e+07   8.598759e+03     1.627 (  2568      0)     1.318 (  3056      0)
"a:Remap Compute Remap Functor"                                                                                      -       6144     6144 1.592525e+07   1.176238e+05    20.642 (  2931      0)    17.919 (  5810      0)
"a:Remap Rescale States Functor"                                                                                     -       6144     6144 1.592525e+07   1.795359e+03     0.337 (  3089      0)     0.268 (  1140      0)
"a:tl-at prim_advec_observe_velocity"                                                                                -       6144     6144 1.592525e+07   7.065387e+01     0.015 (  1248      0)     0.010 (  4300      0)
"a:tl-at prim_advec_tracers_compose"                                                                                 -       6144     6144 5.308416e+06   2.327088e+05    40.586 (  4096      0)    32.670 (  3091      0)
"a:compose_transport"                                                                                                -       6144     6144 5.308416e+06   2.326939e+05    40.583 (  4096      0)    32.668 (  3091      0)
"a:compose_calc_trajectory"                                                                                          -       6144     6144 5.308416e+06   2.519086e+04     4.835 (  2932      0)     3.653 (  3091      0)
"a:compose_3d_levels"                                                                                                -       6144     6144 5.308416e+06   1.559075e+04     2.811 (  4261      0)     2.327 (   228      0)
"a:compose_v_bexchv"                                                                                                 -       6144     6144 5.308416e+06   8.714083e+03     2.229 (  3060      0)     0.937 (  5479      0)
"a:compose_v2x"                                                                                                      -       6144     6144 5.308416e+06   8.684693e+02     0.178 (  2376      0)     0.129 (  4258      0)
"a:compose_isl"                                                                                                      -       6144     6144 5.308416e+06   6.239502e+04    13.305 (  4878      0)     8.120 (   295      0)
"a:compose_hypervis_scalar"                                                                                          -       6144     6144 5.308416e+06   6.656673e+04    13.981 (  4637      0)     7.094 (  3055      0)
"a:compose_cedr_global"                                                                                              -       6144     6144 5.308416e+06   5.441510e+04    11.455 (  4037      0)     5.774 (  3041      0)
"a:repro_sum_int"                                                                                                    -       6144     6144 5.308416e+06   4.100508e+04     9.246 (  4037      0)     3.619 (  3041      0)
"a:compose_cedr_local"                                                                                               -       6144     6144 5.308416e+06   8.122032e+03     1.569 (  1446      0)     1.148 (  1010      0)
"a:compose_dss_q"                                                                                                    -       6144     6144 5.308416e+06   1.596640e+04     2.853 (  2027      0)     2.339 (  3890      0)
"a:compose_vertical_remap"                                                                                           -       6144     6144 5.308416e+06   2.963416e+04     5.147 (  2930      0)     4.520 (  1010      0)
"a:shr_reprosum_INF_NaN_Chk"                                                                                         -       6144     6144 5.308416e+06   3.632816e+02     0.060 (  2348      0)     0.058 (  3482      0)
"a:shr_reprosum_int"                                                                                                 -       6144     6144 5.308416e+06   7.167090e+03     1.522 (  3890      0)     0.839 (  5441      0)
"a:repro_sum_loopa"                                                                                                  -       6144     6144 5.308416e+06   1.885886e+02     0.045 (  4781      0)     0.030 (   445      0)
"a:repro_sum_allr_minmax"                                                                                            -       6144     6144 5.308416e+06   5.036714e+03     1.180 (  3890      0)     0.494 (  5441      0)
"a:repro_sum_loopb"                                                                                                  -       6144     6144 5.308416e+06   4.821054e+02     0.079 (  3257      0)     0.077 (  4945      0)
"a:repro_sum_allr_i8"                                                                                                -       6144     6144 5.308416e+06   1.428495e+03     0.238 (   313      0)     0.225 (  1979      0)
"a:repro_sum_finalsum"                                                                                               -       6144     6144 5.308416e+06   5.044816e+00     0.003 (  4860      0)     0.001 (  1673      0)
"a:EAMxx::homme::run-postcondition-checks"                                                                           -       6144     6144 2.654208e+06   3.814539e+03     0.638 (  1825      0)     0.585 (   852      0)
"a:EAMxx::physics::run"                                                                                              -       6144     6144 2.654208e+06   2.111045e+05    48.034 (  1945      0)    23.873 (  3318      0)
"a:EAMxx::physics::run-precondition-checks"                                                                          -       6144     6144 2.654208e+06   7.213797e-01     0.000 (  5093      0)     0.000 (  1233      0)
"a:EAMxx::mac_aero_mic::run"                                                                                         -       6144     6144 2.654208e+06   6.554501e+04    17.338 (  1950      0)     7.875 (  3718      0)
"a:EAMxx::mac_aero_mic::run-precondition-checks"                                                                     -       6144     6144 2.654208e+06   4.322899e-01     0.000 (  5253      0)     0.000 (   416      0)
"a:EAMxx::tms::run"                                                                                                  -       6144     6144 2.654208e+06   3.803489e+02     0.098 (  1259      0)     0.055 (  3362      0)
"a:EAMxx::tms::run-precondition-checks"                                                                              -       6144     6144 2.654208e+06   3.954035e-01     0.000 (  2689      0)     0.000 (  5857      0)
"a:EAMxx::tms::run-postcondition-checks"                                                                             -       6144     6144 2.654208e+06   2.873762e+02     0.067 (  1872      0)     0.041 (  3362      0)
"a:EAMxx::shoc::run"                                                                                                 -       6144     6144 2.654208e+06   2.322419e+04     4.332 (  1075      0)     3.358 (  4258      0)
"a:EAMxx::shoc::run-precondition-checks"                                                                             -       6144     6144 2.654208e+06   4.057694e-01     0.000 (   839      0)     0.000 (  2217      0)
"a:EAMxx::shoc::run-postcondition-checks"                                                                            -       6144     6144 2.654208e+06   3.942254e+03     0.663 (   235      0)     0.602 (  2626      0)
"a:EAMxx::cld_fraction::run"                                                                                         -       6144     6144 2.654208e+06   1.352938e+03     0.250 (  5407      0)     0.205 (  2652      0)
"a:EAMxx::cld_fraction::run-precondition-checks"                                                                     -       6144     6144 2.654208e+06   7.059174e-01     0.000 (  5790      0)     0.000 (  5589      0)
"a:EAMxx::cld_fraction::run-postcondition-checks"                                                                    -       6144     6144 2.654208e+06   1.241013e+03     0.210 (  1315      0)     0.188 (  2652      0)
"a:EAMxx::spa::run"                                                                                                  -       6144     6144 2.654208e+06   1.192979e+04     2.106 (  1192      0)     1.698 (  3025      0)
"a:EAMxx::spa::run-precondition-checks"                                                                              -       6144     6144 2.654208e+06   4.346390e-01     0.000 (  5832      0)     0.000 (  1770      0)
"a:EAMxx::spa::run-postcondition-checks"                                                                             -       6144     6144 2.654208e+06   8.452928e+03     1.516 (  1192      0)     1.137 (  3025      0)
"a:EAMxx::p3::run"                                                                                                   -       6144     6144 2.654208e+06   2.856831e+04    11.559 (  1950      0)     1.925 (  3722      0)
"a:EAMxx::p3::run-precondition-checks"                                                                               -       6144     6144 2.654208e+06   4.410804e+02     0.183 (  2656      0)     0.065 (  1140      0)
"a:EAMxx::p3::run-postcondition-checks"                                                                              -       6144     6144 2.654208e+06   6.533122e+03     1.126 (  5371      0)     0.941 (  2656      0)
"a:EAMxx::mac_aero_mic::run-postcondition-checks"                                                                    -       6144     6144 2.654208e+06   5.580536e-01     0.000 (  1217      0)     0.000 (  1338      0)
"a:EAMxx::rrtmgp::run"                                                                                               -       6144     6144 2.654208e+06   1.454788e+05    33.333 (  1590      0)    14.940 (  2879      0)
"a:EAMxx::rrtmgp::run-precondition-checks"                                                                           -       6144     6144 2.654208e+06   2.020935e+02     0.035 (  4717      0)     0.030 (  1140      0)
"a:EAMxx::rrtmgp::run-postcondition-checks"                                                                          -       6144     6144 2.654208e+06   5.144728e+03     0.913 (  2857      0)     0.786 (  1088      0)
"a:EAMxx::physics::run-postcondition-checks"                                                                         -       6144     6144 2.654208e+06   3.649942e-01     0.000 (  3089      0)     0.000 (  1526      0)
"a:EAMxx::SurfaceCouplingExporter::run"                                                                              -       6144     6144 2.654208e+06   2.226972e+03     0.433 (  3703      0)     0.333 (  2998      0)
"a:EAMxx::SurfaceCouplingExporter::run-precondition-checks"                                                          -       6144     6144 2.654208e+06   7.172247e-01     0.000 (  5583      0)     0.000 (  2967      0)
"a:EAMxx::SurfaceCouplingExporter::run-postcondition-checks"                                                         -       6144     6144 2.654208e+06   8.402682e-01     0.000 (    50      0)     0.000 (  2560      0)
"a:EAMxx::EAMxx::run-postcondition-checks"                                                                           -       6144     6144 2.654208e+06   3.618053e-01     0.000 (  3248      0)     0.000 (  5299      0)
"a:EAMxx::IO::restart"                                                                                               -       6144     6144 2.654208e+06   1.277745e+01     0.003 (  1637      0)     0.002 (  1383      0)
"a:EAMxx::IO::model_restart"                                                                                         -       6144     6144 2.654208e+06   1.046293e+01     0.003 (  1637      0)     0.001 (  4692      0)
"a:EAMxx::IO::restart::get_new_file"                                                                                 -       6144     6144 2.654208e+06   3.011297e-01     0.000 (  2466      0)     0.000 (  2182      0)
"a:EAMxx::IO::restart::run_output_streams"                                                                           -       6144     6144 2.654208e+06   3.977297e+00     0.002 (  1637      0)     0.000 (  5957      0)
"a:EAMxx::IO::standard"                                                                                              -       6144     6144 2.654208e+06   6.257528e+00     0.001 (  4515      0)     0.001 (  2302      0)
"a:EAMxx::IO::nooutput.yaml"                                                                                         -       6144     6144 2.654208e+06   4.675073e+00     0.001 (  4492      0)     0.000 (  2302      0)
"a:EAMxx::IO::standard::get_new_file"                                                                                -       6144     6144 2.654208e+06   1.303547e-01     0.000 (  3630      0)     0.000 (  2183      0)
"a:EAMxx::IO::standard::run_output_streams"                                                                          -       6144     6144 2.654208e+06   4.101674e-01     0.000 (  4063      0)     0.000 (  3224      0)
"CPL:A2C"                                                                                                            -       6144     6144 2.654208e+06   8.943678e+04    25.096 (  3318      0)     2.012 (  1945      0)
"CPL:a2c_atma2atmx"                                                                                                  -       6144     6144 2.654208e+06   6.203948e+04    23.410 (  4284      0)     0.362 (  1450      0)
"CPL:a2c_infoexch"                                                                                                   -       6144     6144 2.654208e+06   2.739073e+04    13.567 (  3519      0)     0.053 (     0      0)
"CPL:ATMPOST"                                                                                                        -       6144     6144 2.654208e+06   1.427907e+00     0.000 (  2311      0)     0.000 (  2947      0)
"CPL:HISTORY"                                                                                                        -       6144     6144 2.654208e+06   6.600167e+00     0.001 (  5232      0)     0.001 (  6014      0)
"CPL:cime_run_write_history"                                                                                         -       6144     6144 2.654208e+06   5.221363e+00     0.001 (  5220      0)     0.001 (  6014      0)
"CPL:TSTAMP_WRITE"                                                                                                   -       6144     6144 2.654208e+06   1.952785e+00     0.002 (  1462      0)     0.000 (  2296      0)
"CPL:TPROF_WRITE"                                                                                                    -       6144     6144 2.654208e+06   8.023766e-01     0.000 (  4836      0)     0.000 (  3437      0)
"CPL:C2O_INITWAIT"                                                                                                   -       6144     6144 2.648064e+06   1.963730e+04     6.884 (     5      0)     1.133 (  4777      0)
"l:interpMonthlyVeg"                                                                                                 -       6144     6144 2.648064e+06   1.257131e+04     2.053 (  3480      0)     2.035 (  1559      0)
"l:readMonthlyVeg"                                                                                                   -       6144     6144 6.144000e+03   1.256491e+04     2.053 (  3480      0)     2.023 (   196      0)
"l:PIO:openfile"                                                                                                     -       6144     6144 6.144000e+03   4.090132e+02     0.090 (   749      0)     0.014 (  5945      0)
"l:PIO:pio_inq_varid_file_vdesc"                                                                                     -       6144     6144 4.915200e+04   2.143983e+01     0.008 (  4438      0)     0.000 (  2049      0)
"l:PIO:pio_inq_varid_file_vid"                                                                                       -       6144     6144 4.915200e+04   2.142097e+01     0.008 (  4438      0)     0.000 (    64      0)
"l:PIO:pio_inq_varndims_file_vdesc"                                                                                  -       6144     6144 4.915200e+04   1.721014e+01     0.094 (  2042      0)     0.001 (  2051      0)
"l:PIO:pio_inq_varndims_file_vid"                                                                                    -       6144     6144 4.915200e+04   1.719561e+01     0.094 (  2042      0)     0.001 (  2051      0)
"l:PIO:pio_inq_vardimid_file_vdesc"                                                                                  -       6144     6144 4.915200e+04   4.088907e+01     0.009 (    46      0)     0.002 (  2090      0)
"l:PIO:pio_inq_vardimid_file_vid"                                                                                    -       6144     6144 4.915200e+04   4.087663e+01     0.009 (    46      0)     0.002 (  2041      0)
"l:PIO:pio_inq_dimname_file_dimid"                                                                                   -       6144     6144 4.177920e+05   1.073503e+02     0.022 (   606      0)     0.003 (  2088      0)
"l:PIO:pio_inq_dimlen_file_dimid"                                                                                    -       6144     6144 9.830400e+04   1.722371e+01     0.003 (  1040      0)     0.001 (  2088      0)
"l:PIO:pio_inq_dimlen_file_dimid_offlen"                                                                             -       6144     6144 9.830400e+04   1.720144e+01     0.003 (  1039      0)     0.001 (  2088      0)
"l:PIO:pio_inquire_file"                                                                                             -       6144     6144 1.843200e+05   3.156629e+01     0.006 (    26      0)     0.001 (  2097      0)
"l:PIO:pio_inq_ndims_file"                                                                                           -       6144     6144 1.843200e+05   3.152789e+01     0.006 (    26      0)     0.001 (  2088      0)
"l:PIO:initdecomp"                                                                                                   -       6144     6144 6.144000e+03   1.596350e+03     0.260 (  5988      0)     0.260 (  1632      0)
"l:PIO:PIOc_initdecomp"                                                                                              -       6144     6144 6.144000e+03   1.596183e+03     0.260 (  3784      0)     0.260 (  1632      0)
"l:PIO:box_rearrange_create"                                                                                         -       6144     6144 6.144000e+03   1.593453e+03     0.259 (  3790      0)     0.259 (  1632      0)
"l:PIO:pio_swapm"                                                                                                    -       6144     6144 6.758400e+04   1.116635e+04     1.933 (  2094      0)     0.758 (   756      0)
"l:PIO:read_darray_3d_double"                                                                                        -       6144     6144 4.915200e+04   1.017937e+04     1.692 (  2100      0)     1.581 (  2044      0)
"l:PIO:PIOc_read_darray"                                                                                             -       6144     6144 4.915200e+04   1.017925e+04     1.692 (  2100      0)     1.581 (  2044      0)
"l:PIO:read_darray_nc"                                                                                               -       6144     6144 4.915200e+04   3.999200e+02     1.080 (   756      0)     0.000 (  2507      0)
"l:PIO:rearrange_io2comp"                                                                                            -       6144     6144 4.915200e+04   9.716227e+03     1.688 (  2051      0)     0.551 (   756      0)
"l:PIO:closefile"                                                                                                    -       6144     6144 6.144000e+03   3.022912e+00     0.015 (   240      0)     0.000 (   910      0)
"l:PIO:PIOc_closefile"                                                                                               -       6144     6144 6.144000e+03   3.015007e+00     0.015 (   240      0)     0.000 (  5350      0)
"l:surfalb"                                                                                                          -       6144     6144 2.648064e+06   2.131226e+04     4.130 (  3594      0)     2.880 (   805      0)
"l:urbsurfalb"                                                                                                       -       6144     6144 2.648064e+06   4.062321e+03     0.763 (  2987      0)     0.553 (    49      0)
"CPL:OCNT_RUN"                                                                                                       -       6144     6144 2.648064e+06   1.334477e+03     0.331 (     0      0)     0.160 (  5652      0)
"o:DOCN_RUN"                                                                                                         -       6144     6144 2.648064e+06   1.215277e+03     0.246 (  4362      0)     0.141 (  5652      0)
"o:docn_run1"                                                                                                        -       6144     6144 2.648064e+06   2.661815e+00     0.001 (  4198      0)     0.000 (  4205      0)
"o:docn"                                                                                                             -       6144     6144 2.648064e+06   1.208573e+03     0.245 (  4362      0)     0.140 (  5652      0)
"o:docn_strdata_advance"                                                                                             -       6144     6144 2.648064e+06   7.157997e+02     0.143 (  6052      0)     0.061 (  5652      0)
"o:docn_strd_adv_total"                                                                                              -       6144     6144 2.648064e+06   7.124365e+02     0.142 (  6052      0)     0.061 (  5652      0)
"o:docn_strd_adv_readLBUB"                                                                                           -       6144     6144 2.648064e+06   4.092454e+02     0.112 (   528      0)     0.007 (   774      0)
"o:docn_readLBUB_setup"                                                                                              -       6144     6144 2.648064e+06   8.151038e-01     0.000 (  1737      0)     0.000 (  1572      0)
"o:docn_readLBUB_filemgt"                                                                                            -       6144     6144 2.648064e+06   4.979052e-01     0.000 (  3520      0)     0.000 (  4042      0)
"o:docn_strd_adv_tint"                                                                                               -       6144     6144 2.648064e+06   5.500404e+01     0.012 (   514      0)     0.008 (  3654      0)
"o:docn_scatter"                                                                                                     -       6144     6144 2.648064e+06   2.647427e+02     0.074 (  4362      0)     0.041 (  2255      0)
"o:docn_datamode"                                                                                                    -       6144     6144 2.648064e+06   5.437590e+01     0.010 (  3620      0)     0.008 (  4861      0)
"o:docn_run2"                                                                                                        -       6144     6144 2.648064e+06   3.009667e-01     0.004 (     0      0)     0.000 (  3712      0)
"CPL:O2CT"                                                                                                           -       6144     6144 2.648064e+06   1.780774e+04    12.620 (  1193      0)     0.044 (   752      0)
"CPL:o2c_ocno2ocnx"                                                                                                  -       6144     6144 2.648064e+06   2.141915e+02     0.039 (  1436      0)     0.032 (  4977      0)
"CPL:o2c_infoexch"                                                                                                   -       6144     6144 2.648064e+06   1.758883e+04    12.584 (  1193      0)     0.009 (   752      0)
"CPL:OCNPOSTT"                                                                                                       -       6144     6144 2.648064e+06   2.864420e+00     0.001 (  2441      0)     0.000 (  4599      0)
"i:cice_pice_readLBUB_LB_copy"                                                                                       -       6144     6144 6.144000e+03   8.185954e-03     0.000 (  5532      0)     0.000 (  3991      0)
"o:docn_readLBUB_fbound"                                                                                             -       6144     6144 6.144000e+03   8.022173e-04     0.000 (     0      0)     0.000 (  3421      0)
"o:docn_readLBUB_bcast"                                                                                              -       6144     6144 6.144000e+03   9.801475e+01     0.054 (  5323      0)     0.000 (   674      0)
"o:docn_readLBUB_LB_copy"                                                                                            -       6144     6144 6.144000e+03   8.037419e-03     0.000 (  3049      0)     0.000 (  3487      0)
"o:docn_readLBUB_UB_setup"                                                                                           -       6144     6144 6.144000e+03   2.681205e-03     0.000 (     0      0)     0.000 (  3295      0)
"o:docn_readLBUB_UB_readpio"                                                                                         -       6144     6144 6.144000e+03   3.037536e+02     0.092 (   732      0)     0.006 (   774      0)
"o:PIO:pio_inq_varid_file_vdesc"                                                                                     -       6144     6144 1.228800e+04   2.597809e+01     0.026 (  1533      0)     0.000 (  1813      0)
"o:PIO:pio_inq_varid_file_vid"                                                                                       -       6144     6144 1.228800e+04   2.597049e+01     0.026 (  1525      0)     0.000 (  1813      0)
"o:PIO:pio_inq_varndims_file_vdesc"                                                                                  -       6144     6144 6.144000e+03   1.391425e+00     0.000 (  6050      0)     0.000 (  4954      0)
"o:PIO:pio_inq_varndims_file_vid"                                                                                    -       6144     6144 6.144000e+03   1.386606e+00     0.000 (  1898      0)     0.000 (  4954      0)
"o:PIO:pio_inq_vardimid_file_vdesc"                                                                                  -       6144     6144 6.144000e+03   3.528084e+00     0.001 (  5451      0)     0.000 (  4300      0)
"o:PIO:pio_inq_vardimid_file_vid"                                                                                    -       6144     6144 6.144000e+03   3.523485e+00     0.001 (  5451      0)     0.000 (  4300      0)
"o:PIO:pio_inq_dimlen_file_dimid"                                                                                    -       6144     6144 1.843200e+04   2.231405e+00     0.001 (  2296      0)     0.000 (  3817      0)
"o:PIO:pio_inq_dimlen_file_dimid_offlen"                                                                             -       6144     6144 1.843200e+04   2.220539e+00     0.001 (  2293      0)     0.000 (  4403      0)
"o:PIO:pio_inq_vartype_file_vdesc"                                                                                   -       6144     6144 6.144000e+03   1.828510e+00     0.001 (  6051      0)     0.000 (   747      0)
"o:PIO:pio_inq_vartype_file_vid"                                                                                     -       6144     6144 6.144000e+03   1.824435e+00     0.001 (  2793      0)     0.000 (   748      0)
"o:PIO:read_darray_1d_real"                                                                                          -       6144     6144 6.144000e+03   2.663171e+02     0.086 (   519      0)     0.004 (   887      0)
"o:PIO:PIOc_read_darray"                                                                                             -       6144     6144 6.144000e+03   2.662994e+02     0.086 (   519      0)     0.004 (   980      0)
"o:PIO:read_darray_nc"                                                                                               -       6144     6144 6.144000e+03   2.077440e+01     0.086 (   648      0)     0.000 (  5919      0)
"o:PIO:rearrange_io2comp"                                                                                            -       6144     6144 6.144000e+03   2.439124e+02     0.086 (   519      0)     0.000 (     0      0)
"o:PIO:pio_swapm"                                                                                                    -       6144     6144 6.144000e+03   2.438264e+02     0.086 (   522      0)     0.000 (     0      0)
"o:docn_strd_adv_fill"                                                                                               -       6144     6144 6.144000e+03   5.475145e-01     0.000 (  4242      0)     0.000 (   222      0)
"o:docn_strd_adv_map"                                                                                                -       6144     6144 6.144000e+03   2.316945e+02     0.067 (  1023      0)     0.001 (   511      0)
"CPL:RUN_LOOP_BSTOP"                                                                                                 -       6144     6144 6.144000e+03   1.947403e+01     0.004 (  6136      0)     0.000 (  4886      0)
"CPL:FINAL"                                                                                                          -       6144     6144 6.144000e+03   2.220561e+03     0.363 (     0      0)     0.361 (  5318      0)
"CPL:cime_final"                                                                                                     -       6144     6144 6.144000e+03   2.220544e+03     0.363 (     0      0)     0.361 (  5318      0)
"o_f:DOCN_FINAL"                                                                                                     -       6144     6144 6.144000e+03   1.593114e-03     0.000 (     0      0)     0.000 (  4868      0)
"a_f:EAMxx::finalize"                                                                                                y       6144     6144 6.144000e+03   1.531650e+03     0.341 (  5951      0)     0.221 (  4525      0)
"a_f:PIO:PIOc_sync"                                                                                                  -       6144     6144 6.144000e+03   1.300957e-01     0.000 (  3036      0)     0.000 (  2575      0)
"a_f:PIO:write_total"                                                                                                -       6144     6144 1.228800e+04   1.871909e+00     0.007 (  2376      0)     0.000 (  2575      0)
"a_f:PIO:flush_output_buffer"                                                                                        -        512      512 1.024000e+03   6.157876e-02     0.000 (  3036      0)     0.000 (  4140      0)
"a_f:PIO:PIOc_closefile"                                                                                             -       6144     6144 1.228800e+04   4.031324e+01     0.106 (  2988      0)     0.000 (  5515      0)
"a_f:PIO:PIOc_closefile_write_mode"                                                                                  -       6144     6144 6.144000e+03   1.751470e+00     0.007 (  2376      0)     0.000 (  5817      0)
"a_f:PIO:PIOc_freedecomp"                                                                                            -       6144     6144 9.830400e+04   9.515653e-01     0.002 (  5712      0)     0.000 (  5840      0)
"PIO:finalize"                                                                                                       -       6144     6144 6.144000e+04   4.988495e+02     0.113 (  4609      0)     0.001 (   540      0)
"PIO:PIOc_finalize"                                                                                                  -       6144     6144 6.144000e+04   4.982230e+02     0.113 (  4609      0)     0.001 (   732      0)
"CPL:FINAL_sync1_tprf"                                                                                               -       6144     6144 6.144000e+03   9.172945e+00     0.002 (   801      0)     0.000 (     0      0)
"CPL:FINAL_t_prf"                                                                                                    y          0        0 0.000000e+00   0.000000e+00     0.000 (     0      0)     0.000 (     0      0)

