
***** GLOBAL STATISTICS ( 24576 MPI TASKS) *****

$Id: gptl.c,v 1.157 2011-03-28 20:55:18 rosinski Exp $
'count' is cumulative. All other stats are max/min
'on' indicates whether the timer was active during output, and so stats are lower or upper bounds.

name                                                                                                                on  processes  threads        count      walltotal   wallmax (proc   thrd  )   wallmin (proc   thrd  )
"CPL:INIT"                                                                                                           -      24576    24576 2.457600e+04   1.630343e+07   677.637 (  5658      0)   654.851 (  7995      0)
"CPL:cime_pre_init1"                                                                                                 -      24576    24576 2.457600e+04   2.811792e+05    25.690 (  5658      0)     2.907 (  7994      0)
"CPL:mpi_init"                                                                                                       -      24576    24576 2.457600e+04   2.405531e+05    23.791 (  5658      0)     1.301 (  7992      0)
"CPL:ESMF_Initialize"                                                                                                -      24576    24576 2.457600e+04   7.347740e+00     0.009 ( 10203      0)     0.000 (  7742      0)
"CPL:cime_pre_init2"                                                                                                 -      24576    24576 2.457600e+04   8.428598e+04     3.468 (  4131      0)     2.490 (     0      0)
"CPL:seq_infodata_init"                                                                                              -      24576    24576 2.457600e+04   9.093652e+03     1.327 ( 19932      0)     0.002 (  4267      0)
"CPL:seq_timemgr_clockInit"                                                                                          -      24576    24576 2.457600e+04   5.653615e+02     0.067 ( 17280      0)     0.021 (  6204      0)
"CPL:cime_init"                                                                                                      -      24576    24576 2.457600e+04   1.593796e+07   649.458 (     0      0)   648.472 ( 10205      0)
"CPL:init_comps"                                                                                                     -      24576    24576 2.457600e+04   1.592651e+07   648.993 (     0      0)   648.006 ( 10205      0)
"CPL:comp_init_pre_all"                                                                                              -      24576    24576 2.457600e+04   3.094211e+00     0.003 (  8437      0)     0.000 ( 20143      0)
"comp_init_cc_iac"                                                                                                   -      24576    24576 2.457600e+04   4.663566e+01     0.032 ( 20175      0)     0.001 ( 12368      0)
"z_i:comp_init"                                                                                                      -      24576    24576 2.457600e+04   1.584291e+01     0.030 ( 20175      0)     0.000 ( 11657      0)
"CPL:comp_init_cc_atm"                                                                                               -      24576    24576 2.457600e+04   4.185134e+06   171.233 (     0      0)   170.244 ( 10205      0)
"a_i:comp_init"                                                                                                      -      24576    24576 4.915200e+04   4.183458e+06   171.230 (     0      0)   170.169 ( 17229      0)
"a_i:EAMxx::init"                                                                                                    -      24576    24576 1.720320e+05   4.113862e+06   169.225 ( 19380      0)   165.841 (  5188      0)
"a_i:EAMxx::create_output_managers"                                                                                  -      24576    24576 2.457600e+04   3.071353e+02     0.089 ( 20699      0)     0.000 ( 15231      0)
"a_i:EAMxx::create_atm_processes"                                                                                    -      24576    24576 2.457600e+04   1.745532e+04     1.360 (    10      0)     0.198 ( 10207      0)
"a_i:EAMxx::create_grids"                                                                                            -      24576    24576 2.457600e+04   8.209857e+05    33.749 (     0      0)    33.269 ( 11042      0)
"a_i:PartitioningTime"                                                                                               -      24576    24576 2.457600e+04   6.443743e-03     0.000 ( 10229      0)     0.000 ( 11998      0)
"a_i:repro_sum_int"                                                                                                  -      24576    24576 2.457600e+04   6.374251e+03     0.352 ( 18424      0)     0.034 (  9672      0)
"a_i:PIO:spio_get_att_tc"                                                                                            -      24576    24576 4.399104e+06   1.109717e+03     0.051 (  5122      0)     0.039 (     1      0)
"a_i:PIO:spio_get_vars_tc"                                                                                           -      24576    24576 4.915200e+05   6.668206e+03     0.326 ( 19966      0)     0.197 (  1099      0)
"a_i:PIO:PIOc_closefile"                                                                                             -      24576    24576 4.423680e+05   1.619069e+03     3.058 ( 19248      0)     0.000 ( 23083      0)
"a_i:EAMxx::create_fields"                                                                                           -      24576    24576 2.457600e+04   2.537659e+03     0.149 ( 14849      0)     0.096 ( 24468      0)
"a_i:EAMxx::initialize_fields"                                                                                       -      24576    24576 2.457600e+04   1.672001e+06    68.093 (  1200      0)    67.941 ( 21620      0)
"a_i:PIO:PIOc_initdecomp"                                                                                            -      24576    24576 3.932160e+05   3.880365e+05    15.791 (   479      0)    15.752 ( 15565      0)
"a_i:PIO:box_rearrange_create"                                                                                       -      24576    24576 3.932160e+05   3.867548e+05    15.739 (  2391      0)    15.717 (  3853      0)
"a_i:PIO:pio_swapm"                                                                                                  -      24576    24576 1.794048e+06   7.768840e+05    36.042 ( 21321      0)    11.040 ( 11928      0)
"a_i:PIO:PIOc_read_darray"                                                                                           -      24576    24576 6.144000e+05   5.465298e+05    23.163 (   132      0)    20.134 (  9734      0)
"a_i:PIO:read_darray_nc"                                                                                             -      24576    24576 6.144000e+05   3.082077e+04    21.897 (   120      0)     0.000 ( 16913      0)
"a_i:PIO:rearrange_io2comp"                                                                                          -      24576    24576 6.144000e+05   4.719045e+05    22.901 (    18      0)     0.352 (  1968      0)
"a_i:EAMxx::initialize_atm_procs"                                                                                    -      24576    24576 2.457600e+04   1.580403e+06    66.080 (  7630      0)    62.771 (  5184      0)
"a_i:EAMxx::SurfaceCouplingImporter::init"                                                                           -      24576    24576 2.457600e+04   3.228924e+01     0.140 (  6174      0)     0.000 ( 18858      0)
"a_i:EAMxx::homme::init"                                                                                             -      24576    24576 2.457600e+04   3.300719e+05    13.643 (  5002      0)    13.016 (  6172      0)
"a_i:compose_init"                                                                                                   -      24576    24576 2.457600e+04   3.002610e+03     0.542 ( 22651      0)     0.007 (  6420      0)
"a_i:sl_init1"                                                                                                       -      24576    24576 2.457600e+04   4.265880e+03     0.622 (  6151      0)     0.114 (  6072      0)
"a_i:EAMxx::tms::init"                                                                                               -      24576    24576 2.457600e+04   1.557932e+00     0.018 ( 18670      0)     0.000 (  7676      0)
"a_i:EAMxx::shoc::init"                                                                                              -      24576    24576 2.457600e+04   3.924469e+01     0.041 (  1197      0)     0.001 ( 10246      0)
"a_i:EAMxx::cld_fraction::init"                                                                                      -      24576    24576 2.457600e+04   5.158910e-01     0.000 (     0      0)     0.000 ( 17562      0)
"a_i:EAMxx::spa::init"                                                                                               -      24576    24576 2.457600e+04   1.204178e+06    51.629 ( 12875      0)    48.835 ( 13813      0)
"a_i:Build HorizRemap data /lus/flare/projects/E3SMinput/data/atm/scream/maps/map_ne30pg2_to_ne1024pg2_20231201.nc"  -      24576    24576 2.457600e+04   1.066557e+06    43.399 ( 15948      0)    43.389 ( 20602      0)
"a_i:EAMxx::p3::init"                                                                                                -      24576    24576 2.457600e+04   2.321127e+04     1.510 ( 18249      0)     0.046 ( 12875      0)
"a_i:EAMxx::rrtmgp::init"                                                                                            -      24576    24576 2.457600e+04   2.245827e+04     2.282 ( 24379      0)     0.041 ( 22917      0)
"a_i:EAMxx::SurfaceCouplingExporter::init"                                                                           -      24576    24576 2.457600e+04   1.385808e+02     0.064 ( 17956      0)     0.001 ( 22668      0)
"a_i:EAMxx::initialize_output_managers"                                                                              -      24576    24576 2.457600e+04   2.017162e+04     0.890 (  7944      0)     0.814 (  9265      0)
"a_i:EAMxx::IO::standard"                                                                                            -      24576    24576 2.457600e+04   1.262060e+04     0.841 (  3408      0)     0.348 (  9150      0)
"a_i:EAMxx::IO::nooutput.yaml"                                                                                       -      24576    24576 2.457600e+04   1.262058e+04     0.841 (  3408      0)     0.348 (  9150      0)
"a_i:EAMxx::IO::standard::get_new_file"                                                                              -      24576    24576 2.457600e+04   1.256971e+04     0.817 (  3408      0)     0.348 (  9150      0)
"a_i:PIO:PIOc_createfile"                                                                                            -      24576    24576 2.457600e+04   1.178950e+04     0.755 ( 20442      0)     0.320 (  9144      0)
"a_i:PIO:write_total"                                                                                                -      24576    24576 8.110080e+05   1.192000e+04     0.797 (  3408      0)     0.321 (  9150      0)
"a_i:PIO:spio_put_att_tc"                                                                                            -      24576    24576 7.372800e+05   2.087937e+00     0.000 ( 11760      0)     0.000 ( 24030      0)
"a_i:PIO:spio_put_vars_tc"                                                                                           -      24576    24576 2.457600e+04   1.141185e+02     0.050 ( 23748      0)     0.001 (     3      0)
"a_i:PIO:flush_output_buffer"                                                                                        -       2048     2048 4.096000e+03   1.140185e+02     0.056 (  2532      0)     0.007 ( 23748      0)
"a_i:EAMxx::IO::standard::run_output_streams"                                                                        -      24576    24576 2.457600e+04   2.674534e-03     0.000 ( 16116      0)     0.000 ( 18305      0)
"a_i:EAMxx::IO::standard::update_snapshot_tally"                                                                     -      24576    24576 2.457600e+04   5.078503e+01     0.026 (  7944      0)     0.000 ( 13240      0)
"a_i:PIO:PIOc_sync"                                                                                                  -      24576    24576 2.457600e+04   1.430996e+01     0.009 (  7944      0)     0.000 (  7334      0)
"CPL:comp_init_cc_lnd"                                                                                               -      24576    24576 2.457600e+04   8.847154e+06   360.101 (  2612      0)   359.988 (  7944      0)
"l_i:comp_init"                                                                                                      -      24576    24576 2.457600e+04   8.844284e+06   360.097 (  2612      0)   359.849 (   280      0)
"l_i:elm_init1"                                                                                                      -      24576    24576 2.457600e+04   2.054775e+06    83.727 ( 23994      0)    83.450 (  1099      0)
"l_i:PIO:openfile"                                                                                                   -      24576    24576 5.652480e+05   9.972382e+04     5.333 (    21      0)     2.629 ( 23759      0)
"l_i:PIO:pio_inq_dimid_file_dimid"                                                                                   -      24576    24576 1.499136e+06   2.700462e+02     0.173 ( 12024      0)     0.003 (  9149      0)
"l_i:PIO:pio_inq_dimlen_file_dimid"                                                                                  -      24576    24576 8.822784e+06   5.355749e+02     0.049 (  5150      0)     0.008 ( 15971      0)
"l_i:PIO:pio_inq_dimlen_file_dimid_offlen"                                                                           -      24576    24576 8.822784e+06   5.338138e+02     0.049 (  5150      0)     0.008 ( 15971      0)
"l_i:PIO:pio_inq_varid_file_vdesc"                                                                                   -      24576    24576 1.147699e+07   9.433557e+03     2.873 (  4295      0)     0.018 (  8904      0)
"l_i:PIO:pio_inq_varid_file_vid"                                                                                     -      24576    24576 1.147699e+07   9.427906e+03     2.873 (  4295      0)     0.018 ( 10200      0)
"l_i:PIO:get_var_1d_int"                                                                                             -      24576    24576 1.474560e+05   6.017239e+03     0.256 (  1475      0)     0.194 ( 13818      0)
"l_i:PIO:spio_get_vars_tc"                                                                                           -      24576    24576 4.890624e+06   2.317532e+04     1.244 ( 13664      0)     0.659 ( 15570      0)
"l_i:PIO:closefile"                                                                                                  -      24576    24576 4.915200e+05   1.395694e+03     1.046 (  7452      0)     0.001 ( 21710      0)
"l_i:PIO:PIOc_closefile"                                                                                             -      24576    24576 4.915200e+05   1.395214e+03     1.046 (  7452      0)     0.001 ( 21710      0)
"l_i:PIO:pio_inq_varndims_file_vdesc"                                                                                -      24576    24576 5.431296e+06   1.168001e+03     2.183 (  8187      0)     0.010 ( 17795      0)
"l_i:PIO:pio_inq_varndims_file_vid"                                                                                  -      24576    24576 5.431296e+06   1.166643e+03     2.183 (  8187      0)     0.010 ( 17795      0)
"l_i:PIO:pio_inq_vardimid_file_vdesc"                                                                                -      24576    24576 5.431296e+06   1.399937e+03     0.139 (  1720      0)     0.022 ( 15927      0)
"l_i:PIO:pio_inq_vardimid_file_vid"                                                                                  -      24576    24576 5.431296e+06   1.398688e+03     0.139 (  1720      0)     0.022 ( 15924      0)
"l_i:PIO:pio_inq_dimname_file_dimid"                                                                                 -      24576    24576 1.953792e+07   1.600411e+03     0.155 (  1566      0)     0.023 ( 15084      0)
"l_i:PIO:initdecomp"                                                                                                 -      24576    24576 6.389760e+05   5.260853e+05    21.710 (     3      0)    20.955 ( 23051      0)
"l_i:PIO:PIOc_initdecomp"                                                                                            -      24576    24576 6.389760e+05   5.260670e+05    21.709 (     3      0)    20.954 ( 23051      0)
"l_i:PIO:box_rearrange_create"                                                                                       -      24576    24576 6.389760e+05   5.031106e+05    20.475 (  7943      0)    20.439 ( 11201      0)
"l_i:PIO:pio_swapm"                                                                                                  -      24576    24576 7.299072e+06   7.800455e+06   331.968 ( 17596      0)   120.870 (   564      0)
"l_i:PIO:read_darray_1d_double"                                                                                      -      24576    24576 2.015232e+06   1.923867e+06    78.504 ( 17795      0)    77.194 (  8185      0)
"l_i:PIO:PIOc_read_darray"                                                                                           -      24576    24576 5.382144e+06   7.663316e+06   312.611 ( 22959      0)   308.495 (  8185      0)
"l_i:PIO:read_darray_nc"                                                                                             -      24576    24576 5.382144e+06   3.255925e+05   208.434 (   564      0)     0.000 (  1496      0)
"l_i:PIO:rearrange_io2comp"                                                                                          -      24576    24576 5.382144e+06   7.333293e+06   312.498 ( 22959      0)   102.680 (   564      0)
"l_i:PIO:pio_inquire_file"                                                                                           -      24576    24576 7.077888e+06   3.921663e+02     0.042 (  6345      0)     0.006 ( 15084      0)
"l_i:PIO:pio_inq_ndims_file"                                                                                         -      24576    24576 7.077888e+06   3.906389e+02     0.042 (  6345      0)     0.005 ( 15084      0)
"l_i:PIO:read_darray_1d_int"                                                                                         -      24576    24576 1.720320e+05   2.772349e+05    11.308 ( 16883      0)    11.238 (  8187      0)
"l_i:PIO:read_darray_3d_double"                                                                                      -      24576    24576 4.423680e+05   1.840427e+05     7.577 ( 23591      0)     6.878 (  8185      0)
"l_i:PIO:read_darray_3d_int"                                                                                         -      24576    24576 2.457600e+04   6.364856e+03     0.275 ( 23779      0)     0.229 (  4129      0)
"l_i:PIO:read_darray_4d_double"                                                                                      -      24576    24576 3.440640e+05   8.121826e+05    33.091 ( 10115      0)    32.529 (  8189      0)
"l_i:PIO:get_var_1d_text"                                                                                            -      24576    24576 4.915200e+04   7.259101e+02     0.241 ( 19911      0)     0.006 (    77      0)
"l_i:PIO:get_var_1d_double"                                                                                          -      24576    24576 3.538944e+06   9.259250e+03     0.591 (  1211      0)     0.089 (  9255      0)
"l_i:PIO:get_var_0d_double"                                                                                          -      24576    24576 2.457600e+05   6.175090e+02     0.030 (  3420      0)     0.006 (  9874      0)
"l_i:PIO:read_darray_2d_double"                                                                                      -      24576    24576 2.285568e+06   4.444063e+06   181.300 ( 22956      0)   178.820 (  4288      0)
"l_i:PIO:read_darray_2d_int"                                                                                         -      24576    24576 9.830400e+04   1.557163e+04     0.679 (  7847      0)     0.542 ( 18668      0)
"l_i:gather_1darray_int_total"                                                                                       -      24576    24576 1.228800e+05   3.717135e+04     2.681 (     0      0)     0.756 (    32      0)
"l_i:scatter_1darray_int_total"                                                                                      -      24576    24576 1.228800e+05   6.088691e+04     3.119 (     2      0)     1.294 (     0      0)
"l_i:init_filters"                                                                                                   -      24576    24576 2.457600e+04   1.278683e+01     0.014 ( 10596      0)     0.000 ( 19260      0)
"l_i:elm_init2"                                                                                                      -      24576    24576 2.457600e+04   6.758026e+06   275.170 ( 22639      0)   274.961 (   280      0)
"l_i:init_orbd"                                                                                                      -      24576    24576 2.457600e+04   1.970379e+02     0.347 (  3405      0)     0.000 ( 22274      0)
"l_i:PIO:get_var_0d_int"                                                                                             -      24576    24576 5.160960e+05   8.940475e+03     0.440 (  8188      0)     0.310 ( 12743      0)
"l_i:PIO:get_var_2d_double"                                                                                          -      24576    24576 2.949120e+05   1.663296e+03     0.070 (  2266      0)     0.060 ( 14415      0)
"l_i:PIO:get_var_3d_double"                                                                                          -      24576    24576 9.830400e+04   5.084074e+02     0.024 (  2724      0)     0.010 (    11      0)
"l_i:init_accflds"                                                                                                   -      24576    24576 2.457600e+04   5.507546e+01     0.067 ( 13815      0)     0.000 ( 23014      0)
"l_i:init_dyn_subgrid"                                                                                               -      24576    24576 2.457600e+04   6.361304e+02     0.089 ( 19922      0)     0.001 ( 15804      0)
"l_i:subgridRest_write-read"                                                                                         -      24576    24576 2.457600e+04   1.023362e+06    41.653 ( 17568      0)    41.632 (    17      0)
"l_i:init_map2gc"                                                                                                    -      24576    24576 2.457600e+04   1.914983e+01     0.101 ( 22638      0)     0.000 (  5578      0)
"l_i:init_elm_interface_data & pflotran"                                                                             -      24576    24576 2.457600e+04   4.770064e-03     0.000 ( 16482      0)     0.000 (  3639      0)
"l_i:init_wlog"                                                                                                      -      24576    24576 2.457600e+04   1.931197e-02     0.013 (     0      0)     0.000 ( 16226      0)
"l_i:elm_init3"                                                                                                      -      24576    24576 2.457600e+04   3.361807e-02     0.000 (  3554      0)     0.000 (  4555      0)
"CPL:comp_init_cc_rof"                                                                                               -      24576    24576 2.457600e+04   8.605528e+01     0.030 (  2820      0)     0.001 ( 15931      0)
"r_i:comp_init"                                                                                                      -      24576    24576 2.457600e+04   1.603778e+00     0.002 (   816      0)     0.000 (     0      0)
"CPL:comp_init_cc_ocn"                                                                                               -      24576    24576 2.457600e+04   1.307527e+06    53.216 (  7294      0)    53.098 (  2606      0)
"o_i:comp_init"                                                                                                      -      24576    24576 2.457600e+04   1.307307e+06    53.213 (  7294      0)    53.032 (  2615      0)
"o_i:docn_readnml"                                                                                                   -      24576    24576 2.457600e+04   1.932624e+04     0.872 (  4345      0)     0.293 (     0      0)
"o_i:DOCN_INIT"                                                                                                      -      24576    24576 2.457600e+04   1.287902e+06    52.905 (     7      0)    52.252 (  2583      0)
"o_i:docn_strdata_init"                                                                                              -      24576    24576 2.457600e+04   1.108837e+06    45.540 (    13      0)    44.806 ( 13235      0)
"o_i:PIO:initdecomp"                                                                                                 -      24576    24576 7.372800e+04   4.461091e+04     1.881 (     7      0)     1.743 (     0      0)
"o_i:PIO:PIOc_initdecomp"                                                                                            -      24576    24576 7.372800e+04   4.461064e+04     1.881 (     7      0)     1.743 (     0      0)
"o_i:PIO:box_rearrange_create"                                                                                       -      24576    24576 7.372800e+04   4.268110e+04     1.737 (  5961      0)     1.736 ( 10275      0)
"o_i:PIO:pio_swapm"                                                                                                  -      24576    24576 2.703360e+05   4.260278e+04     1.909 ( 13518      0)     1.433 (  5772      0)
"o_i:docn_initgsmaps"                                                                                                -      24576    24576 2.457600e+04   2.676367e+01     0.002 (  1498      0)     0.001 ( 13226      0)
"o_i:docn_initmctdom"                                                                                                -      24576    24576 2.457600e+04   3.412896e+01     0.142 ( 13247      0)     0.000 ( 13225      0)
"o_i:docn_initmctavs"                                                                                                -      24576    24576 2.457600e+04   2.261284e+01     0.147 (  8603      0)     0.000 ( 10804      0)
"o_i:DOCN_RUN"                                                                                                       -      24576    24576 2.457600e+04   1.789755e+05     7.549 ( 21372      0)     7.068 ( 23167      0)
"o_i:docn_run1"                                                                                                      -      24576    24576 2.457600e+04   2.491298e-02     0.000 (  1777      0)     0.000 (  9164      0)
"o_i:docn"                                                                                                           -      24576    24576 2.457600e+04   1.789748e+05     7.549 ( 21372      0)     7.068 ( 23167      0)
"o_i:docn_strdata_advance"                                                                                           -      24576    24576 2.457600e+04   1.789691e+05     7.549 ( 21372      0)     7.067 (  2822      0)
"o_i:docn_strd_adv_total"                                                                                            -      24576    24576 2.457600e+04   1.789658e+05     7.549 ( 21372      0)     7.066 ( 23167      0)
"o_i:docn_strd_adv_readLBUB"                                                                                         -      24576    24576 2.457600e+04   1.778599e+05     7.531 ( 12048      0)     7.059 (  2041      0)
"o_i:docn_readLBUB_setup"                                                                                            -      24576    24576 2.457600e+04   8.624252e-03     0.000 ( 14911      0)     0.000 (  9948      0)
"o_i:docn_readLBUB_fbound"                                                                                           -      24576    24576 2.457600e+04   7.000042e+00     6.997 (     0      0)     0.000 ( 13200      0)
"o_i:docn_readLBUB_bcast"                                                                                            -      24576    24576 2.457600e+04   1.697115e+05     7.165 ( 13226      0)     0.000 (     0      0)
"o_i:docn_readLBUB_LB_setup"                                                                                         -      24576    24576 2.457600e+04   4.102685e-03     0.000 (     0      0)     0.000 (   447      0)
"o_i:docn_readLBUB_LB_readpio"                                                                                       -      24576    24576 2.457600e+04   5.996571e+03     0.295 (   708      0)     0.200 (  7945      0)
"o_i:PIO:openfile"                                                                                                   -      24576    24576 2.457600e+04   3.925720e+03     0.178 (  1200      0)     0.123 ( 18513      0)
"o_i:PIO:pio_inq_varid_file_vdesc"                                                                                   -      24576    24576 9.830400e+04   5.914517e+02     0.074 (   214      0)     0.000 (  1211      0)
"o_i:PIO:pio_inq_varid_file_vid"                                                                                     -      24576    24576 9.830400e+04   5.914070e+02     0.074 (   214      0)     0.000 (  1211      0)
"o_i:PIO:pio_inq_varndims_file_vdesc"                                                                                -      24576    24576 4.915200e+04   3.600111e+01     0.035 (  1238      0)     0.000 (  5640      0)
"o_i:PIO:pio_inq_varndims_file_vid"                                                                                  -      24576    24576 4.915200e+04   3.597171e+01     0.035 (  1237      0)     0.000 (  5640      0)
"o_i:PIO:pio_inq_vardimid_file_vdesc"                                                                                -      24576    24576 4.915200e+04   2.932767e+01     0.001 ( 18908      0)     0.001 (  7332      0)
"o_i:PIO:pio_inq_vardimid_file_vid"                                                                                  -      24576    24576 4.915200e+04   2.930418e+01     0.001 ( 18907      0)     0.001 (  7332      0)
"o_i:PIO:pio_inq_dimlen_file_dimid"                                                                                  -      24576    24576 1.474560e+05   1.771753e+01     0.001 ( 18937      0)     0.000 (  5388      0)
"o_i:PIO:pio_inq_dimlen_file_dimid_offlen"                                                                           -      24576    24576 1.474560e+05   1.767270e+01     0.001 ( 18937      0)     0.000 (  5388      0)
"o_i:PIO:pio_inq_vartype_file_vdesc"                                                                                 -      24576    24576 4.915200e+04   1.461334e+01     0.002 ( 13281      0)     0.000 ( 19463      0)
"o_i:PIO:pio_inq_vartype_file_vid"                                                                                   -      24576    24576 4.915200e+04   1.458779e+01     0.002 ( 13281      0)     0.000 ( 19463      0)
"o_i:PIO:read_darray_1d_real"                                                                                        -      24576    24576 4.915200e+04   2.766376e+03     0.186 (  6960      0)     0.040 (  2606      0)
"o_i:PIO:PIOc_read_darray"                                                                                           -      24576    24576 4.915200e+04   2.766214e+03     0.186 (  6960      0)     0.040 (  2606      0)
"o_i:PIO:read_darray_nc"                                                                                             -      24576    24576 4.915200e+04   1.796256e+02     0.180 (  5388      0)     0.000 ( 23822      0)
"o_i:PIO:rearrange_io2comp"                                                                                          -      24576    24576 4.915200e+04   2.542798e+03     0.184 (  7227      0)     0.002 ( 12144      0)
"o_i:docn_readLBUB_UB_setup"                                                                                         -      24576    24576 2.457600e+04   1.863104e-02     0.000 (     0      0)     0.000 ( 22497      0)
"o_i:docn_readLBUB_UB_readpio"                                                                                       -      24576    24576 2.457600e+04   2.139355e+03     0.147 (  7462      0)     0.006 (   999      0)
"o_i:docn_readLBUB_filemgt"                                                                                          -      24576    24576 2.457600e+04   5.045898e-03     0.000 ( 17132      0)     0.000 ( 23739      0)
"o_i:docn_strd_adv_fill"                                                                                             -      24576    24576 2.457600e+04   8.179902e+00     0.023 ( 17779      0)     0.000 ( 11306      0)
"o_i:docn_strd_adv_map"                                                                                              -      24576    24576 2.457600e+04   1.093755e+03     0.082 (    15      0)     0.000 ( 21115      0)
"o_i:docn_strd_adv_tint"                                                                                             -      24576    24576 2.457600e+04   1.499207e+00     0.028 ( 22719      0)     0.000 ( 23317      0)
"o_i:docn_scatter"                                                                                                   -      24576    24576 2.457600e+04   3.582710e+00     0.000 ( 10202      0)     0.000 (  2551      0)
"o_i:docn_datamode"                                                                                                  -      24576    24576 2.457600e+04   1.198143e+00     0.018 ( 23200      0)     0.000 (  8380      0)
"o_i:docn_run2"                                                                                                      -      24576    24576 2.457600e+04   5.344881e-01     0.021 (  9864      0)     0.000 ( 13396      0)
"CPL:comp_init_cc_ice"                                                                                               -      24576    24576 2.457600e+04   1.577834e+06    64.239 (  3959      0)    64.140 ( 19602      0)
"i_i:comp_init"                                                                                                      -      24576    24576 2.457600e+04   1.576059e+06    64.237 (  3959      0)    63.953 (  2051      0)
"i_i:cice_init"                                                                                                      -      24576    24576 2.457600e+04   2.783272e+05    11.394 (  8845      0)    11.295 ( 23160      0)
"i_i:ice_HaloUpdate2DR8"                                                                                             -      24576    24576 9.830400e+04   1.910506e+02     0.610 (     2      0)     0.000 (   308      0)
"i_i:ice_HU2DR8_init"                                                                                                -      24576    24576 9.830400e+04   5.722558e-02     0.000 ( 10584      0)     0.000 (   546      0)
"i_i:state_bound_h1"                                                                                                 -      24576    24576 2.457600e+04   5.437512e+01     0.067 ( 10776      0)     0.000 ( 19963      0)
"i_i:ice_HaloUpdate3DR8"                                                                                             -      24576    24576 1.228800e+05   3.873890e+01     0.067 ( 10776      0)     0.000 (  4623      0)
"i_i:ice_HU3DR8_init"                                                                                                -      24576    24576 1.228800e+05   6.038035e+00     0.036 (  9146      0)     0.000 (  8059      0)
"i_i:ice_HU3DR8_recvall"                                                                                             -      24576    24576 1.228800e+05   1.023114e+01     0.067 ( 10776      0)     0.000 (  4744      0)
"i_i:state_bound_hm"                                                                                                 -      24576    24576 2.457600e+04   6.339795e-01     0.001 (  6547      0)     0.000 ( 15125      0)
"i_i:state_bound_hc"                                                                                                 -      24576    24576 2.457600e+04   4.009108e-01     0.000 ( 24085      0)     0.000 ( 19044      0)
"i_i:state_bound_h2"                                                                                                 -      24576    24576 2.457600e+04   8.437203e+00     0.060 ( 17750      0)     0.000 ( 20591      0)
"i_i:ice_HaloUpdate4DR8"                                                                                             -      24576    24576 2.457600e+04   5.224279e+00     0.060 ( 17749      0)     0.000 ( 20591      0)
"i_i:ice_HU4DR8_init"                                                                                                -      24576    24576 2.457600e+04   2.502973e+00     0.004 (  9866      0)     0.000 (  1800      0)
"i_i:ice_HU4DR8_recvall"                                                                                             -      24576    24576 2.457600e+04   3.503260e-01     0.060 ( 17749      0)     0.000 ( 20609      0)
"i_i:state_bound_hd"                                                                                                 -      24576    24576 2.457600e+04   1.318552e-02     0.000 (   415      0)     0.000 ( 10869      0)
"i_i:cice_mct_init"                                                                                                  -      24576    24576 2.457600e+04   1.297674e+06    52.913 (  3958      0)    52.536 ( 20597      0)
"i_i:PIO:initdecomp"                                                                                                 -      24576    24576 7.372800e+04   1.369941e+05    14.780 (     2      0)     1.766 ( 17194      0)
"i_i:PIO:PIOc_initdecomp"                                                                                            -      24576    24576 7.372800e+04   1.369938e+05    14.780 (     2      0)     1.766 ( 17194      0)
"i_i:PIO:box_rearrange_create"                                                                                       -      24576    24576 7.372800e+04   4.335311e+04     1.765 ( 18959      0)     1.764 ( 17416      0)
"i_i:PIO:pio_swapm"                                                                                                  -      24576    24576 2.211840e+05   4.074619e+04     1.758 ( 14676      0)     1.451 (  6832      0)
"CPL:comp_init_cc_glc"                                                                                               -      24576    24576 2.457600e+04   5.169877e+01     0.004 (  5760      0)     0.001 (  9697      0)
"g_i:comp_init"                                                                                                      -      24576    24576 2.457600e+04   3.450291e-02     0.000 ( 17415      0)     0.000 (  9581      0)
"CPL:comp_init_cc_wav"                                                                                               -      24576    24576 2.457600e+04   4.855595e+01     0.005 (  9941      0)     0.001 ( 19260      0)
"w_i:comp_init"                                                                                                      -      24576    24576 2.457600e+04   1.722856e-02     0.000 (  9280      0)     0.000 (  2883      0)
"CPL:comp_init_cc_esp"                                                                                               -      24576    24576 2.457600e+04   4.081711e+01     0.003 (  9948      0)     0.000 (  9392      0)
"e_i:comp_init"                                                                                                      -      24576    24576 2.457600e+04   1.800081e-02     0.000 ( 13452      0)     0.000 (  3274      0)
"CPL:comp_init_cx_all"                                                                                               -      24576    24576 2.457600e+04   8.584198e+03     0.408 (     0      0)     0.314 (  1032      0)
"CPL:comp_list_all"                                                                                                  -      24576    24576 2.457600e+04   1.530724e+00     0.003 (  8855      0)     0.000 (  3168      0)
"CPL:init_maps"                                                                                                      -      24576    24576 2.457600e+04   1.162582e+03     0.192 ( 10708      0)     0.035 (    11      0)
"CPL:init_aream"                                                                                                     -      24576    24576 2.457600e+04   1.664413e+02     0.155 ( 23728      0)     0.000 (  2528      0)
"CPL:init_domain_check"                                                                                              -      24576    24576 2.457600e+04   4.113821e+03     0.186 (  1253      0)     0.028 ( 10715      0)
"CPL:init_areacor"                                                                                                   -      24576    24576 2.457600e+04   4.871702e+03     0.198 (  9456      0)     0.197 ( 10774      0)
"CPL:init_fracs"                                                                                                     -      24576    24576 2.457600e+04   8.356275e+01     0.015 (     1      0)     0.001 ( 16701      0)
"CPL:init_aoflux"                                                                                                    -      24576    24576 2.457600e+04   8.443327e+00     0.009 ( 22209      0)     0.000 ( 11152      0)
"CPL:init_atminit"                                                                                                   -      24576    24576 1.474560e+05   1.276889e+02     0.018 (  7386      0)     0.002 ( 24534      0)
"CPL:comp_init_cc_atm2"                                                                                              -      24576    24576 2.457600e+04   4.299761e+02     0.024 ( 10886      0)     0.006 (  3143      0)
"CPL:init_readrestart"                                                                                               -      24576    24576 2.457600e+04   4.149034e+00     0.006 ( 20734      0)     0.000 ( 13265      0)
"CPL:cime_run_init"                                                                                                  -      24576    24576 2.457600e+04   6.118463e+00     0.012 (     0      0)     0.000 (  2063      0)
"CPL:INIT_sync1_tprf"                                                                                                -      24576    24576 2.457600e+04   2.775378e+02     0.012 (     5      0)     0.000 (     0      0)
"CPL:INIT_t_prf"                                                                                                     -      24576    24576 2.457600e+04   8.973308e+00     0.077 (     0      0)     0.000 ( 15219      0)
"CPL:INIT_sync2_tprf"                                                                                                -      24576    24576 2.457600e+04   1.878205e+03     0.077 ( 15219      0)     0.000 (     0      0)
"CPL:RUN_LOOP_BSTART"                                                                                                -      24576    24576 2.457600e+04   2.007605e+01     0.001 ( 13625      0)     0.000 ( 21352      0)
"CPL:RUN_LOOP"                                                                                                       -      24576    24576 1.061683e+07   5.140029e+06   209.151 ( 20380      0)   209.147 (   280      0)
"CPL:CLOCK_ADVANCE"                                                                                                  -      24576    24576 1.061683e+07   8.971348e+02     0.044 ( 11076      0)     0.035 ( 22203      0)
"CPL:RUN"                                                                                                            -      24576    24576 1.273774e+08   5.704675e+04     4.363 ( 23190      0)     1.231 ( 20588      0)
"CPL:OCNPRE1"                                                                                                        -      24576    24576 1.061683e+07   3.748228e+03     0.179 ( 22528      0)     0.141 ( 16995      0)
"CPL:ocnpre1_atm2ocn"                                                                                                -      24576    24576 1.061683e+07   3.740313e+03     0.178 ( 22528      0)     0.141 ( 19667      0)
"CPL:LNDPREP"                                                                                                        -      24576    24576 1.061683e+07   1.644872e+03     0.093 ( 23623      0)     0.047 ( 21141      0)
"CPL:lndprep_atm2lnd"                                                                                                -      24576    24576 1.061683e+07   1.396276e+03     0.083 ( 23623      0)     0.043 ( 16740      0)
"CPL:lndprep_mrgx2l"                                                                                                 -      24576    24576 1.061683e+07   2.294814e+02     0.014 ( 14853      0)     0.002 ( 10726      0)
"CPL:COMM"                                                                                                           -      24576    24576 7.429325e+07   2.160145e+05    13.748 ( 12202      0)     4.345 (  1696      0)
"CPL:C2L"                                                                                                            -      24576    24576 1.061683e+07   8.451687e+03     0.399 ( 18975      0)     0.250 (     0      0)
"CPL:c2l_lndx2lndl"                                                                                                  -      24576    24576 1.061683e+07   4.353815e+03     0.232 ( 18097      0)     0.103 ( 17030      0)
"CPL:c2l_infoexch"                                                                                                   -      24576    24576 1.061683e+07   4.081783e+03     0.272 ( 20468      0)     0.064 (    10      0)
"CPL:ICEPREP"                                                                                                        -      24576    24576 1.061683e+07   1.639718e+03     0.098 (  2826      0)     0.063 ( 21347      0)
"CPL:iceprep_ocn2ice"                                                                                                -      24576    24576 1.061683e+07   3.532831e+02     0.022 ( 14517      0)     0.012 (   276      0)
"CPL:iceprep_atm2ice"                                                                                                -      24576    24576 1.061683e+07   4.900064e+02     0.026 (  3868      0)     0.018 ( 13256      0)
"CPL:iceprep_mrgx2i"                                                                                                 -      24576    24576 1.061683e+07   7.532847e+02     0.055 (  2826      0)     0.029 ( 22003      0)
"CPL:C2I"                                                                                                            -      24576    24576 1.061683e+07   3.897053e+03     0.169 ( 10682      0)     0.133 ( 14517      0)
"CPL:c2i_icex2icei"                                                                                                  -      24576    24576 1.061683e+07   5.199148e+02     0.029 (  3868      0)     0.019 ( 12563      0)
"CPL:ice_infoexch"                                                                                                   -      24576    24576 1.061683e+07   3.365717e+03     0.149 ( 10688      0)     0.106 ( 14517      0)
"CPL:ICE_RUN"                                                                                                        -      24576    24576 1.061683e+07   7.351941e+04     3.740 ( 19710      0)     2.844 ( 23559      0)
"i:cice_run_total"                                                                                                   -      24576    24576 1.061683e+07   7.233807e+04     3.689 ( 19710      0)     2.796 ( 23559      0)
"i:cice_run_import"                                                                                                  -      24576    24576 1.061683e+07   2.126496e+03     0.145 (  4771      0)     0.079 ( 11861      0)
"i:cice_imp_ocn"                                                                                                     -      24576    24576 1.061683e+07   2.255736e+02     0.013 ( 17789      0)     0.008 ( 11060      0)
"i:cice_imp_atm"                                                                                                     -      24576    24576 1.061683e+07   2.013607e+02     0.015 ( 14364      0)     0.008 (  3440      0)
"i:cice_run_initmd"                                                                                                  -      24576    24576 1.061683e+07   4.126107e+04     1.802 (    11      0)     1.587 ( 14412      0)
"i:cice_run_presc"                                                                                                   -      24576    24576 1.061683e+07   9.435505e+03     0.406 ( 16980      0)     0.262 ( 13059      0)
"i:cice_pice_strd_adv_total"                                                                                         -      24576    24576 1.061683e+07   7.061507e+03     0.299 ( 21352      0)     0.172 ( 13059      0)
"i:cice_pice_strd_adv_readLBUB"                                                                                      -      24576    24576 1.061683e+07   4.964784e+03     0.281 (  5436      0)     0.156 (  4712      0)
"i:cice_pice_readLBUB_setup"                                                                                         -      24576    24576 1.061683e+07   3.294147e+00     0.000 ( 19728      0)     0.000 (  3460      0)
"i:cice_pice_readLBUB_fbound"                                                                                        -      24576    24576 4.915200e+04   9.543227e-03     0.004 (     0      0)     0.000 ( 22502      0)
"i:cice_pice_readLBUB_bcast"                                                                                         -      24576    24576 4.915200e+04   1.138300e+02     0.005 ( 14641      0)     0.000 (     0      0)
"i:cice_pice_readLBUB_LB_setup"                                                                                      -      24576    24576 2.457600e+04   6.935603e-03     0.000 (     0      0)     0.000 ( 24429      0)
"i:cice_pice_readLBUB_LB_readpio"                                                                                    -      24576    24576 2.457600e+04   1.601302e+03     0.124 (  8004      0)     0.048 (  1976      0)
"i:PIO:openfile"                                                                                                     -      24576    24576 2.457600e+04   8.020692e+02     0.033 (     0      0)     0.029 (  5504      0)
"i:PIO:pio_inq_varid_file_vdesc"                                                                                     -      24576    24576 1.474560e+05   1.474274e+02     0.046 (  8013      0)     0.000 ( 11168      0)
"i:PIO:pio_inq_varid_file_vid"                                                                                       -      24576    24576 1.474560e+05   1.473687e+02     0.046 (  8013      0)     0.000 ( 11169      0)
"i:PIO:pio_inq_varndims_file_vdesc"                                                                                  -      24576    24576 7.372800e+04   3.968652e+01     0.040 ( 16552      0)     0.001 (     1      0)
"i:PIO:pio_inq_varndims_file_vid"                                                                                    -      24576    24576 7.372800e+04   3.964632e+01     0.040 ( 16552      0)     0.001 (     1      0)
"i:PIO:pio_inq_vardimid_file_vdesc"                                                                                  -      24576    24576 7.372800e+04   4.284781e+01     0.002 ( 17662      0)     0.001 ( 16891      0)
"i:PIO:pio_inq_vardimid_file_vid"                                                                                    -      24576    24576 7.372800e+04   4.281533e+01     0.002 ( 17663      0)     0.001 ( 16891      0)
"i:PIO:pio_inq_dimlen_file_dimid"                                                                                    -      24576    24576 2.211840e+05   2.590803e+01     0.001 ( 17698      0)     0.001 (  2592      0)
"i:PIO:pio_inq_dimlen_file_dimid_offlen"                                                                             -      24576    24576 2.211840e+05   2.584508e+01     0.001 ( 17696      0)     0.001 (  2592      0)
"i:PIO:pio_inq_vartype_file_vdesc"                                                                                   -      24576    24576 7.372800e+04   2.307052e+01     0.002 (     9      0)     0.000 ( 18636      0)
"i:PIO:pio_inq_vartype_file_vid"                                                                                     -      24576    24576 7.372800e+04   2.303892e+01     0.002 (     9      0)     0.000 ( 18647      0)
"i:PIO:read_darray_1d_real"                                                                                          -      24576    24576 7.372800e+04   3.104499e+03     0.234 (  5472      0)     0.053 (  4717      0)
"i:PIO:PIOc_read_darray"                                                                                             -      24576    24576 7.372800e+04   3.104303e+03     0.234 (  5472      0)     0.053 (  4717      0)
"i:PIO:read_darray_nc"                                                                                               -      24576    24576 7.372800e+04   1.942235e+02     0.198 (    12      0)     0.000 ( 18219      0)
"i:PIO:rearrange_io2comp"                                                                                            -      24576    24576 7.372800e+04   2.861177e+03     0.199 (    33      0)     0.001 (     0      0)
"i:PIO:pio_swapm"                                                                                                    -      24576    24576 7.372800e+04   2.855416e+03     0.199 (    17      0)     0.001 (     0      0)
"i:cice_pice_readLBUB_UB_setup"                                                                                      -      24576    24576 4.915200e+04   2.055063e-02     0.000 (     0      0)     0.000 ( 21086      0)
"i:cice_pice_readLBUB_UB_readpio"                                                                                    -      24576    24576 4.915200e+04   3.216469e+03     0.210 (  5436      0)     0.045 ( 23203      0)
"i:cice_pice_readLBUB_filemgt"                                                                                       -      24576    24576 1.061683e+07   1.923139e+00     0.000 ( 21461      0)     0.000 ( 23675      0)
"i:cice_pice_strd_adv_map"                                                                                           -      24576    24576 4.915200e+04   1.955411e+03     0.134 (  4715      0)     0.001 ( 22035      0)
"i:cice_pice_strd_adv_tint"                                                                                          -      24576    24576 1.061683e+07   1.009722e+02     0.005 (  3132      0)     0.004 ( 16550      0)
"i:cice_run_initflux"                                                                                                -      24576    24576 1.061683e+07   9.268463e+01     0.004 ( 24254      0)     0.004 ( 14517      0)
"i:cice_run_prepradiation"                                                                                           -      24576    24576 1.061683e+07   7.812118e+01     0.008 ( 19446      0)     0.003 ( 14656      0)
"i:cice_run_therm1"                                                                                                  -      24576    24576 1.061683e+07   2.863896e+03     0.456 ( 17773      0)     0.097 ( 13973      0)
"i:cice_run_dyn"                                                                                                     -      24576    24576 1.061683e+07   7.867077e-01     0.000 (  1884      0)     0.000 ( 10272      0)
"i:cice_run_radiation"                                                                                               -      24576    24576 1.061683e+07   1.942763e+03     0.681 ( 19710      0)     0.049 ( 22437      0)
"i:cice_step_radiationib"                                                                                            -      24576    24576 1.061683e+07   1.698730e+03     0.672 ( 19710      0)     0.041 ( 22437      0)
"i:cice_step_rib_swdedd1"                                                                                            -      24576    24576 1.061683e+07   1.772353e+02     0.013 ( 19779      0)     0.002 (  8034      0)
"i:cice_step_rib_swdedd2"                                                                                            -      24576    24576 1.061683e+07   1.396524e+02     0.007 ( 17821      0)     0.005 ( 11236      0)
"i:cice_step_rib_swdedd7"                                                                                            -      24576    24576 1.061683e+07   1.254993e+03     0.651 ( 19710      0)     0.024 ( 22457      0)
"i:cice_run_couplingprep"                                                                                            -      24576    24576 1.061683e+07   2.368942e+03     0.905 ( 19711      0)     0.045 ( 23617      0)
"i:ice_HaloUpdate2DR8"                                                                                               -      24576    24576 1.061683e+07   1.329841e+03     0.864 ( 19711      0)     0.005 ( 23617      0)
"i:ice_HU2DR8_init"                                                                                                  -      24576    24576 1.061683e+07   6.442406e+00     0.001 ( 19160      0)     0.000 (  1803      0)
"i:cice_run_diag"                                                                                                    -      24576    24576 1.061683e+07   9.908345e+03     0.449 (  8097      0)     0.368 ( 19709      0)
"i:cice_run_hist"                                                                                                    -      24576    24576 1.061683e+07   1.378277e+03     0.125 ( 11042      0)     0.041 ( 18994      0)
"i:cice_run_accum"                                                                                                   -      24576    24576 1.061683e+07   5.550573e+01     0.003 ( 10956      0)     0.002 ( 18286      0)
"i:cice_run_export"                                                                                                  -      24576    24576 1.061683e+07   6.486008e+02     0.038 ( 17853      0)     0.024 ( 22604      0)
"CPL:LND_RUN"                                                                                                        -      24576    24576 1.061683e+07   4.099272e+05    19.942 (  1281      0)    14.037 ( 24208      0)
"l:lc_lnd_import"                                                                                                    -      24576    24576 1.061683e+07   6.139246e+02     0.037 ( 18797      0)     0.021 ( 14084      0)
"l:elm_run"                                                                                                          -      24576    24576 1.064141e+07   4.081200e+05    19.864 (  1281      0)    13.964 ( 24208      0)
"l:shr_orb_decl"                                                                                                     -      24576    24576 1.064141e+07   9.024945e+00     0.000 (  1176      0)     0.000 ( 17112      0)
"l:decomp_vert"                                                                                                      -      24576    24576 1.064141e+07   6.717760e+01     0.071 ( 17284      0)     0.001 ( 17868      0)
"l:beggridwbal"                                                                                                      -      24576    24576 1.064141e+07   1.681540e+03     0.171 (  3831      0)     0.055 ( 18131      0)
"l:cnpinit"                                                                                                          -      24576    24576 1.064141e+07   9.840822e+00     0.045 ( 10211      0)     0.000 (  3032      0)
"l:cnpvegsumm"                                                                                                       -      24576    24576 1.064141e+07   1.030742e+00     0.000 ( 10149      0)     0.000 ( 13448      0)
"l:dyn_subgrid"                                                                                                      -      24576    24576 1.064141e+07   1.017052e+04     0.679 (  8853      0)     0.343 ( 13686      0)
"l:begwbal"                                                                                                          -      24576    24576 1.064141e+07   1.718302e+02     0.037 ( 17956      0)     0.005 ( 17899      0)
"l:begcnpbal"                                                                                                        -      24576    24576 1.064141e+07   7.958963e-01     0.000 (   353      0)     0.000 ( 21304      0)
"l:drvinit"                                                                                                          -      24576    24576 1.064141e+07   1.098897e+03     0.092 ( 13487      0)     0.038 ( 13684      0)
"l:canhydro"                                                                                                         -      24576    24576 1.064141e+07   1.746975e+03     0.193 ( 13239      0)     0.050 ( 17789      0)
"l:surfrad"                                                                                                          -      24576    24576 1.064141e+07   3.697898e+03     0.210 ( 10774      0)     0.126 ( 17789      0)
"l:bgp1"                                                                                                             -      24576    24576 1.064141e+07   2.125164e+03     0.198 (  9872      0)     0.060 ( 18147      0)
"l:bgflux"                                                                                                           -      24576    24576 1.064141e+07   2.590749e+03     0.157 (  1798      0)     0.062 (  7312      0)
"l:canflux"                                                                                                          -      24576    24576 1.064141e+07   1.018162e+05     6.379 ( 20138      0)     2.411 ( 12404      0)
"l:can_iter"                                                                                                         -      24576    24576 1.064141e+07   8.343312e+04     5.518 ( 20138      0)     1.818 ( 12404      0)
"l:uflux"                                                                                                            -      24576    24576 1.064141e+07   1.507051e+03     0.218 (   575      0)     0.013 ( 17477      0)
"l:bgplake"                                                                                                          -      24576    24576 1.064141e+07   7.754243e+03     0.581 (  9144      0)     0.198 ( 13236      0)
"l:bgc"                                                                                                              -      24576    24576 1.064141e+07   5.608782e+03     0.369 ( 18670      0)     0.169 ( 12402      0)
"l:soiltemperature"                                                                                                  -      24576    24576 1.064141e+07   6.261026e+04     3.120 ( 21397      0)     2.090 ( 23810      0)
"l:SoilThermProp"                                                                                                    -      24576    24576 1.064141e+07   3.301806e+03     0.212 (  3298      0)     0.087 ( 16085      0)
"l:SoilTempBandDiag"                                                                                                 -      24576    24576 2.128282e+07   6.656746e+03     0.466 (  3303      0)     0.181 ( 19683      0)
"l:PhaseChangeH2osfc"                                                                                                -      24576    24576 1.064141e+07   4.017202e+01     0.004 (  1227      0)     0.001 ( 19683      0)
"l:PhaseChangebeta"                                                                                                  -      24576    24576 1.064141e+07   1.335602e+03     0.119 (  1007      0)     0.027 ( 11784      0)
"l:bgp2"                                                                                                             -      24576    24576 1.064141e+07   2.699917e+03     0.222 ( 23406      0)     0.079 ( 16085      0)
"l:bgp2_loop_1"                                                                                                      -      24576    24576 1.064141e+07   4.240262e+02     0.045 ( 14859      0)     0.013 ( 13691      0)
"l:bgp2_loop_2"                                                                                                      -      24576    24576 1.064141e+07   7.787907e+02     0.051 (  1007      0)     0.024 ( 17789      0)
"l:bgp2_loop_3"                                                                                                      -      24576    24576 1.064141e+07   1.131780e+03     0.071 (  1007      0)     0.029 ( 24208      0)
"l:bgp2_loop_4"                                                                                                      -      24576    24576 1.064141e+07   2.925881e+02     0.021 (   851      0)     0.009 ( 17902      0)
"l:patch2col"                                                                                                        -      24576    24576 1.064141e+07   1.421985e+03     0.086 (  1007      0)     0.044 ( 16085      0)
"l:hydro without drainage"                                                                                           -      24576    24576 1.064141e+07   1.951827e+04     1.386 (  3298      0)     0.601 ( 13766      0)
"l:hylake"                                                                                                           -      24576    24576 1.064141e+07   1.984798e+03     0.193 (   752      0)     0.058 ( 13639      0)
"l:snow_init"                                                                                                        -      24576    24576 1.064141e+07   1.554636e+02     0.017 (  4741      0)     0.003 ( 18590      0)
"l:ecosysdyn"                                                                                                        -      24576    24576 1.064141e+07   5.000463e+02     0.027 (  1007      0)     0.016 ( 11542      0)
"l:depvel"                                                                                                           -      24576    24576 2.128282e+07   9.971995e+00     0.063 (  8911      0)     0.000 (  7923      0)
"l:hydro2 drainage"                                                                                                  -      24576    24576 1.064141e+07   1.505798e+03     0.103 (  2823      0)     0.041 ( 14940      0)
"l:balchk"                                                                                                           -      24576    24576 1.064141e+07   1.992350e+03     0.114 (  4765      0)     0.068 ( 23810      0)
"l:gridbalchk"                                                                                                       -      24576    24576 1.064141e+07   1.094962e+03     0.052 (   407      0)     0.038 ( 23810      0)
"l:lnd2atm"                                                                                                          -      24576    24576 1.064141e+07   9.773039e+03     0.497 (  1007      0)     0.286 ( 13244      0)
"l:wrtdiag"                                                                                                          -      24576    24576 1.064141e+07   1.019198e+02     0.016 (     0      0)     0.003 ( 19214      0)
"l:hbuf"                                                                                                             -      24576    24576 1.064141e+07   3.102927e+04     1.472 (  1007      0)     1.109 ( 23810      0)
"l:elm_drv_io"                                                                                                       -      24576    24576 1.064141e+07   3.503574e+01     0.013 (  4136      0)     0.001 ( 10546      0)
"l:elm_drv_io_htapes"                                                                                                -      24576    24576 1.064141e+07   2.817500e+01     0.013 (  4136      0)     0.001 ( 19304      0)
"l:lc_lnd_export"                                                                                                    -      24576    24576 1.064141e+07   2.976739e+02     0.014 ( 13778      0)     0.011 ( 11116      0)
"l:lc_elm2_adv_timestep"                                                                                             -      24576    24576 1.064141e+07   6.999163e+00     0.001 ( 15851      0)     0.000 (  3552      0)
"l:accum"                                                                                                            -      24576    24576 1.061683e+07   5.632348e+03     0.292 ( 22722      0)     0.211 ( 18610      0)
"CPL:ATMOCNP"                                                                                                        -      24576    24576 1.061683e+07   4.441495e+03     0.294 (   203      0)     0.036 ( 22948      0)
"CPL:atmocnp_fluxo"                                                                                                  -      24576    24576 1.061683e+07   3.763848e+03     0.267 (   203      0)     0.010 ( 22948      0)
"CPL:atmocnp_ocnalb"                                                                                                 -      24576    24576 1.061683e+07   6.535243e+02     0.047 (  7397      0)     0.018 ( 18416      0)
"CPL:L2C"                                                                                                            -      24576    24576 1.061683e+07   2.176795e+04     3.397 ( 18401      0)     0.144 (  6098      0)
"CPL:l2c_lndl2lndx"                                                                                                  -      24576    24576 1.061683e+07   2.172628e+04     3.396 ( 18401      0)     0.143 (  6098      0)
"lnd2cpl_run"                                                                                                        -      24576    24576 1.061683e+07   2.620108e+01     0.001 ( 10411      0)     0.001 ( 22903      0)
"CPL:LNDPOST"                                                                                                        -      24576    24576 1.061683e+07   7.555751e+00     0.000 (  3453      0)     0.000 ( 17215      0)
"CPL:I2C"                                                                                                            -      24576    24576 1.061683e+07   6.250507e+02     0.033 (  3868      0)     0.024 ( 13483      0)
"CPL:i2c_icei2icex"                                                                                                  -      24576    24576 1.061683e+07   5.968355e+02     0.032 (  3868      0)     0.023 ( 13483      0)
"CPL:i2c_infoexch"                                                                                                   -      24576    24576 1.061683e+07   1.270576e+01     0.001 (   152      0)     0.000 (  7837      0)
"CPL:ICEPOST"                                                                                                        -      24576    24576 1.061683e+07   9.230537e-01     0.000 (  4525      0)     0.000 ( 10718      0)
"CPL:FRACSET"                                                                                                        -      24576    24576 1.061683e+07   1.657749e+03     0.072 ( 13445      0)     0.065 ( 18358      0)
"CPL:fracset_fracset"                                                                                                -      24576    24576 1.061683e+07   1.653783e+03     0.071 ( 13445      0)     0.065 (  8034      0)
"CPL:ATMPREP"                                                                                                        -      24576    24576 1.061683e+07   4.379119e+04     3.869 ( 23190      0)     0.662 (  4985      0)
"CPL:atmprep_xao2atm"                                                                                                -      24576    24576 1.061683e+07   3.280798e+03     0.153 ( 14517      0)     0.129 ( 17868      0)
"CPL:atmprep_ocn2atm"                                                                                                -      24576    24576 1.061683e+07   2.974960e+03     0.131 ( 15093      0)     0.117 ( 20100      0)
"CPL:atmprep_alb2atm"                                                                                                -      24576    24576 1.061683e+07   1.356036e+03     0.074 (   167      0)     0.052 ( 22032      0)
"CPL:atmprep_ice2atm"                                                                                                -      24576    24576 1.061683e+07   3.304556e+03     0.152 ( 20241      0)     0.129 ( 22162      0)
"CPL:atmprep_lnd2atm"                                                                                                -      24576    24576 1.061683e+07   3.057014e+04     3.331 ( 23190      0)     0.132 (  6149      0)
"CPL:atmprep_mrgx2a"                                                                                                 -      24576    24576 1.061683e+07   2.251707e+03     0.111 ( 22389      0)     0.083 (  9850      0)
"CPL:C2A"                                                                                                            -      24576    24576 1.061683e+07   5.788872e+04     4.573 ( 21141      0)     0.572 (  2527      0)
"CPL:c2a_atmx2atmg"                                                                                                  -      24576    24576 1.061683e+07   3.475033e+04     3.974 (  4953      0)     0.181 (  7526      0)
"CPL:c2a_infoexch"                                                                                                   -      24576    24576 1.061683e+07   2.312367e+04     2.212 ( 20230      0)     0.152 (  2991      0)
"CPL:ATM_RUN"                                                                                                        -      24576    24576 1.061683e+07   4.307234e+06   179.135 (  7803      0)   172.303 ( 13324      0)
"a:EAMxx::run"                                                                                                       -      24576    24576 1.061683e+07   4.305943e+06   179.083 (  7803      0)   172.249 ( 13324      0)
"a:PIO:PIOc_sync"                                                                                                    -      24576    24576 2.457600e+04   5.846376e-01     0.000 ( 14388      0)     0.000 ( 18782      0)
"a:PIO:write_total"                                                                                                  -      24576    24576 2.457600e+04   5.287218e-01     0.000 ( 14388      0)     0.000 ( 18782      0)
"a:PIO:flush_output_buffer"                                                                                          -       2048     2048 2.048000e+03   2.226740e-01     0.000 ( 14388      0)     0.000 ( 14772      0)
"a:EAMxx::EAMxx::run"                                                                                                -      24576    24576 1.061683e+07   4.304087e+06   179.006 (  7803      0)   172.175 ( 13324      0)
"a:EAMxx::EAMxx::run-precondition-checks"                                                                            -      24576    24576 1.061683e+07   3.741383e+00     0.000 (  2817      0)     0.000 ( 17935      0)
"a:EAMxx::SurfaceCouplingImporter::run"                                                                              -      24576    24576 1.061683e+07   8.208550e+03     0.661 ( 19601      0)     0.307 ( 14652      0)
"a:EAMxx::SurfaceCouplingImporter::run-precondition-checks"                                                          -      24576    24576 1.061683e+07   1.896902e+00     0.000 ( 19205      0)     0.000 ( 19215      0)
"a:EAMxx::SurfaceCouplingImporter::run-postcondition-checks"                                                         -      24576    24576 1.061683e+07   7.127757e+03     0.618 ( 22727      0)     0.265 ( 16788      0)
"a:EAMxx::homme::run"                                                                                                -      24576    24576 1.061683e+07   4.019529e+06   164.051 (     7      0)   163.142 ( 22722      0)
"a:EAMxx::homme::run-precondition-checks"                                                                            -      24576    24576 1.061683e+07   1.962088e+00     0.000 (  6631      0)     0.000 (  2385      0)
"a:tl-sc prim_run_subcycle_c"                                                                                        -      24576    24576 2.123366e+07   3.891546e+06   158.806 ( 19567      0)   158.029 ( 22996      0)
"a:tl-s prim_step_flexible"                                                                                          -      24576    24576 2.123366e+07   3.891443e+06   158.802 ( 19567      0)   158.025 ( 22996      0)
"a:ApplyCAMForcing_tracers"                                                                                          -      24576    24576 1.061683e+07   7.788483e+03     0.562 (  9123      0)     0.199 ( 10884      0)
"a:tl-s deep_copy+derived_dp"                                                                                        -      24576    24576 2.123366e+07   1.063882e+03     0.152 ( 20631      0)     0.039 ( 14230      0)
"a:ApplyCAMForcing_dynamics"                                                                                         -      24576    24576 6.370099e+07   5.560929e+03     0.283 (  5072      0)     0.203 (  7706      0)
"a:tl-ae prim_advance_exp"                                                                                           -      24576    24576 1.274020e+08   3.003608e+06   125.866 (  5080      0)   120.132 ( 22654      0)
"a:ttype9_imex_timestep"                                                                                             -      24576    24576 1.274020e+08   2.563900e+06   108.917 (  8579      0)   101.950 ( 21129      0)
"a:caar compute"                                                                                                     -      24576    24576 1.274020e+09   6.138293e+05    26.201 (  3465      0)    23.045 ( 13930      0)
"a:caar_bexchV"                                                                                                      -      24576    24576 6.370099e+08   5.771612e+05    28.376 ( 22118      0)    19.477 ( 20667      0)
"a:caar limiter"                                                                                                     -      24576    24576 7.644119e+08   3.712150e+05    19.013 (  8579      0)    12.921 ( 18948      0)
"a:compute_stage_value_dirk"                                                                                         -      24576    24576 6.370099e+08   9.881188e+05    43.004 ( 19337      0)    37.338 ( 23083      0)
"a:tl-ae advance_hypervis_dp"                                                                                        -      24576    24576 1.274020e+08   4.367515e+05    21.038 (  8563      0)    15.384 ( 19337      0)
"a:hvf-bhwk"                                                                                                         -      24576    24576 1.274020e+08   2.087250e+05    10.209 (  8577      0)     7.124 ( 19337      0)
"a:hvf-bexch"                                                                                                        -      24576    24576 3.822060e+08   2.791005e+05    14.652 (  8560      0)     9.071 ( 19337      0)
"a:tl-sc vertical_remap"                                                                                             -      24576    24576 6.370099e+07   2.051497e+05     9.057 (  6919      0)     7.808 (  4205      0)
"a:Remap Thickness Functor"                                                                                          -      24576    24576 6.370099e+07   1.078182e+04     0.533 ( 22727      0)     0.405 ( 16920      0)
"a:Remap Scale States Functor"                                                                                       -      24576    24576 6.370099e+07   2.952799e+03     0.190 (  4139      0)     0.108 ( 11570      0)
"a:Remap Compute Grids Functor"                                                                                      -      24576    24576 6.370099e+07   1.312432e+04     0.799 (  6919      0)     0.509 (  9444      0)
"a:Remap Compute Remap Functor"                                                                                      -      24576    24576 6.370099e+07   1.404516e+05     6.128 (  8263      0)     5.338 (  8976      0)
"a:Remap Rescale States Functor"                                                                                     -      24576    24576 6.370099e+07   4.411110e+03     0.274 (  4787      0)     0.151 (  8632      0)
"a:tl-at prim_advec_observe_velocity"                                                                                -      24576    24576 6.370099e+07   2.925709e+02     0.039 ( 23404      0)     0.010 (  7575      0)
"a:tl-at prim_advec_tracers_compose"                                                                                 -      24576    24576 2.123366e+07   6.332158e+05    27.589 ( 22661      0)    22.438 (  5085      0)
"a:compose_transport"                                                                                                -      24576    24576 2.123366e+07   6.331555e+05    27.587 ( 22661      0)    22.436 (  5085      0)
"a:compose_calc_trajectory"                                                                                          -      24576    24576 2.123366e+07   4.126567e+04     2.134 (  4771      0)     1.450 (  5711      0)
"a:compose_3d_levels"                                                                                                -      24576    24576 2.123366e+07   2.154190e+04     1.095 ( 11815      0)     0.764 ( 20538      0)
"a:compose_v_bexchv"                                                                                                 -      24576    24576 2.123366e+07   1.836295e+04     1.201 (  5100      0)     0.470 ( 11815      0)
"a:compose_v2x"                                                                                                      -      24576    24576 2.123366e+07   1.292480e+03     0.063 ( 13071      0)     0.048 ( 19418      0)
"a:compose_isl"                                                                                                      -      24576    24576 2.123366e+07   1.700461e+05    10.342 ( 19458      0)     4.790 (  6080      0)
"a:compose_hypervis_scalar"                                                                                          -      24576    24576 2.123366e+07   1.820223e+05    10.005 (  2524      0)     5.460 (   321      0)
"a:compose_cedr_global"                                                                                              -      24576    24576 2.123366e+07   2.087708e+05    11.151 ( 21387      0)     5.520 (  8485      0)
"a:repro_sum_int"                                                                                                    -      24576    24576 2.123366e+07   1.887180e+05    10.315 ( 21387      0)     4.716 (  8485      0)
"a:compose_cedr_local"                                                                                               -      24576    24576 2.123366e+07   8.818275e+03     0.454 (  7897      0)     0.298 ( 15617      0)
"a:compose_dss_q"                                                                                                    -      24576    24576 2.123366e+07   2.208987e+04     1.080 ( 23533      0)     0.748 ( 22120      0)
"a:compose_vertical_remap"                                                                                           -      24576    24576 2.123366e+07   3.392035e+04     1.509 (  7567      0)     1.203 ( 16994      0)
"a:shr_reprosum_INF_NaN_Chk"                                                                                         -      24576    24576 2.123366e+07   3.749790e+02     0.022 (  4604      0)     0.015 (  6340      0)
"a:shr_reprosum_int"                                                                                                 -      24576    24576 2.123366e+07   4.234263e+04     1.939 (  2546      0)     1.512 ( 12593      0)
"a:repro_sum_loopa"                                                                                                  -      24576    24576 2.123366e+07   1.965550e+02     0.012 ( 12519      0)     0.008 (  3592      0)
"a:repro_sum_allr_minmax"                                                                                            -      24576    24576 2.123366e+07   3.185479e+04     1.498 ( 22996      0)     1.101 ( 12593      0)
"a:repro_sum_loopb"                                                                                                  -      24576    24576 2.123366e+07   4.871000e+02     0.030 (  7183      0)     0.019 ( 19543      0)
"a:repro_sum_allr_i8"                                                                                                -      24576    24576 2.123366e+07   9.682002e+03     0.410 (  6991      0)     0.377 ( 12852      0)
"a:repro_sum_finalsum"                                                                                               -      24576    24576 2.123366e+07   2.009384e+01     0.004 (  4380      0)     0.001 ( 20545      0)
"a:EAMxx::homme::run-postcondition-checks"                                                                           -      24576    24576 1.061683e+07   9.750274e+03     0.416 ( 10243      0)     0.372 ( 16788      0)
"a:EAMxx::physics::run"                                                                                              -      24576    24576 1.061683e+07   2.675713e+05    14.746 (  7803      0)     8.058 ( 13324      0)
"a:EAMxx::physics::run-precondition-checks"                                                                          -      24576    24576 1.061683e+07   2.878350e+00     0.000 (  7230      0)     0.000 ( 19177      0)
"a:EAMxx::mac_aero_mic::run"                                                                                         -      24576    24576 1.061683e+07   1.219888e+05     7.240 (  7803      0)     3.924 ( 12397      0)
"a:EAMxx::mac_aero_mic::run-precondition-checks"                                                                     -      24576    24576 1.061683e+07   1.739446e+00     0.000 (  5123      0)     0.000 (  5154      0)
"a:EAMxx::tms::run"                                                                                                  -      24576    24576 1.061683e+07   1.146715e+03     0.117 (  2613      0)     0.039 ( 13930      0)
"a:EAMxx::tms::run-precondition-checks"                                                                              -      24576    24576 1.061683e+07   1.584204e+00     0.000 ( 18083      0)     0.000 ( 10245      0)
"a:EAMxx::tms::run-postcondition-checks"                                                                             -      24576    24576 1.061683e+07   7.478640e+02     0.035 (  8791      0)     0.024 ( 16908      0)
"a:EAMxx::shoc::run"                                                                                                 -      24576    24576 1.061683e+07   4.730542e+04     2.372 ( 16296      0)     1.696 ( 10308      0)
"a:EAMxx::shoc::run-precondition-checks"                                                                             -      24576    24576 1.061683e+07   1.655811e+00     0.000 (  7836      0)     0.000 ( 22167      0)
"a:EAMxx::shoc::run-postcondition-checks"                                                                            -      24576    24576 1.061683e+07   9.454095e+03     0.399 (  5465      0)     0.361 ( 17052      0)
"a:EAMxx::cld_fraction::run"                                                                                         -      24576    24576 1.061683e+07   2.945324e+03     0.125 ( 13815      0)     0.112 ( 18120      0)
"a:EAMxx::cld_fraction::run-precondition-checks"                                                                     -      24576    24576 1.061683e+07   2.671687e+00     0.000 ( 13761      0)     0.000 (  2519      0)
"a:EAMxx::cld_fraction::run-postcondition-checks"                                                                    -      24576    24576 1.061683e+07   2.609462e+03     0.110 ( 15141      0)     0.098 (  3666      0)
"a:EAMxx::spa::run"                                                                                                  -      24576    24576 1.061683e+07   2.226928e+04     1.170 (  5178      0)     0.670 ( 19916      0)
"a:EAMxx::spa::run-precondition-checks"                                                                              -      24576    24576 1.061683e+07   1.673977e+00     0.000 ( 18083      0)     0.000 (  6397      0)
"a:EAMxx::spa::run-postcondition-checks"                                                                             -      24576    24576 1.061683e+07   1.655693e+04     0.812 (  7828      0)     0.449 ( 19916      0)
"a:EAMxx::p3::run"                                                                                                   -      24576    24576 1.061683e+07   4.795980e+04     4.189 ( 10395      0)     1.117 (  9532      0)
"a:EAMxx::p3::run-precondition-checks"                                                                               -      24576    24576 1.061683e+07   9.387244e+02     0.220 ( 13426      0)     0.035 ( 19916      0)
"a:EAMxx::p3::run-postcondition-checks"                                                                              -      24576    24576 1.061683e+07   1.737883e+04     0.770 ( 19337      0)     0.507 ( 13426      0)
"a:EAMxx::mac_aero_mic::run-postcondition-checks"                                                                    -      24576    24576 1.061683e+07   2.238078e+00     0.000 ( 17298      0)     0.000 ( 16209      0)
"a:EAMxx::rrtmgp::run"                                                                                               -      24576    24576 1.061683e+07   1.452680e+05     8.029 ( 19397      0)     4.015 ( 13290      0)
"a:EAMxx::rrtmgp::run-precondition-checks"                                                                           -      24576    24576 1.061683e+07   4.303601e+02     0.019 ( 14801      0)     0.016 ( 18120      0)
"a:EAMxx::rrtmgp::run-postcondition-checks"                                                                          -      24576    24576 1.061683e+07   1.443706e+04     0.653 (  7293      0)     0.530 ( 13324      0)
"a:EAMxx::physics::run-postcondition-checks"                                                                         -      24576    24576 1.061683e+07   1.570058e+00     0.000 ( 13194      0)     0.000 (  9522      0)
"a:EAMxx::SurfaceCouplingExporter::run"                                                                              -      24576    24576 1.061683e+07   7.927700e+03     0.378 ( 19337      0)     0.296 ( 13810      0)
"a:EAMxx::SurfaceCouplingExporter::run-precondition-checks"                                                          -      24576    24576 1.061683e+07   2.801926e+00     0.000 ( 16301      0)     0.000 (  1368      0)
"a:EAMxx::SurfaceCouplingExporter::run-postcondition-checks"                                                         -      24576    24576 1.061683e+07   3.560469e+00     0.000 (  9856      0)     0.000 ( 13599      0)
"a:EAMxx::EAMxx::run-postcondition-checks"                                                                           -      24576    24576 1.061683e+07   1.452307e+00     0.000 (   751      0)     0.000 ( 16159      0)
"a:EAMxx::IO::restart"                                                                                               -      24576    24576 1.061683e+07   4.957209e+01     0.004 ( 14241      0)     0.002 ( 15389      0)
"a:EAMxx::IO::model_restart"                                                                                         -      24576    24576 1.061683e+07   4.129494e+01     0.003 ( 14241      0)     0.001 (  1361      0)
"a:EAMxx::IO::restart::get_new_file"                                                                                 -      24576    24576 1.061683e+07   1.208240e+00     0.000 ( 15062      0)     0.000 (  6645      0)
"a:EAMxx::IO::restart::run_output_streams"                                                                           -      24576    24576 1.061683e+07   1.604870e+01     0.002 ( 14241      0)     0.000 ( 12567      0)
"a:EAMxx::IO::standard"                                                                                              -      24576    24576 1.061683e+07   2.158671e+01     0.001 (  5844      0)     0.001 ( 16988      0)
"a:EAMxx::IO::nooutput.yaml"                                                                                         -      24576    24576 1.061683e+07   1.520942e+01     0.001 ( 17425      0)     0.000 ( 10088      0)
"a:EAMxx::IO::standard::get_new_file"                                                                                -      24576    24576 1.061683e+07   5.115441e-01     0.000 ( 20706      0)     0.000 ( 21584      0)
"a:EAMxx::IO::standard::run_output_streams"                                                                          -      24576    24576 1.061683e+07   1.633325e+00     0.000 (  5665      0)     0.000 ( 13366      0)
"CPL:A2C"                                                                                                            -      24576    24576 1.061683e+07   9.587161e+04     6.964 ( 10328      0)     0.901 (  5544      0)
"CPL:a2c_atma2atmx"                                                                                                  -      24576    24576 1.061683e+07   5.251307e+04     6.137 ( 17459      0)     0.203 (  8331      0)
"CPL:a2c_infoexch"                                                                                                   -      24576    24576 1.061683e+07   4.333530e+04     4.094 ( 13182      0)     0.031 (     0      0)
"CPL:ATMPOST"                                                                                                        -      24576    24576 1.061683e+07   4.993895e+00     0.000 (  9932      0)     0.000 ( 11173      0)
"CPL:HISTORY"                                                                                                        -      24576    24576 1.061683e+07   2.436140e+01     0.002 ( 12721      0)     0.001 ( 19591      0)
"CPL:cime_run_write_history"                                                                                         -      24576    24576 1.061683e+07   1.895184e+01     0.002 ( 12721      0)     0.001 (  4217      0)
"CPL:TSTAMP_WRITE"                                                                                                   -      24576    24576 1.061683e+07   7.161648e+00     0.002 ( 22209      0)     0.000 ( 12065      0)
"CPL:TPROF_WRITE"                                                                                                    -      24576    24576 1.061683e+07   3.040788e+00     0.000 ( 22593      0)     0.000 ( 19614      0)
"CPL:C2O_INITWAIT"                                                                                                   -      24576    24576 1.059226e+07   6.908111e+04     4.881 (     8      0)     1.392 (  4161      0)
"l:interpMonthlyVeg"                                                                                                 -      24576    24576 1.059226e+07   1.008343e+05     4.117 ( 23508      0)     4.073 (  5125      0)
"l:readMonthlyVeg"                                                                                                   -      24576    24576 2.457600e+04   1.007960e+05     4.116 ( 14592      0)     4.035 (  3836      0)
"l:PIO:openfile"                                                                                                     -      24576    24576 2.457600e+04   2.915926e+03     0.198 ( 14595      0)     0.038 ( 14855      0)
"l:PIO:pio_inq_varid_file_vdesc"                                                                                     -      24576    24576 1.966080e+05   3.239138e+01     0.011 ( 20552      0)     0.000 (  8969      0)
"l:PIO:pio_inq_varid_file_vid"                                                                                       -      24576    24576 1.966080e+05   3.231740e+01     0.011 ( 20552      0)     0.000 (  8969      0)
"l:PIO:pio_inq_varndims_file_vdesc"                                                                                  -      24576    24576 1.966080e+05   2.609728e+01     0.298 (  8186      0)     0.000 ( 18083      0)
"l:PIO:pio_inq_varndims_file_vid"                                                                                    -      24576    24576 1.966080e+05   2.603721e+01     0.298 (  8188      0)     0.000 ( 18083      0)
"l:PIO:pio_inq_vardimid_file_vdesc"                                                                                  -      24576    24576 1.966080e+05   5.319290e+01     0.005 (  1719      0)     0.001 ( 17964      0)
"l:PIO:pio_inq_vardimid_file_vid"                                                                                    -      24576    24576 1.966080e+05   5.314118e+01     0.005 (  1719      0)     0.001 ( 17964      0)
"l:PIO:pio_inq_dimname_file_dimid"                                                                                   -      24576    24576 1.671168e+06   1.400382e+02     0.013 (  1725      0)     0.002 ( 14880      0)
"l:PIO:pio_inq_dimlen_file_dimid"                                                                                    -      24576    24576 3.932160e+05   2.315350e+01     0.002 (  1723      0)     0.000 ( 12228      0)
"l:PIO:pio_inq_dimlen_file_dimid_offlen"                                                                             -      24576    24576 3.932160e+05   2.306467e+01     0.002 (  1723      0)     0.000 ( 12228      0)
"l:PIO:pio_inquire_file"                                                                                             -      24576    24576 7.372800e+05   4.149110e+01     0.004 (  1719      0)     0.001 ( 12396      0)
"l:PIO:pio_inq_ndims_file"                                                                                           -      24576    24576 7.372800e+05   4.133972e+01     0.004 (  1719      0)     0.001 ( 12396      0)
"l:PIO:initdecomp"                                                                                                   -      24576    24576 2.457600e+04   2.410689e+04     0.981 (  2654      0)     0.980 ( 10446      0)
"l:PIO:PIOc_initdecomp"                                                                                              -      24576    24576 2.457600e+04   2.410661e+04     0.981 (  2657      0)     0.980 ( 10446      0)
"l:PIO:box_rearrange_create"                                                                                         -      24576    24576 2.457600e+04   2.408715e+04     0.980 (  2653      0)     0.980 ( 11542      0)
"l:PIO:pio_swapm"                                                                                                    -      24576    24576 2.703360e+05   9.295642e+04     3.894 (  8370      0)     2.175 (  4416      0)
"l:PIO:read_darray_3d_double"                                                                                        -      24576    24576 1.966080e+05   7.147609e+04     2.930 ( 19331      0)     2.583 (  8188      0)
"l:PIO:PIOc_read_darray"                                                                                             -      24576    24576 1.966080e+05   7.147558e+04     2.930 ( 19331      0)     2.583 (  8188      0)
"l:PIO:read_darray_nc"                                                                                               -      24576    24576 1.966080e+05   1.359649e+03     1.554 (  4416      0)     0.000 ( 24231      0)
"l:PIO:rearrange_io2comp"                                                                                            -      24576    24576 1.966080e+05   7.001714e+04     2.927 ( 19331      0)     1.310 (  4416      0)
"l:PIO:closefile"                                                                                                    -      24576    24576 2.457600e+04   3.050588e+01     0.043 (  4632      0)     0.000 ( 19327      0)
"l:PIO:PIOc_closefile"                                                                                               -      24576    24576 2.457600e+04   3.047658e+01     0.043 (  4632      0)     0.000 ( 19327      0)
"l:surfalb"                                                                                                          -      24576    24576 1.059226e+07   2.045105e+04     1.057 (  8706      0)     0.657 (  1213      0)
"l:urbsurfalb"                                                                                                       -      24576    24576 1.059226e+07   4.060428e+03     0.206 (  6959      0)     0.132 (   198      0)
"CPL:OCNT_RUN"                                                                                                       -      24576    24576 1.059226e+07   6.039992e+03     0.289 (     0      0)     0.106 ( 18270      0)
"o:DOCN_RUN"                                                                                                         -      24576    24576 1.059226e+07   5.796831e+03     0.263 ( 19094      0)     0.096 ( 18270      0)
"o:docn_run1"                                                                                                        -      24576    24576 1.059226e+07   1.111310e+01     0.001 ( 21963      0)     0.000 (  9392      0)
"o:docn"                                                                                                             -      24576    24576 1.059226e+07   5.768404e+03     0.262 ( 19094      0)     0.095 ( 18270      0)
"o:docn_strdata_advance"                                                                                             -      24576    24576 1.059226e+07   3.963591e+03     0.182 ( 24208      0)     0.024 ( 18270      0)
"o:docn_strd_adv_total"                                                                                              -      24576    24576 1.059226e+07   3.950220e+03     0.182 ( 24208      0)     0.024 ( 18270      0)
"o:docn_strd_adv_readLBUB"                                                                                           -      24576    24576 1.059226e+07   1.249075e+03     0.168 (  3526      0)     0.011 (     0      0)
"o:docn_readLBUB_setup"                                                                                              -      24576    24576 1.059226e+07   3.429316e+00     0.001 ( 15188      0)     0.000 ( 12996      0)
"o:docn_readLBUB_filemgt"                                                                                            -      24576    24576 1.059226e+07   2.018807e+00     0.000 ( 16231      0)     0.000 ( 23675      0)
"o:docn_strd_adv_tint"                                                                                               -      24576    24576 1.059226e+07   9.871555e+01     0.006 (  4211      0)     0.003 ( 13041      0)
"o:docn_scatter"                                                                                                     -      24576    24576 1.059226e+07   1.540232e+03     0.069 ( 12944      0)     0.059 ( 19834      0)
"o:docn_datamode"                                                                                                    -      24576    24576 1.059226e+07   5.164426e+01     0.003 ( 10976      0)     0.002 ( 15155      0)
"o:docn_run2"                                                                                                        -      24576    24576 1.059226e+07   9.521723e-01     0.004 (     0      0)     0.000 ( 13449      0)
"CPL:O2CT"                                                                                                           -      24576    24576 1.059226e+07   2.747374e+04     3.909 ( 12600      0)     0.019 ( 10775      0)
"CPL:o2c_ocno2ocnx"                                                                                                  -      24576    24576 1.059226e+07   2.571042e+02     0.015 (  3868      0)     0.009 ( 20939      0)
"CPL:o2c_infoexch"                                                                                                   -      24576    24576 1.059226e+07   2.719844e+04     3.898 ( 12600      0)     0.007 ( 10775      0)
"CPL:OCNPOSTT"                                                                                                       -      24576    24576 1.059226e+07   9.187652e+00     0.000 ( 20964      0)     0.000 ( 16079      0)
"i:cice_pice_readLBUB_LB_copy"                                                                                       -      24576    24576 2.457600e+04   2.382081e-02     0.000 (   874      0)     0.000 ( 13253      0)
"o:docn_readLBUB_fbound"                                                                                             -      24576    24576 2.457600e+04   3.195897e-03     0.000 (     0      0)     0.000 (  3419      0)
"o:docn_readLBUB_bcast"                                                                                              -      24576    24576 2.457600e+04   2.051540e+02     0.018 ( 15638      0)     0.000 (  2217      0)
"o:docn_readLBUB_LB_copy"                                                                                            -      24576    24576 2.457600e+04   2.389568e-02     0.000 ( 16423      0)     0.000 (   941      0)
"o:docn_readLBUB_UB_setup"                                                                                           -      24576    24576 2.457600e+04   1.046352e-02     0.000 (     0      0)     0.000 ( 16319      0)
"o:docn_readLBUB_UB_readpio"                                                                                         -      24576    24576 2.457600e+04   1.013549e+03     0.155 (  3583      0)     0.007 ( 14149      0)
"o:PIO:pio_inq_varid_file_vdesc"                                                                                     -      24576    24576 4.915200e+04   8.644103e+00     0.005 ( 15735      0)     0.000 (  7624      0)
"o:PIO:pio_inq_varid_file_vid"                                                                                       -      24576    24576 4.915200e+04   8.617328e+00     0.005 ( 15735      0)     0.000 (  7624      0)
"o:PIO:pio_inq_varndims_file_vdesc"                                                                                  -      24576    24576 2.457600e+04   1.083912e+01     0.003 ( 14103      0)     0.000 (  3809      0)
"o:PIO:pio_inq_varndims_file_vid"                                                                                    -      24576    24576 2.457600e+04   1.082106e+01     0.003 ( 14103      0)     0.000 (  3809      0)
"o:PIO:pio_inq_vardimid_file_vdesc"                                                                                  -      24576    24576 2.457600e+04   1.576496e+01     0.001 ( 19314      0)     0.000 (  3832      0)
"o:PIO:pio_inq_vardimid_file_vid"                                                                                    -      24576    24576 2.457600e+04   1.574828e+01     0.001 ( 19314      0)     0.000 (  3780      0)
"o:PIO:pio_inq_dimlen_file_dimid"                                                                                    -      24576    24576 7.372800e+04   9.823606e+00     0.000 ( 19297      0)     0.000 (  3776      0)
"o:PIO:pio_inq_dimlen_file_dimid_offlen"                                                                             -      24576    24576 7.372800e+04   9.783770e+00     0.000 ( 19304      0)     0.000 ( 23805      0)
"o:PIO:pio_inq_vartype_file_vdesc"                                                                                   -      24576    24576 2.457600e+04   1.114050e+01     0.001 (  2838      0)     0.000 ( 23839      0)
"o:PIO:pio_inq_vartype_file_vid"                                                                                     -      24576    24576 2.457600e+04   1.112450e+01     0.001 (  2838      0)     0.000 ( 23839      0)
"o:PIO:read_darray_1d_real"                                                                                          -      24576    24576 2.457600e+04   9.297041e+02     0.152 (  3583      0)     0.005 ( 14149      0)
"o:PIO:PIOc_read_darray"                                                                                             -      24576    24576 2.457600e+04   9.296225e+02     0.152 (  3583      0)     0.005 ( 14149      0)
"o:PIO:read_darray_nc"                                                                                               -      24576    24576 2.457600e+04   5.494363e+01     0.151 (  2568      0)     0.000 ( 13682      0)
"o:PIO:rearrange_io2comp"                                                                                            -      24576    24576 2.457600e+04   8.681046e+02     0.151 (  3583      0)     0.000 (     0      0)
"o:PIO:pio_swapm"                                                                                                    -      24576    24576 2.457600e+04   8.671308e+02     0.151 (  3583      0)     0.000 (     0      0)
"o:docn_strd_adv_fill"                                                                                               -      24576    24576 2.457600e+04   5.952723e+00     0.000 (  2112      0)     0.000 ( 14153      0)
"o:docn_strd_adv_map"                                                                                                -      24576    24576 2.457600e+04   2.536468e+03     0.147 ( 24168      0)     0.000 (  8044      0)
"CPL:RUN_LOOP_BSTOP"                                                                                                 -      24576    24576 2.457600e+04   5.666095e+01     0.002 (  3049      0)     0.000 ( 20380      0)
"CPL:FINAL"                                                                                                          -      24576    24576 2.457600e+04   4.076990e+03     0.167 (     0      0)     0.141 ( 10207      0)
"CPL:cime_final"                                                                                                     -      24576    24576 2.457600e+04   4.076932e+03     0.167 (     0      0)     0.141 ( 10207      0)
"o_f:DOCN_FINAL"                                                                                                     -      24576    24576 2.457600e+04   4.527051e-03     0.000 (     0      0)     0.000 (   805      0)
"a_f:EAMxx::finalize"                                                                                                y      24576    24576 2.457600e+04   1.703051e+03     0.142 (  8832      0)     0.056 (  9558      0)
"a_f:PIO:PIOc_sync"                                                                                                  -      24576    24576 2.457600e+04   5.064405e-01     0.000 (  6168      0)     0.000 (  6781      0)
"a_f:PIO:write_total"                                                                                                -      24576    24576 4.915200e+04   7.957870e+01     0.073 (   516      0)     0.000 (  8294      0)
"a_f:PIO:flush_output_buffer"                                                                                        -       2048     2048 4.096000e+03   2.365033e-01     0.000 (  6168      0)     0.000 (  2184      0)
"a_f:PIO:PIOc_closefile"                                                                                             -      24576    24576 4.915200e+04   1.530453e+02     0.080 ( 17292      0)     0.000 ( 23806      0)
"a_f:PIO:PIOc_closefile_write_mode"                                                                                  -      24576    24576 2.457600e+04   7.910910e+01     0.073 (   516      0)     0.000 ( 20357      0)
"a_f:PIO:PIOc_freedecomp"                                                                                            -      24576    24576 3.932160e+05   3.386266e+00     0.001 (   828      0)     0.000 ( 24476      0)
"PIO:finalize"                                                                                                       -      24576    24576 2.457600e+05   1.674001e+03     0.085 (  9992      0)     0.001 ( 12564      0)
"PIO:PIOc_finalize"                                                                                                  -      24576    24576 2.457600e+05   1.671540e+03     0.085 (  9992      0)     0.001 ( 22812      0)
"CPL:FINAL_sync1_tprf"                                                                                               -      24576    24576 2.457600e+04   3.509769e+01     0.002 ( 11510      0)     0.000 (     0      0)
"CPL:FINAL_t_prf"                                                                                                    y          0        0 0.000000e+00   0.000000e+00     0.000 (     0      0)     0.000 (     0      0)

