{
  "ScorpioIOSummaryStatistics":{
    "OverallIOStatistics":{
      "name" : "Scorpio",
      "avg_wtput" : 2467.292790,
      "avg_rtput" : 198364.015014,
      "tot_wb" : 13921880226,
      "tot_rb" : 5152948826432,
      "tot_wtime" : 34.938295
      }
    ,
    "ModelComponentIOStatistics":[
      {
        "name" : "CPL",
        "avg_wtput" : 1129.345004,
        "avg_rtput" : 0.000000,
        "tot_wb" : 230292538,
        "tot_rb" : 0,
        "tot_wtime" : 0.417357
        }
      ,
      {
        "name" : "tmp_002432tasks000038io01_comp",
        "avg_wtput" : 2800.907109,
        "avg_rtput" : 228775.527473,
        "tot_wb" : 12408834969,
        "tot_rb" : 5151061749888,
        "tot_wtime" : 29.171387
        }
      ,
      {
        "name" : "tmp_002432tasks000038io02_comp",
        "avg_wtput" : 1491.307245,
        "avg_rtput" : 554.071491,
        "tot_wb" : 1178143917,
        "tot_rb" : 1881892544,
        "tot_wtime" : 4.811305
        }
      ,
      {
        "name" : "tmp_002432tasks000038io03_comp",
        "avg_wtput" : 0.000000,
        "avg_rtput" : 57.647359,
        "tot_wb" : 0,
        "tot_rb" : 2592000,
        "tot_wtime" : 0.149877
        }
      ,
      {
        "name" : "tmp_002432tasks000038io04_comp",
        "avg_wtput" : 479.071682,
        "avg_rtput" : 129.579132,
        "tot_wb" : 104608802,
        "tot_rb" : 2592000,
        "tot_wtime" : 0.388366
        }
      ,
      {
        "name" : "tmp_002432tasks000038io05_comp",
        "avg_wtput" : 0.000000,
        "avg_rtput" : 0.000000,
        "tot_wb" : 0,
        "tot_rb" : 0,
        "tot_wtime" : 0.000001
        }
      ,
      {
        "name" : "tmp_002432tasks000038io06_comp",
        "avg_wtput" : 0.000000,
        "avg_rtput" : 0.000000,
        "tot_wb" : 0,
        "tot_rb" : 0,
        "tot_wtime" : 0.000001
        }
      ,
      {
        "name" : "tmp_002432tasks000038io07_comp",
        "avg_wtput" : 0.000000,
        "avg_rtput" : 0.000000,
        "tot_wb" : 0,
        "tot_rb" : 0,
        "tot_wtime" : 0.000001
        }
      ,
      {
        "name" : "tmp_002432tasks000004io08_comp",
        "avg_wtput" : 0.000000,
        "avg_rtput" : 0.000000,
        "tot_wb" : 0,
        "tot_rb" : 0,
        "tot_wtime" : 0.000001
        }
      ]
    ,
    "FileIOStatistics":[
      {
        "name" : "v2-overview-fcase-chrysalis-r0.FC5AV1C-L.ne30_ne30.38.cpl.hi.0001-04-01-00000.nc",
        "avg_wtput" : 1178.296726,
        "avg_rtput" : 0.000000,
        "tot_wb" : 147778552,
        "tot_rb" : 0,
        "tot_wtime" : 0.176881
        }
      ,
      {
        "name" : "v2-overview-fcase-chrysalis-r0.FC5AV1C-L.ne30_ne30.38.cpl.r.0001-04-01-00000.nc",
        "avg_wtput" : 1034.966377,
        "avg_rtput" : 0.000000,
        "tot_wb" : 82513986,
        "tot_rb" : 0,
        "tot_wtime" : 0.113486
        }
      ,
      {
        "name" : "/lcrc/group/e3sm/data/inputdata/atm/cam/chem/trop_mam/atmsrf_ne30np4_110920.nc",
        "avg_wtput" : 0.000000,
        "avg_rtput" : 36.400671,
        "tot_wb" : 0,
        "tot_rb" : 4276976,
        "tot_wtime" : 0.115389
        }
      ,
      {
        "name" : "/lcrc/group/e3sm/data/inputdata/atm/cam/chem/trop_mozart/dvel/season_wes.nc",
        "avg_wtput" : 0.000000,
        "avg_rtput" : 1732.641399,
        "tot_wb" : 0,
        "tot_rb" : 469278720,
        "tot_wtime" : 0.265298
        }
      ,
      {
        "name" : "/lcrc/group/e3sm/data/inputdata/atm/cam/chem/trop_mozart/phot/exo_coldens.nc",
        "avg_wtput" : 0.000000,
        "avg_rtput" : 6859.109282,
        "tot_wb" : 0,
        "tot_rb" : 1974900736,
        "tot_wtime" : 0.282437
        }
      ,
      {
        "name" : "/lcrc/group/e3sm/data/inputdata/atm/cam/chem/trop_mozart/ub/EESC_1850-2100_c090603.nc",
        "avg_wtput" : 0.000000,
        "avg_rtput" : 4.262232,
        "tot_wb" : 0,
        "tot_rb" : 2480640,
        "tot_wtime" : 0.562550
        }
      ,
      {
        "name" : "/lcrc/group/e3sm/data/inputdata/atm/cam/chem/trop_mozart/ub/clim_p_trop.nc",
        "avg_wtput" : 0.000000,
        "avg_rtput" : 7765.225944,
        "tot_wb" : 0,
        "tot_rb" : 2458479616,
        "tot_wtime" : 0.305469
        }
      ,
      {
        "name" : "/lcrc/group/e3sm/data/inputdata/atm/cam/chem/trop_mozart_aero/emis/DMSflux.2000.1deg_latlon_conserv.POPmonthlyClimFromACES4BGC_c20160226.nc",
        "avg_wtput" : 0.000000,
        "avg_rtput" : 0.000000,
        "tot_wb" : 0,
        "tot_rb" : 0,
        "tot_wtime" : 0.080738
        }
      ,
      {
        "name" : "/lcrc/group/e3sm/data/inputdata/atm/cam/chem/trop_mozart_aero/emis/aces4bgc_nvsoa_soag_elev_2000_c160427.nc",
        "avg_wtput" : 0.000000,
        "avg_rtput" : 0.000000,
        "tot_wb" : 0,
        "tot_rb" : 0,
        "tot_wtime" : 0.096284
        }
      ,
      {
        "name" : "/lcrc/group/e3sm/data/inputdata/atm/cam/chem/trop_mozart_aero/emis/ar5_mam3_bc_elev_2000_c120315.nc",
        "avg_wtput" : 0.000000,
        "avg_rtput" : 0.000000,
        "tot_wb" : 0,
        "tot_rb" : 0,
        "tot_wtime" : 0.087951
        }
      ,
      {
        "name" : "/lcrc/group/e3sm/data/inputdata/atm/cam/chem/trop_mozart_aero/emis/ar5_mam3_bc_surf_2000_c120315.nc",
        "avg_wtput" : 0.000000,
        "avg_rtput" : 0.000000,
        "tot_wb" : 0,
        "tot_rb" : 0,
        "tot_wtime" : 0.062625
        }
      ,
      {
        "name" : "/lcrc/group/e3sm/data/inputdata/atm/cam/chem/trop_mozart_aero/emis/ar5_mam3_num_a2_elev_2000_c120315.nc",
        "avg_wtput" : 0.000000,
        "avg_rtput" : 0.000000,
        "tot_wb" : 0,
        "tot_rb" : 0,
        "tot_wtime" : 0.096887
        }
      ,
      {
        "name" : "/lcrc/group/e3sm/data/inputdata/atm/cam/chem/trop_mozart_aero/emis/ar5_mam3_num_a2_surf_2000_c120315.nc",
        "avg_wtput" : 0.000000,
        "avg_rtput" : 0.000000,
        "tot_wb" : 0,
        "tot_rb" : 0,
        "tot_wtime" : 0.060373
        }
      ,
      {
        "name" : "/lcrc/group/e3sm/data/inputdata/atm/cam/chem/trop_mozart_aero/emis/ar5_mam3_pom_elev_2000_c130422.nc",
        "avg_wtput" : 0.000000,
        "avg_rtput" : 0.000000,
        "tot_wb" : 0,
        "tot_rb" : 0,
        "tot_wtime" : 0.108247
        }
      ,
      {
        "name" : "/lcrc/group/e3sm/data/inputdata/atm/cam/chem/trop_mozart_aero/emis/ar5_mam3_pom_surf_2000_c130422.nc",
        "avg_wtput" : 0.000000,
        "avg_rtput" : 0.000000,
        "tot_wb" : 0,
        "tot_rb" : 0,
        "tot_wtime" : 0.087375
        }
      ,
      {
        "name" : "/lcrc/group/e3sm/data/inputdata/atm/cam/chem/trop_mozart_aero/emis/ar5_mam3_so2_elev_2000_c120315.nc",
        "avg_wtput" : 0.000000,
        "avg_rtput" : 0.000000,
        "tot_wb" : 0,
        "tot_rb" : 0,
        "tot_wtime" : 0.096778
        }
      ,
      {
        "name" : "/lcrc/group/e3sm/data/inputdata/atm/cam/chem/trop_mozart_aero/emis/ar5_mam3_so2_surf_2000_c120315.nc",
        "avg_wtput" : 0.000000,
        "avg_rtput" : 0.000000,
        "tot_wb" : 0,
        "tot_rb" : 0,
        "tot_wtime" : 0.085083
        }
      ,
      {
        "name" : "/lcrc/group/e3sm/data/inputdata/atm/cam/chem/trop_mozart_aero/emis/ar5_mam3_so4_a1_elev_2000_c120315.nc",
        "avg_wtput" : 0.000000,
        "avg_rtput" : 0.000000,
        "tot_wb" : 0,
        "tot_rb" : 0,
        "tot_wtime" : 0.083465
        }
      ,
      {
        "name" : "/lcrc/group/e3sm/data/inputdata/atm/cam/chem/trop_mozart_aero/emis/ar5_mam3_so4_a1_surf_2000_c120315.nc",
        "avg_wtput" : 0.000000,
        "avg_rtput" : 0.000000,
        "tot_wb" : 0,
        "tot_rb" : 0,
        "tot_wtime" : 0.047173
        }
      ,
      {
        "name" : "/lcrc/group/e3sm/data/inputdata/atm/cam/chem/trop_mozart_aero/emis/ar5_mam3_so4_a2_elev_2000_c120315.nc",
        "avg_wtput" : 0.000000,
        "avg_rtput" : 0.000000,
        "tot_wb" : 0,
        "tot_rb" : 0,