
***** GLOBAL STATISTICS (  6144 MPI TASKS) *****

$Id: gptl.c,v 1.157 2011-03-28 20:55:18 rosinski Exp $
'count' is cumulative. All other stats are max/min
'on' indicates whether the timer was active during output, and so stats are lower or upper bounds.

name                                                                                                                           on  processes  threads        count      walltotal   wallmax (proc   thrd  )   wallmin (proc   thrd  )
"CPL:INIT"                                                                                                                      -       6144     6144 6.144000e+03   2.883889e+06   478.860 (  1853      0)   466.975 (  4879      0)
"CPL:cime_pre_init1"                                                                                                            -       6144     6144 6.144000e+03   2.257750e+04    13.149 (  1848      0)     1.268 (  4883      0)
"CPL:mpi_init"                                                                                                                  -       6144     6144 6.144000e+03   2.000718e+04    12.748 (  1848      0)     0.883 (  4878      0)
"CPL:ESMF_Initialize"                                                                                                           -       6144     6144 6.144000e+03   7.117096e+00     0.007 (  5522      0)     0.000 (  2036      0)
"CPL:cime_pre_init2"                                                                                                            -       6144     6144 6.144000e+03   4.429282e+03     0.764 (  3174      0)     0.534 (     0      0)
"CPL:seq_infodata_init"                                                                                                         -       6144     6144 6.144000e+03   6.588524e+02     0.357 (  3746      0)     0.002 (  2713      0)
"CPL:seq_timemgr_clockInit"                                                                                                     -       6144     6144 6.144000e+03   1.631788e+02     0.044 (  3366      0)     0.021 (  1270      0)
"CPL:cime_init"                                                                                                                 -       6144     6144 6.144000e+03   2.856875e+06   465.174 (     0      0)   464.940 (  3169      0)
"CPL:init_comps"                                                                                                                -       6144     6144 6.144000e+03   2.855972e+06   465.029 (     0      0)   464.793 (  3178      0)
"CPL:comp_init_pre_all"                                                                                                         -       6144     6144 6.144000e+03   1.339545e+00     0.004 (   731      0)     0.000 (  2025      0)
"comp_init_cc_iac"                                                                                                              -       6144     6144 6.144000e+03   2.407329e+01     0.017 (  5652      0)     0.001 (   664      0)
"z_i:comp_init"                                                                                                                 -       6144     6144 6.144000e+03   7.654309e-01     0.001 (   221      0)     0.000 (  2424      0)
"CPL:comp_init_cc_atm"                                                                                                          -       6144     6144 6.144000e+03   7.451254e+05   121.465 (     0      0)   121.228 (  3203      0)
"a_i:comp_init"                                                                                                                 -       6144     6144 1.228800e+04   7.450197e+05   121.460 (     0      0)   121.210 (  3169      0)
"a_i:EAMxx::init"                                                                                                               -       6144     6144 4.300800e+04   7.412958e+05   121.104 (    48      0)   119.778 (   623      0)
"a_i:EAMxx::create_output_managers"                                                                                             -       6144     6144 6.144000e+03   2.716754e+01     0.024 (  3490      0)     0.000 (  5742      0)
"a_i:EAMxx::create_atm_processes"                                                                                               -       6144     6144 6.144000e+03   1.487327e+03     0.469 (    20      0)     0.085 (  3257      0)
"a_i:EAMxx::create_grids"                                                                                                       -       6144     6144 6.144000e+03   9.432761e+04    15.437 (     0      0)    15.304 (  5394      0)
"a_i:PartitioningTime"                                                                                                          -       6144     6144 6.144000e+03   1.774356e-03     0.000 (  4754      0)     0.000 (  1054      0)
"a_i:repro_sum_int"                                                                                                             -       6144     6144 6.144000e+03   3.036746e+02     0.078 (  5800      0)     0.008 (   220      0)
"a_i:PIO:spio_get_att_tc"                                                                                                       -       6144     6144 9.338880e+05   3.878213e+02     0.067 (  3210      0)     0.062 (  5484      0)
"a_i:PIO:spio_get_vars_tc"                                                                                                      -       6144     6144 1.228800e+05   7.027556e+02     0.121 (  5836      0)     0.100 (  3202      0)
"a_i:PIO:PIOc_closefile"                                                                                                        -       6144     6144 9.830400e+04   2.934595e+02     2.915 (  4668      0)     0.000 (  2584      0)
"a_i:EAMxx::create_fields"                                                                                                      -       6144     6144 6.144000e+03   1.790903e+03     0.309 (  2508      0)     0.282 (  6008      0)
"a_i:EAMxx::initialize_fields"                                                                                                  -       6144     6144 6.144000e+03   2.836631e+05    46.210 (     0      0)    46.112 (  2512      0)
"a_i:PIO:PIOc_initdecomp"                                                                                                       -       6144     6144 7.987200e+04   6.676264e+04    10.871 (  5118      0)    10.858 (  5490      0)
"a_i:PIO:box_rearrange_create"                                                                                                  -       6144     6144 7.987200e+04   6.661377e+04    10.843 (  6130      0)    10.838 (  2610      0)
"a_i:PIO:pio_swapm"                                                                                                             -       6144     6144 3.747840e+05   1.915376e+05    38.299 (   661      0)     3.164 (  3060      0)
"a_i:PIO:PIOc_read_darray"                                                                                                      -       6144     6144 1.351680e+05   1.745330e+05    29.249 (   751      0)    26.400 (  2572      0)
"a_i:PIO:read_darray_nc"                                                                                                        -       6144     6144 1.351680e+05   1.134386e+04    28.712 (     0      0)     0.000 (   781      0)
"a_i:PIO:rearrange_io2comp"                                                                                                     -       6144     6144 1.351680e+05   1.528622e+05    28.910 (  5919      0)     0.302 (     0      0)
"a_i:EAMxx::initialize_atm_procs"                                                                                               -       6144     6144 6.144000e+03   3.580753e+05    58.590 (  5586      0)    57.336 (     0      0)
"a_i:EAMxx::SurfaceCouplingImporter::init"                                                                                      -       6144     6144 6.144000e+03   5.182453e+00     0.012 (  3197      0)     0.000 (  5171      0)
"a_i:EAMxx::homme::init"                                                                                                        -       6144     6144 6.144000e+03   2.744870e+05    44.725 (  2756      0)    44.622 (  1896      0)
"a_i:compose_init"                                                                                                              -       6144     6144 6.144000e+03   3.815661e+02     0.125 (  2756      0)     0.023 (  5868      0)
"a_i:sl_init1"                                                                                                                  -       6144     6144 6.144000e+03   4.165522e+03     0.765 (  2549      0)     0.636 (  1440      0)
"a_i:EAMxx::tms::init"                                                                                                          -       6144     6144 6.144000e+03   2.092282e-01     0.002 (  3199      0)     0.000 (  2696      0)
"a_i:EAMxx::shoc::init"                                                                                                         -       6144     6144 6.144000e+03   1.527312e+01     0.019 (   225      0)     0.002 (  1658      0)
"a_i:EAMxx::cld_fraction::init"                                                                                                 -       6144     6144 6.144000e+03   4.716410e-01     0.001 (  3262      0)     0.000 (  2660      0)
"a_i:EAMxx::spa::init"                                                                                                          -       6144     6144 6.144000e+03   7.529961e+04    13.315 (  4277      0)    12.226 (   225      0)
"a_i:Build HorizRemap data (two grids)/lus/flare/projects/E3SMinput/data/atm/scream/maps/map_ne30pg2_to_ne1024pg2_20231201.nc"  -       6144     6144 6.144000e+03   6.388451e+04    10.398 (   912      0)    10.390 (  2515      0)
"a_i:EAMxx::p3::init"                                                                                                           -       6144     6144 6.144000e+03   1.787618e+03     0.560 (  6052      0)     0.046 (  4277      0)
"a_i:EAMxx::rrtmgp::init"                                                                                                       -       6144     6144 6.144000e+03   6.403513e+03     1.381 (  5770      0)     0.044 (  4277      0)
"a_i:EAMxx::SurfaceCouplingExporter::init"                                                                                      -       6144     6144 6.144000e+03   1.886351e+01     0.008 (  1118      0)     0.002 (  4278      0)
"a_i:EAMxx::initialize_output_managers"                                                                                         -       6144     6144 6.144000e+03   1.924341e+03     0.327 (  2688      0)     0.311 (  1922      0)
"a_i:EAMxx::IO::standard"                                                                                                       -       6144     6144 6.144000e+03   1.039765e+03     0.213 (  1728      0)     0.140 (  4349      0)
"a_i:EAMxx::IO::nooutput.yaml"                                                                                                  -       6144     6144 6.144000e+03   1.039758e+03     0.213 (  1728      0)     0.140 (  4349      0)
"a_i:EAMxx::IO::standard::get_new_file"                                                                                         -       6144     6144 6.144000e+03   1.032432e+03     0.201 (  1730      0)     0.140 (  4349      0)
"a_i:PIO:PIOc_createfile"                                                                                                       -       6144     6144 6.144000e+03   9.575752e+02     0.189 (  1730      0)     0.128 (  4349      0)
"a_i:PIO:write_total"                                                                                                           -       6144     6144 2.088960e+05   9.665132e+02     0.192 (  1728      0)     0.129 (  4349      0)
"a_i:PIO:spio_put_att_tc"                                                                                                       -       6144     6144 1.904640e+05   5.374797e-01     0.000 (   492      0)     0.000 (  4927      0)
"a_i:PIO:spio_put_vars_tc"                                                                                                      -       6144     6144 6.144000e+03   6.713647e+00     0.003 (  6108      0)     0.000 (  3283      0)
"a_i:PIO:flush_output_buffer"                                                                                                   -        512      512 1.024000e+03   2.589066e+00     0.005 (  3612      0)     0.004 (  1896      0)
"a_i:EAMxx::IO::standard::run_output_streams"                                                                                   -       6144     6144 6.144000e+03   7.062810e-04     0.000 (   156      0)     0.000 (  1020      0)
"a_i:EAMxx::IO::standard::update_snapshot_tally"                                                                                -       6144     6144 6.144000e+03   7.307204e+00     0.013 (  2688      0)     0.000 (  2054      0)
"a_i:PIO:PIOc_sync"                                                                                                             -       6144     6144 6.144000e+03   1.690545e+00     0.003 (  1164      0)     0.000 (   714      0)
"CPL:comp_init_cc_lnd"                                                                                                          -       6144     6144 6.144000e+03   1.563598e+06   254.502 (   462      0)   254.483 (  2717      0)
"l_i:comp_init"                                                                                                                 -       6144     6144 6.144000e+03   1.563477e+06   254.497 (  4056      0)   254.466 (  1665      0)
"l_i:elm_init1"                                                                                                                 -       6144     6144 6.144000e+03   1.004636e+06   163.543 (  3988      0)   163.494 (  3671      0)
"l_i:PIO:openfile"                                                                                                              -       6144     6144 1.413120e+05   2.236553e+05    36.913 (  1021      0)    35.668 (  4427      0)
"l_i:PIO:pio_inq_dimid_file_dimid"                                                                                              -       6144     6144 3.747840e+05   1.058017e+02     0.043 (  4484      0)     0.006 (  3329      0)
"l_i:PIO:pio_inq_dimlen_file_dimid"                                                                                             -       6144     6144 2.205696e+06   3.517233e+02     0.076 (    17      0)     0.019 (  2076      0)
"l_i:PIO:pio_inq_dimlen_file_dimid_offlen"                                                                                      -       6144     6144 2.205696e+06   3.512694e+02     0.076 (    17      0)     0.019 (  2076      0)
"l_i:PIO:pio_inq_varid_file_vdesc"                                                                                              -       6144     6144 2.869248e+06   3.172675e+03     1.423 (  1964      0)     0.073 (  2052      0)
"l_i:PIO:pio_inq_varid_file_vid"                                                                                                -       6144     6144 2.869248e+06   3.165031e+03     1.423 (  1964      0)     0.073 (  2052      0)
"l_i:PIO:get_var_1d_int"                                                                                                        -       6144     6144 3.686400e+04   1.107829e+05    18.037 (  4128      0)    18.020 (   218      0)
"l_i:PIO:spio_get_vars_tc"                                                                                                      -       6144     6144 1.222656e+06   1.136853e+05    18.591 (  1085      0)    18.426 (  5358      0)
"l_i:PIO:closefile"                                                                                                             -       6144     6144 1.228800e+05   1.865956e+02     0.459 (   216      0)     0.001 (  1758      0)
"l_i:PIO:PIOc_closefile"                                                                                                        -       6144     6144 1.228800e+05   1.864776e+02     0.459 (   216      0)     0.001 (  5842      0)
"l_i:PIO:pio_inq_varndims_file_vdesc"                                                                                           -       6144     6144 1.357824e+06   4.951926e+02     1.220 (  2044      0)     0.017 (  2051      0)
"l_i:PIO:pio_inq_varndims_file_vid"                                                                                             -       6144     6144 1.357824e+06   4.948433e+02     1.220 (  2044      0)     0.017 (  2051      0)
"l_i:PIO:pio_inq_vardimid_file_vdesc"                                                                                           -       6144     6144 1.357824e+06   9.699049e+02     0.232 (     3      0)     0.044 (  2078      0)
"l_i:PIO:pio_inq_vardimid_file_vid"                                                                                             -       6144     6144 1.357824e+06   9.696007e+02     0.232 (     3      0)     0.044 (  2078      0)
"l_i:PIO:pio_inq_dimname_file_dimid"                                                                                            -       6144     6144 4.884480e+06   1.155893e+03     0.250 (     1      0)     0.068 (  2076      0)
"l_i:PIO:initdecomp"                                                                                                            -       6144     6144 1.597440e+05   4.210083e+04     7.058 (   250      0)     6.592 (  5575      0)
"l_i:PIO:PIOc_initdecomp"                                                                                                       -       6144     6144 1.597440e+05   4.208179e+04     7.055 (   250      0)     6.589 (  5575      0)
"l_i:PIO:box_rearrange_create"                                                                                                  -       6144     6144 1.597440e+05   4.012924e+04     6.533 (  6140      0)     6.529 (  4295      0)
"l_i:PIO:pio_swapm"                                                                                                             -       6144     6144 1.824768e+06   1.086039e+06   188.307 (  2097      0)    41.591 (  1164      0)
"l_i:PIO:read_darray_1d_double"                                                                                                 -       6144     6144 5.038080e+05   6.639302e+05   108.453 (  2051      0)   107.345 (  2046      0)
"l_i:PIO:PIOc_read_darray"                                                                                                      -       6144     6144 1.345536e+06   1.119756e+06   183.121 (  2051      0)   180.547 (  2046      0)
"l_i:PIO:read_darray_nc"                                                                                                        -       6144     6144 1.345536e+06   6.382467e+04   144.238 (  1164      0)     0.000 (  1003      0)
"l_i:PIO:rearrange_io2comp"                                                                                                     -       6144     6144 1.345536e+06   1.053182e+06   182.760 (  2051      0)    36.639 (  1164      0)
"l_i:PIO:pio_inquire_file"                                                                                                      -       6144     6144 1.769472e+06   2.842663e+02     0.061 (  1863      0)     0.017 (  2076      0)
"l_i:PIO:pio_inq_ndims_file"                                                                                                    -       6144     6144 1.769472e+06   2.831974e+02     0.061 (    23      0)     0.017 (  2076      0)
"l_i:PIO:read_darray_1d_int"                                                                                                    -       6144     6144 4.300800e+04   1.153744e+05    18.797 (  3432      0)    18.750 (  2041      0)
"l_i:PIO:read_darray_3d_double"                                                                                                 -       6144     6144 1.105920e+05   2.353831e+04     3.892 (  2082      0)     3.720 (  2041      0)
"l_i:PIO:read_darray_3d_int"                                                                                                    -       6144     6144 6.144000e+03   9.324019e+02     0.156 (  4728      0)     0.143 (   888      0)
"l_i:PIO:read_darray_4d_double"                                                                                                 -       6144     6144 8.601600e+04   5.628551e+04     9.214 (  2051      0)     9.049 (  2040      0)
"l_i:PIO:get_var_1d_text"                                                                                                       -       6144     6144 1.228800e+04   1.453711e+02     0.056 (  2904      0)     0.006 (  5053      0)
"l_i:PIO:get_var_1d_double"                                                                                                     -       6144     6144 8.847360e+05   3.212796e+03     0.546 (    11      0)     0.475 (  5067      0)
"l_i:PIO:get_var_0d_double"                                                                                                     -       6144     6144 6.144000e+04   1.733682e+02     0.091 (  1109      0)     0.015 (  4089      0)
"l_i:PIO:read_darray_2d_double"                                                                                                 -       6144     6144 5.713920e+05   2.578992e+05    42.330 (  2196      0)    41.246 (  2046      0)
"l_i:PIO:read_darray_2d_int"                                                                                                    -       6144     6144 2.457600e+04   1.798494e+03     0.313 (  2004      0)     0.255 (  5252      0)
"l_i:gather_1darray_int_total"                                                                                                  -       6144     6144 3.072000e+04   2.216219e+03     1.149 (     0      0)     0.209 (    24      0)
"l_i:scatter_1darray_int_total"                                                                                                 -       6144     6144 3.072000e+04   9.796438e+03     1.690 (    10      0)     0.749 (     0      0)
"l_i:init_filters"                                                                                                              -       6144     6144 6.144000e+03   2.594736e+00     0.005 (   720      0)     0.000 (  3240      0)
"l_i:elm_init2"                                                                                                                 -       6144     6144 6.144000e+03   5.570638e+05    90.692 (  4056      0)    90.662 (  1114      0)
"l_i:init_orbd"                                                                                                                 -       6144     6144 6.144000e+03   1.487413e+00     0.006 (  3192      0)     0.000 (  5072      0)
"l_i:PIO:get_var_0d_int"                                                                                                        -       6144     6144 1.290240e+05   1.439263e+03     0.277 (  1589      0)     0.199 (  2159      0)
"l_i:PIO:get_var_2d_double"                                                                                                     -       6144     6144 7.372800e+04   4.409755e+02     0.088 (  2018      0)     0.031 (  6134      0)
"l_i:PIO:get_var_3d_double"                                                                                                     -       6144     6144 2.457600e+04   1.939027e+02     0.055 (  5117      0)     0.016 (   144      0)
"l_i:init_accflds"                                                                                                              -       6144     6144 6.144000e+03   1.284326e+01     0.007 (  1283      0)     0.001 (  3082      0)
"l_i:init_dyn_subgrid"                                                                                                          -       6144     6144 6.144000e+03   2.420391e+01     0.014 (  4997      0)     0.002 (  3744      0)
"l_i:subgridRest_write-read"                                                                                                    -       6144     6144 6.144000e+03   5.550190e+04     9.040 (  4056      0)     9.023 (   236      0)
"l_i:init_map2gc"                                                                                                               -       6144     6144 6.144000e+03   5.920876e+00     0.006 (   227      0)     0.001 (  3441      0)
"l_i:init_elm_interface_data & pflotran"                                                                                        -       6144     6144 6.144000e+03   1.139989e-03     0.000 (   125      0)     0.000 (  4794      0)
"l_i:init_wlog"                                                                                                                 -       6144     6144 6.144000e+03   3.123579e-03     0.001 (     0      0)     0.000 (   220      0)
"l_i:elm_init3"                                                                                                                 -       6144     6144 6.144000e+03   8.362337e-03     0.000 (  3275      0)     0.000 (  3854      0)
"CPL:comp_init_cc_rof"                                                                                                          -       6144     6144 6.144000e+03   1.855467e+01     0.005 (   936      0)     0.001 (  5804      0)
"r_i:comp_init"                                                                                                                 -       6144     6144 6.144000e+03   4.431639e-01     0.002 (  1488      0)     0.000 (     0      0)
"CPL:comp_init_cc_ocn"                                                                                                          -       6144     6144 6.144000e+03   2.700205e+05    43.959 (  5398      0)    43.939 (   764      0)
"o_i:comp_init"                                                                                                                 -       6144     6144 6.144000e+03   2.699819e+05    43.954 (  5390      0)    43.918 (  5849      0)
"o_i:docn_readnml"                                                                                                              -       6144     6144 6.144000e+03   2.368376e+03     0.411 (  3441      0)     0.260 (     0      0)
"o_i:DOCN_INIT"                                                                                                                 -       6144     6144 6.144000e+03   2.675832e+05    43.682 (     0      0)    43.525 (  5841      0)
"o_i:docn_strdata_init"                                                                                                         -       6144     6144 6.144000e+03   2.360180e+05    38.543 (     0      0)    38.375 (  4939      0)
"o_i:PIO:initdecomp"                                                                                                            -       6144     6144 1.843200e+04   2.705584e+03     0.455 (    24      0)     0.421 (     0      0)
"o_i:PIO:PIOc_initdecomp"                                                                                                       -       6144     6144 1.843200e+04   2.705532e+03     0.455 (    24      0)     0.421 (     0      0)
"o_i:PIO:box_rearrange_create"                                                                                                  -       6144     6144 1.843200e+04   2.579358e+03     0.420 (  6037      0)     0.420 (   880      0)
"o_i:PIO:pio_swapm"                                                                                                             -       6144     6144 6.758400e+04   2.885974e+03     0.531 (  3343      0)     0.347 (    24      0)
"o_i:docn_initgsmaps"                                                                                                           -       6144     6144 6.144000e+03   1.910950e+00     0.000 (  1801      0)     0.000 (  5845      0)
"o_i:docn_initmctdom"                                                                                                           -       6144     6144 6.144000e+03   1.745895e+00     0.005 (   225      0)     0.000 (  5499      0)
"o_i:docn_initmctavs"                                                                                                           -       6144     6144 6.144000e+03   2.055515e+00     0.003 (  2651      0)     0.000 (   584      0)
"o_i:DOCN_RUN"                                                                                                                  -       6144     6144 6.144000e+03   3.155908e+04     5.167 (    12      0)     5.108 (  3789      0)
"o_i:docn_run1"                                                                                                                 -       6144     6144 6.144000e+03   4.904970e-03     0.000 (    72      0)     0.000 (  3759      0)
"o_i:docn"                                                                                                                      -       6144     6144 6.144000e+03   3.155905e+04     5.167 (    12      0)     5.108 (  3789      0)
"o_i:docn_strdata_advance"                                                                                                      -       6144     6144 6.144000e+03   3.155694e+04     5.167 (    12      0)     5.108 (   409      0)
"o_i:docn_strd_adv_total"                                                                                                       -       6144     6144 6.144000e+03   3.155693e+04     5.167 (    12      0)     5.108 (   409      0)
"o_i:docn_strd_adv_readLBUB"                                                                                                    -       6144     6144 6.144000e+03   3.131346e+04     5.161 (  2376      0)     5.054 (   419      0)
"o_i:docn_readLBUB_setup"                                                                                                       -       6144     6144 6.144000e+03   2.099259e-03     0.000 (  1289      0)     0.000 (   187      0)
"o_i:docn_readLBUB_fbound"                                                                                                      -       6144     6144 6.144000e+03   4.665138e+00     4.664 (     0      0)     0.000 (  1462      0)
"o_i:docn_readLBUB_bcast"                                                                                                       -       6144     6144 6.144000e+03   2.864622e+04     4.694 (    12      0)     0.000 (     0      0)
"o_i:docn_readLBUB_LB_setup"                                                                                                    -       6144     6144 6.144000e+03   7.312087e-02     0.002 (  4949      0)     0.000 (  4335      0)
"o_i:docn_readLBUB_LB_readpio"                                                                                                  -       6144     6144 6.144000e+03   2.284097e+03     0.408 (  2004      0)     0.345 (     2      0)
"o_i:PIO:openfile"                                                                                                              -       6144     6144 6.144000e+03   2.058885e+03     0.336 (  3837      0)     0.331 (  4946      0)
"o_i:PIO:pio_inq_varid_file_vdesc"                                                                                              -       6144     6144 2.457600e+04   4.370537e+00     0.001 (  2297      0)     0.000 (  3084      0)
"o_i:PIO:pio_inq_varid_file_vid"                                                                                                -       6144     6144 2.457600e+04   4.359164e+00     0.001 (  2297      0)     0.000 (  3084      0)
"o_i:PIO:pio_inq_varndims_file_vdesc"                                                                                           -       6144     6144 1.228800e+04   7.332177e+00     0.030 (  2376      0)     0.000 (  3719      0)
"o_i:PIO:pio_inq_varndims_file_vid"                                                                                             -       6144     6144 1.228800e+04   7.325084e+00     0.030 (  2376      0)     0.000 (  3719      0)
"o_i:PIO:pio_inq_vardimid_file_vdesc"                                                                                           -       6144     6144 1.228800e+04   9.525490e+00     0.002 (     3      0)     0.001 (  2398      0)
"o_i:PIO:pio_inq_vardimid_file_vid"                                                                                             -       6144     6144 1.228800e+04   9.519304e+00     0.002 (     3      0)     0.001 (  2398      0)
"o_i:PIO:pio_inq_dimlen_file_dimid"                                                                                             -       6144     6144 3.686400e+04   5.780237e+00     0.001 (    46      0)     0.001 (  1180      0)
"o_i:PIO:pio_inq_dimlen_file_dimid_offlen"                                                                                      -       6144     6144 3.686400e+04   5.769096e+00     0.001 (    46      0)     0.001 (    51      0)
"o_i:PIO:pio_inq_vartype_file_vdesc"                                                                                            -       6144     6144 1.228800e+04   4.562385e+00     0.001 (    18      0)     0.001 (  4095      0)
"o_i:PIO:pio_inq_vartype_file_vid"                                                                                              -       6144     6144 1.228800e+04   4.556071e+00     0.001 (    18      0)     0.001 (  4095      0)
"o_i:PIO:read_darray_1d_real"                                                                                                   -       6144     6144 1.228800e+04   4.926310e+02     0.127 (  2436      0)     0.022 (   549      0)
"o_i:PIO:PIOc_read_darray"                                                                                                      -       6144     6144 1.228800e+04   4.925958e+02     0.127 (  2436      0)     0.022 (   549      0)
"o_i:PIO:read_darray_nc"                                                                                                        -       6144     6144 1.228800e+04   3.909618e+01     0.120 (  2352      0)     0.000 (  4238      0)
"o_i:PIO:rearrange_io2comp"                                                                                                     -       6144     6144 1.228800e+04   4.370582e+02     0.121 (  1012      0)     0.001 (  2604      0)
"o_i:docn_readLBUB_UB_setup"                                                                                                    -       6144     6144 6.144000e+03   3.945791e-03     0.000 (     0      0)     0.000 (  6142      0)
"o_i:docn_readLBUB_UB_readpio"                                                                                                  -       6144     6144 6.144000e+03   3.775588e+02     0.105 (  1079      0)     0.015 (   398      0)
"o_i:docn_readLBUB_filemgt"                                                                                                     -       6144     6144 6.144000e+03   1.196688e-03     0.000 (  5224      0)     0.000 (  2286      0)
"o_i:docn_strd_adv_fill"                                                                                                        -       6144     6144 6.144000e+03   8.144673e-01     0.003 (  1896      0)     0.000 (  1798      0)
"o_i:docn_strd_adv_map"                                                                                                         -       6144     6144 6.144000e+03   2.397772e+02     0.062 (    58      0)     0.003 (  2424      0)
"o_i:docn_strd_adv_tint"                                                                                                        -       6144     6144 6.144000e+03   2.489559e+00     0.004 (  5355      0)     0.000 (   553      0)
"o_i:docn_scatter"                                                                                                              -       6144     6144 6.144000e+03   9.309013e-01     0.000 (  5196      0)     0.000 (  2272      0)
"o_i:docn_datamode"                                                                                                             -       6144     6144 6.144000e+03   5.076020e-01     0.003 (  1495      0)     0.000 (  5820      0)
"o_i:docn_run2"                                                                                                                 -       6144     6144 6.144000e+03   9.200189e-03     0.000 (  4999      0)     0.000 (  1165      0)
"CPL:comp_init_cc_ice"                                                                                                          -       6144     6144 6.144000e+03   2.760781e+05    44.938 (  3893      0)    44.928 (  5362      0)
"i_i:comp_init"                                                                                                                 -       6144     6144 6.144000e+03   2.759204e+05    44.933 (  3890      0)    44.884 (  4471      0)
"i_i:cice_init"                                                                                                                 -       6144     6144 6.144000e+03   2.769417e+04     4.520 (  2652      0)     4.502 (  2257      0)
"i_i:ice_HaloUpdate2DR8"                                                                                                        -       6144     6144 2.457600e+04   1.595680e+01     0.239 (     1      0)     0.000 (  1190      0)
"i_i:ice_HU2DR8_init"                                                                                                           -       6144     6144 2.457600e+04   1.624855e-02     0.000 (  3472      0)     0.000 (   466      0)
"i_i:state_bound_h1"                                                                                                            -       6144     6144 6.144000e+03   3.010959e+00     0.013 (  2652      0)     0.000 (  4490      0)
"i_i:ice_HaloUpdate3DR8"                                                                                                        -       6144     6144 3.072000e+04   3.279989e+00     0.013 (  2652      0)     0.000 (  4120      0)
"i_i:ice_HU3DR8_init"                                                                                                           -       6144     6144 3.072000e+04   3.074566e-01     0.002 (  5493      0)     0.000 (  1255      0)
"i_i:ice_HU3DR8_recvall"                                                                                                        -       6144     6144 3.072000e+04   1.658908e+00     0.013 (  2652      0)     0.000 (    49      0)
"i_i:state_bound_hm"                                                                                                            -       6144     6144 6.144000e+03   9.025289e-02     0.000 (  5673      0)     0.000 (  2070      0)
"i_i:state_bound_hc"                                                                                                            -       6144     6144 6.144000e+03   1.536391e-02     0.000 (    57      0)     0.000 (  4785      0)
"i_i:state_bound_h2"                                                                                                            -       6144     6144 6.144000e+03   1.503903e+00     0.006 (  4946      0)     0.000 (  1500      0)
"i_i:ice_HaloUpdate4DR8"                                                                                                        -       6144     6144 6.144000e+03   3.907566e-01     0.004 (  4953      0)     0.000 (  1500      0)
"i_i:ice_HU4DR8_init"                                                                                                           -       6144     6144 6.144000e+03   7.596384e-02     0.002 (  4196      0)     0.000 (  1944      0)
"i_i:ice_HU4DR8_recvall"                                                                                                        -       6144     6144 6.144000e+03   7.200754e-04     0.000 (   908      0)     0.000 (  4145      0)
"i_i:state_bound_hd"                                                                                                            -       6144     6144 6.144000e+03   3.289884e-03     0.000 (  1580      0)     0.000 (  6014      0)
"i_i:cice_mct_init"                                                                                                             -       6144     6144 6.144000e+03   2.482171e+05    40.425 (  3232      0)    40.367 (  5392      0)
"i_i:PIO:initdecomp"                                                                                                            -       6144     6144 1.843200e+04   3.126972e+03     6.595 (     2      0)     0.430 (  4709      0)
"i_i:PIO:PIOc_initdecomp"                                                                                                       -       6144     6144 1.843200e+04   3.126914e+03     6.595 (     2      0)     0.430 (  4709      0)
"i_i:PIO:box_rearrange_create"                                                                                                  -       6144     6144 1.843200e+04   2.639308e+03     0.430 (  3646      0)     0.429 (   875      0)
"i_i:PIO:pio_swapm"                                                                                                             -       6144     6144 5.529600e+04   2.501435e+03     0.426 (  3408      0)     0.353 (   392      0)
"CPL:comp_init_cc_glc"                                                                                                          -       6144     6144 6.144000e+03   3.486366e+01     0.006 (  5520      0)     0.005 (  3895      0)
"g_i:comp_init"                                                                                                                 -       6144     6144 6.144000e+03   8.589667e-03     0.000 (  4702      0)     0.000 (  3657      0)
"CPL:comp_init_cc_wav"                                                                                                          -       6144     6144 6.144000e+03   2.975834e+01     0.005 (  2893      0)     0.005 (  1500      0)
"w_i:comp_init"                                                                                                                 -       6144     6144 6.144000e+03   4.619207e-03     0.000 (  1997      0)     0.000 (  3657      0)
"CPL:comp_init_cc_esp"                                                                                                          -       6144     6144 6.144000e+03   2.639329e+01     0.004 (  2976      0)     0.004 (  2893      0)
"e_i:comp_init"                                                                                                                 -       6144     6144 6.144000e+03   4.485919e-03     0.000 (  5874      0)     0.000 (  6128      0)
"CPL:comp_init_cx_all"                                                                                                          -       6144     6144 6.144000e+03   1.014215e+03     0.165 (  4794      0)     0.165 (  2525      0)
"CPL:comp_list_all"                                                                                                             -       6144     6144 6.144000e+03   7.907023e-01     0.003 (  4193      0)     0.000 (  1812      0)
"CPL:init_maps"                                                                                                                 -       6144     6144 6.144000e+03   1.352108e+02     0.051 (   728      0)     0.017 (  2750      0)
"CPL:init_aream"                                                                                                                -       6144     6144 6.144000e+03   1.660479e+01     0.037 (  2839      0)     0.000 (  1520      0)
"CPL:init_domain_check"                                                                                                         -       6144     6144 6.144000e+03   2.379630e+02     0.045 (  1463      0)     0.008 (   721      0)
"CPL:init_areacor"                                                                                                              -       6144     6144 6.144000e+03   9.374540e+01     0.015 (  1752      0)     0.013 (   416      0)
"CPL:init_fracs"                                                                                                                -       6144     6144 6.144000e+03   2.404212e+01     0.013 (     0      0)     0.001 (  1455      0)
"CPL:init_aoflux"                                                                                                               -       6144     6144 6.144000e+03   7.604519e+00     0.005 (   899      0)     0.001 (     0      0)
"CPL:init_atminit"                                                                                                              -       6144     6144 3.686400e+04   5.364814e+01     0.023 (  5635      0)     0.003 (  2666      0)
"CPL:comp_init_cc_atm2"                                                                                                         -       6144     6144 6.144000e+03   1.303996e+02     0.030 (  3806      0)     0.005 (  2835      0)
"CPL:init_readrestart"                                                                                                          -       6144     6144 6.144000e+03   1.450563e+00     0.004 (  2641      0)     0.000 (   830      0)
"CPL:cime_run_init"                                                                                                             -       6144     6144 6.144000e+03   1.421338e+00     0.106 (     0      0)     0.000 (  5689      0)
"CPL:INIT_sync1_tprf"                                                                                                           -       6144     6144 6.144000e+03   6.360131e+02     0.106 (   763      0)     0.000 (     0      0)
"CPL:INIT_t_prf"                                                                                                                -       6144     6144 6.144000e+03   3.310962e+00     0.299 (     0      0)     0.000 (  4553      0)
"CPL:INIT_sync2_tprf"                                                                                                           -       6144     6144 6.144000e+03   1.837076e+03     0.299 (  6101      0)     0.000 (     0      0)
"CPL:RUN_LOOP_BSTART"                                                                                                           -       6144     6144 6.144000e+03   2.652143e-01     0.000 (  5714      0)     0.000 (  5475      0)
"CPL:RUN_LOOP"                                                                                                                  -       6144     6144 2.654208e+06   3.493613e+06   568.627 (  5821      0)   568.614 (  1657      0)
"CPL:CLOCK_ADVANCE"                                                                                                             -       6144     6144 2.654208e+06   2.254604e+02     0.040 (     0      0)     0.035 (  1333      0)
"CPL:RUN"                                                                                                                       -       6144     6144 3.184435e+07   4.141343e+04    12.777 (  3555      0)     2.923 (  1449      0)
"CPL:OCNPRE1"                                                                                                                   -       6144     6144 2.654208e+06   1.998986e+03     0.390 (  4915      0)     0.265 (  1097      0)
"CPL:ocnpre1_atm2ocn"                                                                                                           -       6144     6144 2.654208e+06   1.996220e+03     0.389 (  4915      0)     0.264 (  1097      0)
"CPL:LNDPREP"                                                                                                                   -       6144     6144 2.654208e+06   5.538613e+02     0.151 (   708      0)     0.035 (  2758      0)
"CPL:lndprep_atm2lnd"                                                                                                           -       6144     6144 2.654208e+06   3.536482e+02     0.112 (   708      0)     0.028 (  1450      0)
"CPL:lndprep_mrgx2l"                                                                                                            -       6144     6144 2.654208e+06   1.941725e+02     0.055 (  4023      0)     0.003 (  2753      0)
"CPL:COMM"                                                                                                                      -       6144     6144 1.857331e+07   1.630907e+05    44.213 (  3312      0)    10.769 (   780      0)
"CPL:C2L"                                                                                                                       -       6144     6144 2.654208e+06   2.301362e+03     0.459 (  1410      0)     0.296 (   708      0)
"CPL:c2l_lndx2lndl"                                                                                                             -       6144     6144 2.654208e+06   1.026364e+03     0.232 (   509      0)     0.098 (  1532      0)
"CPL:c2l_infoexch"                                                                                                              -       6144     6144 2.654208e+06   1.270389e+03     0.327 (  1388      0)     0.088 (   715      0)
"CPL:ICEPREP"                                                                                                                   -       6144     6144 2.654208e+06   1.659296e+03     0.291 (  2541      0)     0.260 (  1864      0)
"CPL:iceprep_ocn2ice"                                                                                                           -       6144     6144 2.654208e+06   2.721608e+02     0.050 (  2541      0)     0.041 (  5236      0)
"CPL:iceprep_atm2ice"                                                                                                           -       6144     6144 2.654208e+06   4.964235e+02     0.086 (  2677      0)     0.076 (  1864      0)
"CPL:iceprep_mrgx2i"                                                                                                            -       6144     6144 2.654208e+06   8.773276e+02     0.161 (  5374      0)     0.139 (  5978      0)
"CPL:C2I"                                                                                                                       -       6144     6144 2.654208e+06   1.887081e+03     0.330 (  1864      0)     0.267 (  1188      0)
"CPL:c2i_icex2icei"                                                                                                             -       6144     6144 2.654208e+06   4.853993e+02     0.086 (  5704      0)     0.075 (  2732      0)
"CPL:ice_infoexch"                                                                                                              -       6144     6144 2.654208e+06   1.398059e+03     0.252 (  1864      0)     0.185 (  1188      0)
"CPL:ICE_RUN"                                                                                                                   -       6144     6144 2.654208e+06   2.257216e+04     4.948 (  4861      0)     3.443 (  2038      0)
"i:cice_run_total"                                                                                                              -       6144     6144 2.654208e+06   2.159381e+04     4.782 (  4861      0)     3.285 (  2038      0)
"i:cice_run_import"                                                                                                             -       6144     6144 2.654208e+06   2.192917e+03     0.413 (  3965      0)     0.332 (  1118      0)
"i:cice_imp_ocn"                                                                                                                -       6144     6144 2.654208e+06   2.012995e+02     0.053 (  3699      0)     0.031 (   771      0)
"i:cice_imp_atm"                                                                                                                -       6144     6144 2.654208e+06   1.958661e+02     0.067 (  3699      0)     0.031 (  1393      0)
"i:cice_run_initmd"                                                                                                             -       6144     6144 2.654208e+06   5.116649e+03     0.883 (  6142      0)     0.768 (  2536      0)
"i:cice_run_presc"                                                                                                              -       6144     6144 2.654208e+06   3.202737e+03     0.548 (  4327      0)     0.458 (  5834      0)
"i:cice_pice_strd_adv_total"                                                                                                    -       6144     6144 2.654208e+06   9.240041e+02     0.162 (  1020      0)     0.108 (  5843      0)
"i:cice_pice_strd_adv_readLBUB"                                                                                                 -       6144     6144 2.654208e+06   4.325443e+02     0.108 (  4344      0)     0.050 (  3236      0)
"i:cice_pice_readLBUB_setup"                                                                                                    -       6144     6144 2.654208e+06   8.120462e-01     0.000 (  2712      0)     0.000 (  1562      0)
"i:cice_pice_readLBUB_fbound"                                                                                                   -       6144     6144 1.228800e+04   5.454976e-03     0.004 (     0      0)     0.000 (  3840      0)
"i:cice_pice_readLBUB_bcast"                                                                                                    -       6144     6144 1.228800e+04   2.875259e+01     0.005 (  1556      0)     0.001 (     0      0)
"i:cice_pice_readLBUB_LB_setup"                                                                                                 -       6144     6144 6.144000e+03   2.255965e-03     0.000 (     0      0)     0.000 (  1761      0)
"i:cice_pice_readLBUB_LB_readpio"                                                                                               -       6144     6144 6.144000e+03   1.536935e+02     0.026 (  4980      0)     0.023 (  6016      0)
"i:PIO:openfile"                                                                                                                -       6144     6144 6.144000e+03   8.495810e+01     0.014 (  5869      0)     0.014 (     0      0)
"i:PIO:pio_inq_varid_file_vdesc"                                                                                                -       6144     6144 3.686400e+04   9.528540e+00     0.002 (  6136      0)     0.001 (   867      0)
"i:PIO:pio_inq_varid_file_vid"                                                                                                  -       6144     6144 3.686400e+04   9.513596e+00     0.002 (  6136      0)     0.001 (   867      0)
"i:PIO:pio_inq_varndims_file_vdesc"                                                                                             -       6144     6144 1.843200e+04   7.963910e+00     0.002 (   672      0)     0.001 (   551      0)
"i:PIO:pio_inq_varndims_file_vid"                                                                                               -       6144     6144 1.843200e+04   7.954196e+00     0.002 (   672      0)     0.001 (   551      0)
"i:PIO:pio_inq_vardimid_file_vdesc"                                                                                             -       6144     6144 1.843200e+04   1.870637e+01     0.003 (   136      0)     0.003 (  4714      0)
"i:PIO:pio_inq_vardimid_file_vid"                                                                                               -       6144     6144 1.843200e+04   1.869825e+01     0.003 (   136      0)     0.003 (  4714      0)
"i:PIO:pio_inq_dimlen_file_dimid"                                                                                               -       6144     6144 5.529600e+04   1.208837e+01     0.002 (    39      0)     0.002 (  3787      0)
"i:PIO:pio_inq_dimlen_file_dimid_offlen"                                                                                        -       6144     6144 5.529600e+04   1.207191e+01     0.002 (    39      0)     0.002 (  3787      0)
"i:PIO:pio_inq_vartype_file_vdesc"                                                                                              -       6144     6144 1.843200e+04   9.437189e+00     0.002 (  4981      0)     0.001 (   965      0)
"i:PIO:pio_inq_vartype_file_vid"                                                                                                -       6144     6144 1.843200e+04   9.428289e+00     0.002 (  2891      0)     0.001 (   871      0)
"i:PIO:read_darray_1d_real"                                                                                                     -       6144     6144 1.843200e+04   2.367125e+02     0.077 (  4344      0)     0.019 (  3236      0)
"i:PIO:PIOc_read_darray"                                                                                                        -       6144     6144 1.843200e+04   2.366689e+02     0.077 (  4344      0)     0.019 (  3236      0)
"i:PIO:read_darray_nc"                                                                                                          -       6144     6144 1.843200e+04   1.715995e+01     0.066 (  6060      0)     0.000 (   229      0)
"i:PIO:rearrange_io2comp"                                                                                                       -       6144     6144 1.843200e+04   1.982072e+02     0.068 (  4481      0)     0.000 (     0      0)
"i:PIO:pio_swapm"                                                                                                               -       6144     6144 1.843200e+04   1.976773e+02     0.068 (  4481      0)     0.000 (     0      0)
"i:cice_pice_readLBUB_UB_setup"                                                                                                 -       6144     6144 1.228800e+04   5.656208e-03     0.000 (     0      0)     0.000 (  3199      0)
"i:cice_pice_readLBUB_UB_readpio"                                                                                               -       6144     6144 1.228800e+04   2.408711e+02     0.076 (  4428      0)     0.019 (  3236      0)
"i:cice_pice_readLBUB_filemgt"                                                                                                  -       6144     6144 2.654208e+06   5.436906e-01     0.000 (  3665      0)     0.000 (  6010      0)
"i:cice_pice_strd_adv_map"                                                                                                      -       6144     6144 1.228800e+04   4.203179e+02     0.097 (  4711      0)     0.012 (  5843      0)
"i:cice_pice_strd_adv_tint"                                                                                                     -       6144     6144 2.654208e+06   6.019073e+01     0.011 (  4367      0)     0.009 (  6084      0)
"i:cice_run_initflux"                                                                                                           -       6144     6144 2.654208e+06   2.175460e+02     0.041 (  4392      0)     0.031 (  1780      0)
"i:cice_run_prepradiation"                                                                                                      -       6144     6144 2.654208e+06   8.423661e+01     0.022 (  4839      0)     0.012 (  5200      0)
"i:cice_run_therm1"                                                                                                             -       6144     6144 2.654208e+06   3.453298e+03     1.132 (  4842      0)     0.493 (  1060      0)
"i:cice_run_dyn"                                                                                                                -       6144     6144 2.654208e+06   1.342047e-01     0.000 (   319      0)     0.000 (  3591      0)
"i:cice_run_radiation"                                                                                                          -       6144     6144 2.654208e+06   2.116771e+03     1.163 (  4923      0)     0.250 (  2027      0)
"i:cice_step_radiationib"                                                                                                       -       6144     6144 2.654208e+06   1.900841e+03     1.129 (  4923      0)     0.215 (  2027      0)
"i:cice_step_rib_swdedd1"                                                                                                       -       6144     6144 2.654208e+06   1.660303e+02     0.050 (  6143      0)     0.011 (  5901      0)
"i:cice_step_rib_swdedd2"                                                                                                       -       6144     6144 2.654208e+06   1.307434e+02     0.024 (  4872      0)     0.020 (  1420      0)
"i:cice_step_rib_swdedd7"                                                                                                       -       6144     6144 2.654208e+06   1.493316e+03     1.053 (  4923      0)     0.162 (  5200      0)
"i:cice_run_couplingprep"                                                                                                       -       6144     6144 2.654208e+06   1.485925e+03     0.310 (  4376      0)     0.223 (  4863      0)
"i:ice_HaloUpdate2DR8"                                                                                                          -       6144     6144 2.654208e+06   1.323830e+02     0.097 (  4376      0)     0.008 (  4623      0)
"i:ice_HU2DR8_init"                                                                                                             -       6144     6144 2.654208e+06   2.112912e+00     0.001 (   497      0)     0.000 (  2648      0)
"i:cice_run_diag"                                                                                                               -       6144     6144 2.654208e+06   1.638049e+03     0.296 (   339      0)     0.205 (  4836      0)
"i:cice_run_hist"                                                                                                               -       6144     6144 2.654208e+06   1.367928e+03     0.245 (  3715      0)     0.178 (  5871      0)
"i:cice_run_accum"                                                                                                              -       6144     6144 2.654208e+06   2.761100e+01     0.005 (  5644      0)     0.004 (  2000      0)
"i:cice_run_export"                                                                                                             -       6144     6144 2.654208e+06   6.337335e+02     0.117 (  4828      0)     0.096 (  1025      0)
"CPL:LND_RUN"                                                                                                                   -       6144     6144 2.654208e+06   3.326158e+05    64.435 (   379      0)    45.583 (  1190      0)
"l:lc_lnd_import"                                                                                                               -       6144     6144 2.654208e+06   1.145051e+03     0.274 (  5581      0)     0.081 (  6035      0)
"l:elm_run"                                                                                                                     -       6144     6144 2.660352e+06   3.307072e+05    64.168 (   379      0)    45.243 (  6052      0)
"l:shr_orb_decl"                                                                                                                -       6144     6144 2.660352e+06   2.905174e+00     0.001 (  3047      0)     0.000 (  4609      0)
"l:decomp_vert"                                                                                                                 -       6144     6144 2.660352e+06   4.180518e+01     0.011 (  5377      0)     0.003 (  5232      0)
"l:beggridwbal"                                                                                                                 -       6144     6144 2.660352e+06   1.582826e+03     0.307 (   654      0)     0.218 (  4380      0)
"l:cnpinit"                                                                                                                     -       6144     6144 2.660352e+06   2.739150e+00     0.002 (  4952      0)     0.000 (  2053      0)
"l:cnpvegsumm"                                                                                                                  -       6144     6144 2.660352e+06   2.914954e-01     0.000 (  2371      0)     0.000 (  5244      0)
"l:dyn_subgrid"                                                                                                                 -       6144     6144 2.660352e+06   9.604155e+03     1.824 (   654      0)     1.370 (  3441      0)
"l:begwbal"                                                                                                                     -       6144     6144 2.660352e+06   1.846952e+02     0.047 (  6075      0)     0.019 (  5491      0)
"l:begcnpbal"                                                                                                                   -       6144     6144 2.660352e+06   3.661004e-01     0.000 (  1856      0)     0.000 (  3662      0)
"l:drvinit"                                                                                                                     -       6144     6144 2.660352e+06   8.918450e+02     0.174 (  1085      0)     0.131 (  3280      0)
"l:canhydro"                                                                                                                    -       6144     6144 2.660352e+06   1.697893e+03     0.358 (   654      0)     0.216 (  3312      0)
"l:surfrad"                                                                                                                     -       6144     6144 2.660352e+06   3.600330e+03     0.711 (  1117      0)     0.492 (  2885      0)
"l:bgp1"                                                                                                                        -       6144     6144 2.660352e+06   1.960403e+03     0.443 (  6075      0)     0.240 (  3441      0)
"l:bgflux"                                                                                                                      -       6144     6144 2.660352e+06   2.655644e+03     0.660 (   630      0)     0.269 (  1382      0)
"l:canflux"                                                                                                                     -       6144     6144 2.660352e+06   1.047525e+05    24.966 (   977      0)    10.920 (  4067      0)
"l:can_iter"                                                                                                                    -       6144     6144 2.660352e+06   8.567198e+04    21.295 (   977      0)     8.343 (  4067      0)
"l:uflux"                                                                                                                       -       6144     6144 2.660352e+06   1.520309e+03     0.486 (  6075      0)     0.099 (  5491      0)
"l:bgplake"                                                                                                                     -       6144     6144 2.660352e+06   7.940093e+03     1.882 (   186      0)     0.837 (  3860      0)
"l:bgc"                                                                                                                         -       6144     6144 2.660352e+06   5.693697e+03     1.258 (  5958      0)     0.715 (  3099      0)
"l:soiltemperature"                                                                                                             -       6144     6144 2.660352e+06   6.929325e+04    13.432 (  6075      0)     9.648 (  3280      0)
"l:SoilThermProp"                                                                                                               -       6144     6144 2.660352e+06   3.262546e+03     0.758 (   905      0)     0.379 (  3441      0)
"l:SoilTempBandDiag"                                                                                                            -       6144     6144 5.320704e+06   6.634661e+03     1.781 (   100      0)     0.714 (  5491      0)
"l:PhaseChangeH2osfc"                                                                                                           -       6144     6144 2.660352e+06   3.172239e+01     0.010 (   430      0)     0.003 (  4921      0)
"l:PhaseChangebeta"                                                                                                             -       6144     6144 2.660352e+06   1.297063e+03     0.336 (   654      0)     0.114 (  4921      0)
"l:bgp2"                                                                                                                        -       6144     6144 2.660352e+06   2.838792e+03     0.581 (  6075      0)     0.360 (  3442      0)
"l:bgp2_loop_1"                                                                                                                 -       6144     6144 2.660352e+06   4.946161e+02     0.101 (  6075      0)     0.065 (  1190      0)
"l:bgp2_loop_2"                                                                                                                 -       6144     6144 2.660352e+06   9.464084e+02     0.186 (   383      0)     0.126 (  1190      0)
"l:bgp2_loop_3"                                                                                                                 -       6144     6144 2.660352e+06   1.074124e+03     0.239 (  5346      0)     0.122 (  3099      0)
"l:bgp2_loop_4"                                                                                                                 -       6144     6144 2.660352e+06   3.089939e+02     0.061 (  1039      0)     0.042 (  3788      0)
"l:patch2col"                                                                                                                   -       6144     6144 2.660352e+06   1.362104e+03     0.279 (  6075      0)     0.182 (  3441      0)
"l:hydro without drainage"                                                                                                      -       6144     6144 2.660352e+06   2.220419e+04     4.775 (  6075      0)     2.840 (  3442      0)
"l:hylake"                                                                                                                      -       6144     6144 2.660352e+06   2.010640e+03     0.759 (   192      0)     0.259 (    82      0)
"l:snow_init"                                                                                                                   -       6144     6144 2.660352e+06   1.387290e+02     0.053 (  1185      0)     0.009 (  4648      0)
"l:ecosysdyn"                                                                                                                   -       6144     6144 2.660352e+06   5.023990e+02     0.096 (  6075      0)     0.068 (  2885      0)
"l:depvel"                                                                                                                      -       6144     6144 5.320704e+06   2.970451e+00     0.002 (  5363      0)     0.000 (  1301      0)
"l:hydro2 drainage"                                                                                                             -       6144     6144 2.660352e+06   1.467007e+03     0.347 (   768      0)     0.172 (  3735      0)
"l:balchk"                                                                                                                      -       6144     6144 2.660352e+06   1.788560e+03     0.334 (   383      0)     0.258 (  2884      0)
"l:gridbalchk"                                                                                                                  -       6144     6144 2.660352e+06   1.097381e+03     0.196 (   817      0)     0.162 (  1390      0)
"l:lnd2atm"                                                                                                                     -       6144     6144 2.660352e+06   7.783845e+03     1.412 (   935      0)     1.131 (  3441      0)
"l:wrtdiag"                                                                                                                     -       6144     6144 2.660352e+06   2.809443e+01     0.025 (     0      0)     0.004 (  5512      0)
"l:hbuf"                                                                                                                        -       6144     6144 2.660352e+06   2.975457e+04     5.414 (  1039      0)     4.338 (  3151      0)
"l:elm_drv_io"                                                                                                                  -       6144     6144 2.660352e+06   8.553051e+00     0.004 (   226      0)     0.001 (  5520      0)
"l:elm_drv_io_htapes"                                                                                                           -       6144     6144 2.660352e+06   7.084464e+00     0.004 (   226      0)     0.001 (  4557      0)
"l:lc_lnd_export"                                                                                                               -       6144     6144 2.660352e+06   2.638959e+02     0.045 (  1274      0)     0.041 (   466      0)
"l:lc_elm2_adv_timestep"                                                                                                        -       6144     6144 2.660352e+06   1.839399e+00     0.001 (  4853      0)     0.000 (  5268      0)
"l:accum"                                                                                                                       -       6144     6144 2.654208e+06   5.650358e+03     0.975 (   774      0)     0.861 (  2783      0)
"CPL:ATMOCNP"                                                                                                                   -       6144     6144 2.654208e+06   4.468397e+03     1.044 (  1468      0)     0.176 (  5902      0)
"CPL:atmocnp_fluxo"                                                                                                             -       6144     6144 2.654208e+06   3.767727e+03     0.925 (  6051      0)     0.051 (  5900      0)
"CPL:atmocnp_ocnalb"                                                                                                            -       6144     6144 2.654208e+06   6.922039e+02     0.159 (  1211      0)     0.086 (  3729      0)
"CPL:L2C"                                                                                                                       -       6144     6144 2.654208e+06   1.741902e+04    10.728 (  3683      0)     0.118 (  6130      0)
"CPL:l2c_lndl2lndx"                                                                                                             -       6144     6144 2.654208e+06   1.740738e+04    10.726 (  3683      0)     0.116 (  6130      0)
"lnd2cpl_run"                                                                                                                   -       6144     6144 2.654208e+06   7.197299e+00     0.001 (  1848      0)     0.001 (   364      0)
"CPL:LNDPOST"                                                                                                                   -       6144     6144 2.654208e+06   1.904037e+00     0.000 (  2133      0)     0.000 (   171      0)
"CPL:I2C"                                                                                                                       -       6144     6144 2.654208e+06   4.961904e+02     0.087 (   163      0)     0.078 (  4612      0)
"CPL:i2c_icei2icex"                                                                                                             -       6144     6144 2.654208e+06   4.862661e+02     0.085 (   163      0)     0.076 (  4612      0)
"CPL:i2c_infoexch"                                                                                                              -       6144     6144 2.654208e+06   5.084297e+00     0.001 (  1848      0)     0.001 (  2945      0)
"CPL:ICEPOST"                                                                                                                   -       6144     6144 2.654208e+06   5.429712e-01     0.000 (  5318      0)     0.000 (  6114      0)
"CPL:FRACSET"                                                                                                                   -       6144     6144 2.654208e+06   6.731648e+02     0.114 (  2147      0)     0.106 (  2792      0)
"CPL:fracset_fracset"                                                                                                           -       6144     6144 2.654208e+06   6.719055e+02     0.114 (  2147      0)     0.106 (  2792      0)
"CPL:ATMPREP"                                                                                                                   -       6144     6144 2.654208e+06   3.202608e+04    11.421 (   665      0)     1.283 (  1449      0)
"CPL:atmprep_xao2atm"                                                                                                           -       6144     6144 2.654208e+06   1.410586e+03     0.272 (  5707      0)     0.205 (  1024      0)
"CPL:atmprep_ocn2atm"                                                                                                           -       6144     6144 2.654208e+06   1.077457e+03     0.213 (  2237      0)     0.160 (  2830      0)
"CPL:atmprep_alb2atm"                                                                                                           -       6144     6144 2.654208e+06   4.156398e+02     0.087 (  4742      0)     0.060 (  2338      0)
"CPL:atmprep_ice2atm"                                                                                                           -       6144     6144 2.654208e+06   1.755163e+03     0.325 (  2932      0)     0.263 (  1980      0)
"CPL:atmprep_lnd2atm"                                                                                                           -       6144     6144 2.654208e+06   2.495591e+04    10.267 (   665      0)     0.166 (  1449      0)
"CPL:atmprep_mrgx2a"                                                                                                            -       6144     6144 2.654208e+06   2.394283e+03     0.483 (  5568      0)     0.359 (  2862      0)
"CPL:C2A"                                                                                                                       -       6144     6144 2.654208e+06   3.737580e+04    13.642 (  2757      0)     2.628 (  5812      0)
"CPL:c2a_atmx2atmg"                                                                                                             -       6144     6144 2.654208e+06   3.198406e+04    13.178 (  2757      0)     1.776 (  5231      0)
"CPL:c2a_infoexch"                                                                                                              -       6144     6144 2.654208e+06   5.387874e+03     2.561 (  1263      0)     0.274 (    36      0)
"CPL:ATM_RUN"                                                                                                                   -       6144     6144 2.654208e+06   2.911674e+06   487.482 (  1447      0)   463.625 (  3344      0)
"a:EAMxx::run"                                                                                                                  -       6144     6144 2.654208e+06   2.910692e+06   487.320 (  1447      0)   463.466 (  3344      0)
"a:PIO:PIOc_sync"                                                                                                               -       6144     6144 6.144000e+03   1.467464e-01     0.000 (  2748      0)     0.000 (  1551      0)
"a:PIO:write_total"                                                                                                             -       6144     6144 6.144000e+03   1.342739e-01     0.000 (  2748      0)     0.000 (  1551      0)
"a:PIO:flush_output_buffer"                                                                                                     -        512      512 5.120000e+02   5.749499e-02     0.000 (  2928      0)     0.000 (  2940      0)
"a:EAMxx::EAMxx::run"                                                                                                           -       6144     6144 2.654208e+06   2.910101e+06   487.222 (  1447      0)   463.370 (  3344      0)
"a:EAMxx::EAMxx::run-precondition-checks"                                                                                       -       6144     6144 2.654208e+06   9.050640e-01     0.000 (  5477      0)     0.000 (  1678      0)
"a:EAMxx::SurfaceCouplingImporter::run"                                                                                         -       6144     6144 2.654208e+06   1.860000e+03     0.359 (  5521      0)     0.288 (  2782      0)
"a:EAMxx::SurfaceCouplingImporter::run-precondition-checks"                                                                     -       6144     6144 2.654208e+06   4.680272e-01     0.000 (  5825      0)     0.000 (   295      0)
"a:EAMxx::SurfaceCouplingImporter::run-postcondition-checks"                                                                    -       6144     6144 2.654208e+06   1.448348e+03     0.291 (  5521      0)     0.222 (  2684      0)
"a:EAMxx::homme::run"                                                                                                           -       6144     6144 2.654208e+06   2.679725e+06   436.255 (     1      0)   435.991 (  2510      0)
"a:EAMxx::homme::run-precondition-checks"                                                                                       -       6144     6144 2.654208e+06   6.040587e-01     0.000 (   199      0)     0.000 (  3608      0)
"a:tl-sc prim_run_subcycle_c"                                                                                                   -       6144     6144 5.308416e+06   2.610240e+06   425.103 (  4166      0)   424.574 (  1070      0)
"a:tl-s prim_step_flexible"                                                                                                     -       6144     6144 5.308416e+06   2.610215e+06   425.099 (  4166      0)   424.570 (  1070      0)
"a:ApplyCAMForcing_tracers"                                                                                                     -       6144     6144 2.654208e+06   4.479908e+03     0.781 (  1303      0)     0.692 (  1730      0)
"a:tl-s deep_copy+derived_dp"                                                                                                   -       6144     6144 5.308416e+06   8.596259e+02     0.160 (  6018      0)     0.129 (  5785      0)
"a:ApplyCAMForcing_dynamics"                                                                                                    -       6144     6144 1.592525e+07   4.673635e+03     0.808 (  2812      0)     0.722 (  4801      0)
"a:tl-ae prim_advance_exp"                                                                                                      -       6144     6144 3.185050e+07   2.198685e+06   367.310 (  4553      0)   353.674 (  1930      0)
"a:ttype9_imex_timestep"                                                                                                        -       6144     6144 3.185050e+07   1.939170e+06   325.644 (  4598      0)   311.493 (  2504      0)
"a:caar compute"                                                                                                                -       6144     6144 3.185050e+08   7.093167e+05   125.239 (  4597      0)   104.239 (  4578      0)
"a:caar_bexchV"                                                                                                                 -       6144     6144 1.592525e+08   3.056481e+05    67.724 (  4578      0)    39.615 (  1688      0)
"a:caar limiter"                                                                                                                -       6144     6144 1.911030e+08   9.969404e+04    21.038 (  3640      0)    14.335 (  4378      0)
"a:compute_stage_value_dirk"                                                                                                    -       6144     6144 1.592525e+08   8.110852e+05   137.172 (  1815      0)   128.998 (  4606      0)
"a:tl-ae advance_hypervis_dp"                                                                                                   -       6144     6144 3.185050e+07   2.587320e+05    50.940 (  4266      0)    36.956 (   307      0)
"a:hvf-bhwk"                                                                                                                    -       6144     6144 3.185050e+07   1.433666e+05    26.415 (  4580      0)    21.322 (  3640      0)
"a:hvf-bexch"                                                                                                                   -       6144     6144 9.555149e+07   1.298704e+05    30.552 (  4570      0)    14.335 (   307      0)
"a:tl-sc vertical_remap"                                                                                                        -       6144     6144 1.592525e+07   1.293589e+05    22.962 (  4597      0)    19.409 (  4050      0)
"a:Remap Thickness Functor"                                                                                                     -       6144     6144 1.592525e+07   3.006047e+03     0.533 (  5225      0)     0.437 (  4580      0)
"a:Remap Scale States Functor"                                                                                                  -       6144     6144 1.592525e+07   1.206887e+03     0.220 (  5025      0)     0.172 (  4280      0)
"a:Remap Compute Grids Functor"                                                                                                 -       6144     6144 1.592525e+07   1.051514e+04     1.876 (  4596      0)     1.564 (   660      0)
"a:Remap Compute Remap Functor"                                                                                                 -       6144     6144 1.592525e+07   9.190401e+04    16.541 (  4885      0)    13.732 (  4050      0)
"a:Remap Rescale States Functor"                                                                                                -       6144     6144 1.592525e+07   1.999980e+03     0.387 (  4667      0)     0.294 (  4050      0)
"a:tl-at prim_advec_observe_velocity"                                                                                           -       6144     6144 1.592525e+07   6.955476e+01     0.029 (   894      0)     0.010 (  4216      0)
"a:tl-at prim_advec_tracers_compose"                                                                                            -       6144     6144 5.308416e+06   2.466866e+05    43.834 (  1968      0)    31.083 (  4597      0)
"a:compose_transport"                                                                                                           -       6144     6144 5.308416e+06   2.466720e+05    43.831 (  1968      0)    31.080 (  4597      0)
"a:compose_calc_trajectory"                                                                                                     -       6144     6144 5.308416e+06   2.831442e+04     5.689 (  4480      0)     4.149 (   751      0)
"a:compose_3d_levels"                                                                                                           -       6144     6144 5.308416e+06   1.678316e+04     2.968 (   307      0)     2.529 (  5678      0)
"a:compose_v_bexchv"                                                                                                            -       6144     6144 5.308416e+06   1.050723e+04     2.783 (  4480      0)     1.188 (   751      0)
"a:compose_v2x"                                                                                                                 -       6144     6144 5.308416e+06   1.006868e+03     0.211 (   289      0)     0.144 (  4050      0)
"a:compose_isl"                                                                                                                 -       6144     6144 5.308416e+06   6.332940e+04    13.500 (  4871      0)     8.056 (   290      0)
"a:compose_hypervis_scalar"                                                                                                     -       6144     6144 5.308416e+06   6.846567e+04    15.906 (   584      0)     7.581 (  4605      0)
"a:compose_cedr_global"                                                                                                         -       6144     6144 5.308416e+06   6.250249e+04    14.184 (  1106      0)     4.696 (  4949      0)
"a:repro_sum_int"                                                                                                               -       6144     6144 5.308416e+06   4.898018e+04    11.982 (  1106      0)     2.493 (  4949      0)
"a:compose_cedr_local"                                                                                                          -       6144     6144 5.308416e+06   8.065148e+03     1.528 (  5641      0)     1.130 (  4241      0)
"a:compose_dss_q"                                                                                                               -       6144     6144 5.308416e+06   1.595739e+04     2.864 (  2796      0)     2.356 (  1611      0)
"a:compose_vertical_remap"                                                                                                      -       6144     6144 5.308416e+06   2.519691e+04     4.509 (  1302      0)     3.794 (  4050      0)
"a:shr_reprosum_INF_NaN_Chk"                                                                                                    -       6144     6144 5.308416e+06   3.655706e+02     0.138 (  5431      0)     0.059 (  1009      0)
"a:shr_reprosum_int"                                                                                                            -       6144     6144 5.308416e+06   7.659177e+03     1.634 (  4240      0)     0.785 (  5641      0)
"a:repro_sum_loopa"                                                                                                             -       6144     6144 5.308416e+06   1.913805e+02     0.034 (  3467      0)     0.030 (  4987      0)
"a:repro_sum_allr_minmax"                                                                                                       -       6144     6144 5.308416e+06   5.555320e+03     1.294 (  3890      0)     0.444 (  5641      0)
"a:repro_sum_loopb"                                                                                                             -       6144     6144 5.308416e+06   4.737878e+02     0.113 (  3096      0)     0.076 (  4126      0)
"a:repro_sum_allr_i8"                                                                                                           -       6144     6144 5.308416e+06   1.406648e+03     0.246 (  3107      0)     0.208 (  3096      0)
"a:repro_sum_finalsum"                                                                                                          -       6144     6144 5.308416e+06   4.979509e+00     0.003 (  2640      0)     0.001 (  3941      0)
"a:EAMxx::homme::run-postcondition-checks"                                                                                      -       6144     6144 2.654208e+06   9.184382e+03     1.558 (  2105      0)     1.448 (  3464      0)
"a:EAMxx::physics::run"                                                                                                         -       6144     6144 2.654208e+06   2.254626e+05    50.251 (  1447      0)    26.421 (  3344      0)
"a:EAMxx::physics::run-precondition-checks"                                                                                     -       6144     6144 2.654208e+06   6.224505e-01     0.000 (  5994      0)     0.000 (  4841      0)
"a:EAMxx::mac_aero_mic::run"                                                                                                    -       6144     6144 2.654208e+06   8.358359e+04    20.339 (  2601      0)    10.455 (  3098      0)
"a:EAMxx::mac_aero_mic::run-precondition-checks"                                                                                -       6144     6144 2.654208e+06   4.761580e-01     0.000 (  4453      0)     0.000 (  1114      0)
"a:EAMxx::tms::run"                                                                                                             -       6144     6144 2.654208e+06   9.002538e+02     0.158 (  5353      0)     0.141 (  4118      0)
"a:EAMxx::tms::run-precondition-checks"                                                                                         -       6144     6144 2.654208e+06   4.005881e-01     0.000 (  5646      0)     0.000 (  1969      0)
"a:EAMxx::tms::run-postcondition-checks"                                                                                        -       6144     6144 2.654208e+06   3.135652e+02     0.056 (  3792      0)     0.048 (  1440      0)
"a:EAMxx::shoc::run"                                                                                                            -       6144     6144 2.654208e+06   3.129022e+04     5.513 (  1507      0)     4.537 (  2866      0)
"a:EAMxx::shoc::run-precondition-checks"                                                                                        -       6144     6144 2.654208e+06   4.484179e-01     0.000 (  5934      0)     0.000 (  4408      0)
"a:EAMxx::shoc::run-postcondition-checks"                                                                                       -       6144     6144 2.654208e+06   1.172639e+04     2.034 (  5877      0)     1.766 (  2852      0)
"a:EAMxx::cld_fraction::run"                                                                                                    -       6144     6144 2.654208e+06   1.965742e+03     0.369 (  3327      0)     0.301 (  2350      0)
"a:EAMxx::cld_fraction::run-precondition-checks"                                                                                -       6144     6144 2.654208e+06   6.396897e-01     0.000 (  6076      0)     0.000 (  3023      0)
"a:EAMxx::cld_fraction::run-postcondition-checks"                                                                               -       6144     6144 2.654208e+06   1.282020e+03     0.217 (  5029      0)     0.200 (  2296      0)
"a:EAMxx::spa::run"                                                                                                             -       6144     6144 2.654208e+06   1.074500e+04     1.970 (  4356      0)     1.663 (     8      0)
"a:EAMxx::spa::run-precondition-checks"                                                                                         -       6144     6144 2.654208e+06   4.846220e-01     0.000 (  4438      0)     0.000 (  2350      0)
"a:EAMxx::spa::run-postcondition-checks"                                                                                        -       6144     6144 2.654208e+06   7.147425e+03     1.214 (  4795      0)     1.100 (     8      0)
"a:EAMxx::p3::run"                                                                                                              -       6144     6144 2.654208e+06   3.859374e+04    13.028 (  1950      0)     3.355 (  3098      0)
"a:EAMxx::p3::run-precondition-checks"                                                                                          -       6144     6144 2.654208e+06   1.534152e+03     0.628 (  3592      0)     0.162 (  1830      0)
"a:EAMxx::p3::run-postcondition-checks"                                                                                         -       6144     6144 2.654208e+06   1.485378e+04     2.544 (  2105      0)     2.314 (  1118      0)
"a:EAMxx::mac_aero_mic::run-postcondition-checks"                                                                               -       6144     6144 2.654208e+06   5.824045e-01     0.000 (  4619      0)     0.000 (  2725      0)
"a:EAMxx::rrtmgp::run"                                                                                                          -       6144     6144 2.654208e+06   1.417930e+05    31.932 (  1619      0)    15.080 (  2876      0)
"a:EAMxx::rrtmgp::run-precondition-checks"                                                                                      -       6144     6144 2.654208e+06   2.119367e+02     0.036 (  4847      0)     0.033 (  5556      0)
"a:EAMxx::rrtmgp::run-postcondition-checks"                                                                                     -       6144     6144 2.654208e+06   5.116358e+03     0.892 (  1815      0)     0.783 (  3722      0)
"a:EAMxx::physics::run-postcondition-checks"                                                                                    -       6144     6144 2.654208e+06   4.125967e-01     0.000 (  5997      0)     0.000 (  4403      0)
"a:EAMxx::SurfaceCouplingExporter::run"                                                                                         -       6144     6144 2.654208e+06   2.847335e+03     0.534 (  1171      0)     0.431 (  3998      0)
"a:EAMxx::SurfaceCouplingExporter::run-precondition-checks"                                                                     -       6144     6144 2.654208e+06   8.147119e-01     0.000 (   946      0)     0.000 (  5322      0)
"a:EAMxx::SurfaceCouplingExporter::run-postcondition-checks"                                                                    -       6144     6144 2.654208e+06   9.916583e-01     0.000 (  3628      0)     0.000 (  5708      0)
"a:EAMxx::EAMxx::run-postcondition-checks"                                                                                      -       6144     6144 2.654208e+06   3.700183e-01     0.000 (  2027      0)     0.000 (  5869      0)
"a:EAMxx::IO::restart"                                                                                                          -       6144     6144 2.654208e+06   1.281936e+01     0.005 (  1498      0)     0.002 (  2106      0)
"a:EAMxx::IO::model_restart"                                                                                                    -       6144     6144 2.654208e+06   1.065662e+01     0.005 (  1498      0)     0.001 (  2106      0)
"a:EAMxx::IO::restart::get_new_file"                                                                                            -       6144     6144 2.654208e+06   2.843825e-01     0.000 (  5952      0)     0.000 (  5820      0)
"a:EAMxx::IO::restart::run_output_streams"                                                                                      -       6144     6144 2.654208e+06   4.192416e+00     0.004 (  1498      0)     0.001 (  4411      0)
"a:EAMxx::IO::standard"                                                                                                         -       6144     6144 2.654208e+06   5.040128e+00     0.001 (  3324      0)     0.001 (  3615      0)
"a:EAMxx::IO::nooutput.yaml"                                                                                                    -       6144     6144 2.654208e+06   3.513963e+00     0.001 (    35      0)     0.000 (  4146      0)
"a:EAMxx::IO::standard::get_new_file"                                                                                           -       6144     6144 2.654208e+06   1.213996e-01     0.000 (  1144      0)     0.000 (   119      0)
"a:EAMxx::IO::standard::run_output_streams"                                                                                     -       6144     6144 2.654208e+06   3.287032e-01     0.000 (  5119      0)     0.000 (  3359      0)
"CPL:A2C"                                                                                                                       -       6144     6144 2.654208e+06   8.633685e+04    24.576 (  3344      0)     1.793 (  1949      0)
"CPL:a2c_atma2atmx"                                                                                                             -       6144     6144 2.654208e+06   6.038372e+04    22.758 (  4284      0)     0.285 (  1450      0)
"CPL:a2c_infoexch"                                                                                                              -       6144     6144 2.654208e+06   2.594701e+04    12.648 (  3519      0)     0.053 (     0      0)
"CPL:ATMPOST"                                                                                                                   -       6144     6144 2.654208e+06   1.448873e+00     0.000 (  5667      0)     0.000 (  3819      0)
"CPL:HISTORY"                                                                                                                   -       6144     6144 2.654208e+06   6.337131e+00     0.002 (  3288      0)     0.001 (  5681      0)
"CPL:cime_run_write_history"                                                                                                    -       6144     6144 2.654208e+06   5.031303e+00     0.002 (  4193      0)     0.001 (  2966      0)
"CPL:TSTAMP_WRITE"                                                                                                              -       6144     6144 2.654208e+06   1.789234e+00     0.001 (  4188      0)     0.000 (  1357      0)
"CPL:TPROF_WRITE"                                                                                                               -       6144     6144 2.654208e+06   8.416455e-01     0.000 (  5103      0)     0.000 (  4783      0)
"CPL:C2O_INITWAIT"                                                                                                              -       6144     6144 2.648064e+06   2.055674e+04     6.957 (     5      0)     1.035 (  4777      0)
"l:interpMonthlyVeg"                                                                                                            -       6144     6144 2.648064e+06   2.178446e+04     3.552 (   804      0)     3.535 (    27      0)
"l:readMonthlyVeg"                                                                                                              -       6144     6144 6.144000e+03   2.178242e+04     3.551 (   804      0)     3.534 (   225      0)
"l:PIO:openfile"                                                                                                                -       6144     6144 6.144000e+03   4.123776e+03     0.822 (  3576      0)     0.205 (  1282      0)
"l:PIO:pio_inq_varid_file_vdesc"                                                                                                -       6144     6144 4.915200e+04   2.123572e+01     0.008 (  5408      0)     0.000 (    64      0)
"l:PIO:pio_inq_varid_file_vid"                                                                                                  -       6144     6144 4.915200e+04   2.121783e+01     0.008 (  5408      0)     0.000 (    64      0)
"l:PIO:pio_inq_varndims_file_vdesc"                                                                                             -       6144     6144 4.915200e+04   1.742861e+01     0.089 (  2041      0)     0.001 (  2051      0)
"l:PIO:pio_inq_varndims_file_vid"                                                                                               -       6144     6144 4.915200e+04   1.741402e+01     0.089 (  2041      0)     0.001 (  2051      0)
"l:PIO:pio_inq_vardimid_file_vdesc"                                                                                             -       6144     6144 4.915200e+04   4.170754e+01     0.009 (   347      0)     0.002 (  2052      0)
"l:PIO:pio_inq_vardimid_file_vid"                                                                                               -       6144     6144 4.915200e+04   4.169528e+01     0.009 (   346      0)     0.002 (  2052      0)
"l:PIO:pio_inq_dimname_file_dimid"                                                                                              -       6144     6144 4.177920e+05   1.074866e+02     0.022 (    67      0)     0.003 (  2040      0)
"l:PIO:pio_inq_dimlen_file_dimid"                                                                                               -       6144     6144 9.830400e+04   1.723491e+01     0.003 (  1760      0)     0.001 (  2040      0)
"l:PIO:pio_inq_dimlen_file_dimid_offlen"                                                                                        -       6144     6144 9.830400e+04   1.721254e+01     0.003 (  1758      0)     0.001 (  2040      0)
"l:PIO:pio_inquire_file"                                                                                                        -       6144     6144 1.843200e+05   3.156998e+01     0.006 (   428      0)     0.001 (  2041      0)
"l:PIO:pio_inq_ndims_file"                                                                                                      -       6144     6144 1.843200e+05   3.153137e+01     0.006 (   428      0)     0.001 (  2043      0)
"l:PIO:initdecomp"                                                                                                              -       6144     6144 6.144000e+03   1.546387e+03     0.252 (  5372      0)     0.252 (  1083      0)
"l:PIO:PIOc_initdecomp"                                                                                                         -       6144     6144 6.144000e+03   1.546197e+03     0.252 (  5372      0)     0.251 (  1083      0)
"l:PIO:box_rearrange_create"                                                                                                    -       6144     6144 6.144000e+03   1.543303e+03     0.251 (  5366      0)     0.251 (   770      0)
"l:PIO:pio_swapm"                                                                                                               -       6144     6144 6.758400e+04   1.589660e+04     2.700 (  2084      0)     0.885 (  4500      0)
"l:PIO:read_darray_3d_double"                                                                                                   -       6144     6144 4.915200e+04   1.493800e+04     2.467 (  2051      0)     2.361 (  2044      0)
"l:PIO:PIOc_read_darray"                                                                                                        -       6144     6144 4.915200e+04   1.493789e+04     2.467 (  2051      0)     2.361 (  2044      0)
"l:PIO:read_darray_nc"                                                                                                          -       6144     6144 4.915200e+04   3.855279e+02     1.777 (  4500      0)     0.000 (  3305      0)
"l:PIO:rearrange_io2comp"                                                                                                       -       6144     6144 4.915200e+04   1.448952e+04     2.463 (  2051      0)     0.655 (  4500      0)
"l:PIO:closefile"                                                                                                               -       6144     6144 6.144000e+03   2.878921e+00     0.014 (   252      0)     0.000 (    83      0)
"l:PIO:PIOc_closefile"                                                                                                          -       6144     6144 6.144000e+03   2.871073e+00     0.014 (   252      0)     0.000 (    83      0)
"l:surfalb"                                                                                                                     -       6144     6144 2.648064e+06   2.134902e+04     4.111 (  3396      0)     2.909 (  5536      0)
"l:urbsurfalb"                                                                                                                  -       6144     6144 2.648064e+06   4.081189e+03     0.768 (  6065      0)     0.554 (  1563      0)
"CPL:OCNT_RUN"                                                                                                                  -       6144     6144 2.648064e+06   1.384456e+03     0.323 (     0      0)     0.155 (  5772      0)
"o:DOCN_RUN"                                                                                                                    -       6144     6144 2.648064e+06   1.264677e+03     0.236 (  4119      0)     0.135 (  5772      0)
"o:docn_run1"                                                                                                                   -       6144     6144 2.648064e+06   2.690128e+00     0.001 (   100      0)     0.000 (   463      0)
"o:docn"                                                                                                                        -       6144     6144 2.648064e+06   1.257769e+03     0.235 (  4119      0)     0.133 (  5772      0)
"o:docn_strdata_advance"                                                                                                        -       6144     6144 2.648064e+06   7.695606e+02     0.150 (  5282      0)     0.054 (  5772      0)
"o:docn_strd_adv_total"                                                                                                         -       6144     6144 2.648064e+06   7.662109e+02     0.149 (  5282      0)     0.053 (  5772      0)
"o:docn_strd_adv_readLBUB"                                                                                                      -       6144     6144 2.648064e+06   4.318991e+02     0.125 (   698      0)     0.015 (     0      0)
"o:docn_readLBUB_setup"                                                                                                         -       6144     6144 2.648064e+06   9.582514e-01     0.000 (  4068      0)     0.000 (   324      0)
"o:docn_readLBUB_filemgt"                                                                                                       -       6144     6144 2.648064e+06   5.084043e-01     0.000 (  4068      0)     0.000 (  5633      0)
"o:docn_strd_adv_tint"                                                                                                          -       6144     6144 2.648064e+06   5.441874e+01     0.011 (  4438      0)     0.008 (  2767      0)
"o:docn_scatter"                                                                                                                -       6144     6144 2.648064e+06   2.624445e+02     0.048 (  2500      0)     0.041 (  3394      0)
"o:docn_datamode"                                                                                                               -       6144     6144 2.648064e+06   5.391061e+01     0.010 (  1085      0)     0.008 (  1351      0)
"o:docn_run2"                                                                                                                   -       6144     6144 2.648064e+06   3.425417e-01     0.004 (     0      0)     0.000 (   173      0)
"CPL:O2CT"                                                                                                                      -       6144     6144 2.648064e+06   1.726386e+04    12.400 (  1190      0)     0.042 (  6071      0)
"CPL:o2c_ocno2ocnx"                                                                                                             -       6144     6144 2.648064e+06   2.166412e+02     0.038 (  4742      0)     0.032 (  2972      0)
"CPL:o2c_infoexch"                                                                                                              -       6144     6144 2.648064e+06   1.704252e+04    12.363 (  1190      0)     0.006 (  6071      0)
"CPL:OCNPOSTT"                                                                                                                  -       6144     6144 2.648064e+06   2.001483e+00     0.001 (  1860      0)     0.000 (   549      0)
"i:cice_pice_readLBUB_LB_copy"                                                                                                  -       6144     6144 6.144000e+03   7.544894e-03     0.000 (   810      0)     0.000 (  4191      0)
"o:docn_readLBUB_fbound"                                                                                                        -       6144     6144 6.144000e+03   8.768912e-04     0.000 (     0      0)     0.000 (  4740      0)
"o:docn_readLBUB_bcast"                                                                                                         -       6144     6144 6.144000e+03   1.893926e+02     0.054 (  5323      0)     0.000 (  5537      0)
"o:docn_readLBUB_LB_copy"                                                                                                       -       6144     6144 6.144000e+03   8.398573e-03     0.000 (  1192      0)     0.000 (   941      0)
"o:docn_readLBUB_UB_setup"                                                                                                      -       6144     6144 6.144000e+03   2.807005e-03     0.000 (     0      0)     0.000 (   252      0)
"o:docn_readLBUB_UB_readpio"                                                                                                    -       6144     6144 6.144000e+03   2.349450e+02     0.078 (  2460      0)     0.013 (     0      0)
"o:PIO:pio_inq_varid_file_vdesc"                                                                                                -       6144     6144 1.228800e+04   3.390629e+00     0.002 (  5533      0)     0.000 (   405      0)
"o:PIO:pio_inq_varid_file_vid"                                                                                                  -       6144     6144 1.228800e+04   3.382656e+00     0.002 (  5542      0)     0.000 (   405      0)
"o:PIO:pio_inq_varndims_file_vdesc"                                                                                             -       6144     6144 6.144000e+03   2.611271e+00     0.000 (   626      0)     0.000 (   940      0)
"o:PIO:pio_inq_varndims_file_vid"                                                                                               -       6144     6144 6.144000e+03   2.606410e+00     0.000 (   626      0)     0.000 (   946      0)
"o:PIO:pio_inq_vardimid_file_vdesc"                                                                                             -       6144     6144 6.144000e+03   6.450338e+00     0.001 (  1742      0)     0.000 (   518      0)
"o:PIO:pio_inq_vardimid_file_vid"                                                                                               -       6144     6144 6.144000e+03   6.445682e+00     0.001 (  1741      0)     0.000 (   939      0)
"o:PIO:pio_inq_dimlen_file_dimid"                                                                                               -       6144     6144 1.843200e+04   3.940505e+00     0.001 (  4849      0)     0.000 (   936      0)
"o:PIO:pio_inq_dimlen_file_dimid_offlen"                                                                                        -       6144     6144 1.843200e+04   3.929631e+00     0.001 (  5485      0)     0.000 (   520      0)
"o:PIO:pio_inq_vartype_file_vdesc"                                                                                              -       6144     6144 6.144000e+03   2.941146e+00     0.001 (  1781      0)     0.000 (   724      0)
"o:PIO:pio_inq_vartype_file_vid"                                                                                                -       6144     6144 6.144000e+03   2.936800e+00     0.001 (  1781      0)     0.000 (   724      0)
"o:PIO:read_darray_1d_real"                                                                                                     -       6144     6144 6.144000e+03   2.115280e+02     0.073 (  2460      0)     0.008 (     1      0)
"o:PIO:PIOc_read_darray"                                                                                                        -       6144     6144 6.144000e+03   2.115099e+02     0.073 (  2460      0)     0.008 (     1      0)
"o:PIO:read_darray_nc"                                                                                                          -       6144     6144 6.144000e+03   1.794423e+01     0.073 (  2460      0)     0.000 (  4672      0)
"o:PIO:rearrange_io2comp"                                                                                                       -       6144     6144 6.144000e+03   1.911085e+02     0.073 (  1747      0)     0.000 (     0      0)
"o:PIO:pio_swapm"                                                                                                               -       6144     6144 6.144000e+03   1.910205e+02     0.073 (  1747      0)     0.000 (     0      0)
"o:docn_strd_adv_fill"                                                                                                          -       6144     6144 6.144000e+03   5.468051e-01     0.000 (  4144      0)     0.000 (  5315      0)
"o:docn_strd_adv_map"                                                                                                           -       6144     6144 6.144000e+03   2.630614e+02     0.071 (     1      0)     0.002 (  2460      0)
"CPL:RUN_LOOP_BSTOP"                                                                                                            -       6144     6144 6.144000e+03   2.280453e+01     0.004 (  4599      0)     0.000 (  2869      0)
"CPL:FINAL"                                                                                                                     -       6144     6144 6.144000e+03   7.012903e+03     1.429 (     0      0)     1.129 (  3288      0)
"CPL:cime_final"                                                                                                                -       6144     6144 6.144000e+03   7.012884e+03     1.429 (     0      0)     1.129 (  3288      0)
"o_f:DOCN_FINAL"                                                                                                                -       6144     6144 6.144000e+03   1.829005e-03     0.000 (     0      0)     0.000 (   199      0)
"a_f:EAMxx::finalize"                                                                                                           y       6144     6144 6.144000e+03   1.777309e+03     0.727 (   576      0)     0.220 (  1830      0)
"a_f:PIO:PIOc_sync"                                                                                                             -       6144     6144 6.144000e+03   1.318186e-01     0.000 (  3984      0)     0.000 (  2476      0)
"a_f:PIO:write_total"                                                                                                           -       6144     6144 1.228800e+04   2.585336e+01     0.332 (    96      0)     0.000 (  2476      0)
"a_f:PIO:flush_output_buffer"                                                                                                   -        512      512 1.024000e+03   6.170997e-02     0.000 (    12      0)     0.000 (   432      0)
"a_f:PIO:PIOc_closefile"                                                                                                        -       6144     6144 1.228800e+04   2.315857e+02     0.489 (  3720      0)     0.000 (  2216      0)
"a_f:PIO:PIOc_closefile_write_mode"                                                                                             -       6144     6144 6.144000e+03   2.572998e+01     0.332 (    96      0)     0.000 (  4927      0)
"a_f:PIO:PIOc_freedecomp"                                                                                                       -       6144     6144 7.987200e+04   9.230156e-01     0.002 (  1500      0)     0.000 (  2696      0)
"PIO:finalize"                                                                                                                  -       6144     6144 6.144000e+04   2.659805e+03     0.814 (     2      0)     0.001 (  2988      0)
"PIO:PIOc_finalize"                                                                                                             -       6144     6144 6.144000e+04   2.659156e+03     0.814 (     2      0)     0.001 (  2460      0)
"CPL:FINAL_sync1_tprf"                                                                                                          -       6144     6144 6.144000e+03   1.767645e+03     0.288 (    34      0)     0.000 (     0      0)
"CPL:FINAL_t_prf"                                                                                                               y          0        0 0.000000e+00   0.000000e+00     0.000 (     0      0)     0.000 (     0      0)

