
***** GLOBAL STATISTICS ( 24576 MPI TASKS) *****

$Id: gptl.c,v 1.157 2011-03-28 20:55:18 rosinski Exp $
'count' is cumulative. All other stats are max/min
'on' indicates whether the timer was active during output, and so stats are lower or upper bounds.

name                                                                                                                           on  processes  threads        count      walltotal   wallmax (proc   thrd  )   wallmin (proc   thrd  )
"CPL:INIT"                                                                                                                      -      24576    24576 2.457600e+04   1.783836e+07   747.444 (  4361      0)   712.162 ( 23561      0)
"CPL:cime_pre_init1"                                                                                                            -      24576    24576 2.457600e+04   4.580706e+05    40.240 (  4362      0)     4.961 ( 23563      0)
"CPL:mpi_init"                                                                                                                  -      24576    24576 2.457600e+04   3.663196e+05    36.424 (  4362      0)     1.253 ( 23556      0)
"CPL:ESMF_Initialize"                                                                                                           -      24576    24576 2.457600e+04   2.837865e+02     0.063 (  5949      0)     0.000 (  4308      0)
"CPL:cime_pre_init2"                                                                                                            -      24576    24576 2.457600e+04   1.431238e+05     6.153 ( 11477      0)     4.948 (    10      0)
"CPL:seq_infodata_init"                                                                                                         -      24576    24576 2.457600e+04   1.654851e+04     1.646 ( 21962      0)     0.230 (  4669      0)
"CPL:seq_timemgr_clockInit"                                                                                                     -      24576    24576 2.457600e+04   7.164227e+02     0.257 (  6648      0)     0.021 (  7704      0)
"CPL:cime_init"                                                                                                                 -      24576    24576 2.457600e+04   1.723683e+07   702.207 (     9      0)   701.051 ( 11471      0)
"CPL:init_comps"                                                                                                                -      24576    24576 2.457600e+04   1.721310e+07   701.244 (     9      0)   700.078 ( 11458      0)
"CPL:comp_init_pre_all"                                                                                                         -      24576    24576 2.457600e+04   2.596576e+01     0.088 (  5058      0)     0.000 ( 18496      0)
"comp_init_cc_iac"                                                                                                              -      24576    24576 2.457600e+04   7.763973e+01     0.069 (  3481      0)     0.001 (  8267      0)
"z_i:comp_init"                                                                                                                 -      24576    24576 2.457600e+04   2.597991e+01     0.068 (  3481      0)     0.000 ( 23880      0)
"CPL:comp_init_cc_atm"                                                                                                          -      24576    24576 2.457600e+04   4.546294e+06   185.830 (     9      0)   184.601 ( 11458      0)
"a_i:comp_init"                                                                                                                 -      24576    24576 4.915200e+04   4.545672e+06   185.826 (     0      0)   184.573 ( 11458      0)
"a_i:EAMxx::init"                                                                                                               -      24576    24576 1.720320e+05   4.467031e+06   184.009 (   120      0)   178.841 ( 11978      0)
"a_i:EAMxx::create_output_managers"                                                                                             -      24576    24576 2.457600e+04   1.468320e+02     0.075 (  2162      0)     0.000 (     0      0)
"a_i:EAMxx::create_atm_processes"                                                                                               -      24576    24576 2.457600e+04   2.336338e+04     1.439 (   120      0)     0.303 ( 13000      0)
"a_i:EAMxx::create_grids"                                                                                                       -      24576    24576 2.457600e+04   9.425008e+05    38.688 ( 23040      0)    38.213 ( 23539      0)
"a_i:PartitioningTime"                                                                                                          -      24576    24576 2.457600e+04   7.017114e-03     0.000 (  7966      0)     0.000 ( 16174      0)
"a_i:repro_sum_int"                                                                                                             -      24576    24576 2.457600e+04   3.139750e+03     0.455 (  9501      0)     0.015 ( 21598      0)
"a_i:PIO:spio_get_att_tc"                                                                                                       -      24576    24576 3.735552e+06   9.691628e+02     0.059 ( 17462      0)     0.033 (     6      0)
"a_i:PIO:spio_get_vars_tc"                                                                                                      -      24576    24576 4.915200e+05   6.723592e+03     0.292 ( 19551      0)     0.200 (     0      0)
"a_i:PIO:PIOc_closefile"                                                                                                        -      24576    24576 3.932160e+05   2.304623e+03     3.559 ( 18516      0)     0.000 ( 13810      0)
"a_i:EAMxx::create_fields"                                                                                                      -      24576    24576 2.457600e+04   3.035678e+03     0.186 ( 24505      0)     0.105 ( 14712      0)
"a_i:EAMxx::initialize_fields"                                                                                                  -      24576    24576 2.457600e+04   1.728507e+06    70.476 (  4740      0)    70.231 ( 23130      0)
"a_i:PIO:PIOc_initdecomp"                                                                                                       -      24576    24576 3.194880e+05   3.487634e+05    14.194 (  4111      0)    14.181 ( 12601      0)
"a_i:PIO:box_rearrange_create"                                                                                                  -      24576    24576 3.194880e+05   3.482059e+05    14.170 (  8462      0)    14.164 ( 17472      0)
"a_i:PIO:pio_swapm"                                                                                                             -      24576    24576 1.499136e+06   7.412043e+05    34.420 ( 20668      0)     8.877 ( 10080      0)
"a_i:PIO:PIOc_read_darray"                                                                                                      -      24576    24576 5.406720e+05   5.383016e+05    22.885 (  7424      0)    19.638 ( 11826      0)
"a_i:PIO:read_darray_nc"                                                                                                        -      24576    24576 5.406720e+05   3.049043e+04    21.375 ( 12492      0)     0.000 (  1009      0)
"a_i:PIO:rearrange_io2comp"                                                                                                     -      24576    24576 5.406720e+05   4.720199e+05    22.534 (  8475      0)     0.199 ( 19332      0)
"a_i:EAMxx::initialize_atm_procs"                                                                                               -      24576    24576 2.457600e+04   1.751182e+06    73.331 ( 12885      0)    68.448 ( 22428      0)
"a_i:EAMxx::SurfaceCouplingImporter::init"                                                                                      -      24576    24576 2.457600e+04   1.800619e+02     0.214 ( 23636      0)     0.000 (  9537      0)
"a_i:EAMxx::homme::init"                                                                                                        -      24576    24576 2.457600e+04   3.170968e+05    13.260 (  5996      0)    12.110 ( 23639      0)
"a_i:compose_init"                                                                                                              -      24576    24576 2.457600e+04   7.157133e+03     1.263 (  2813      0)     0.007 ( 18792      0)
"a_i:sl_init1"                                                                                                                  -      24576    24576 2.457600e+04   6.785660e+03     1.272 (  5375      0)     0.114 (  7434      0)
"a_i:EAMxx::tms::init"                                                                                                          -      24576    24576 2.457600e+04   9.086192e+00     0.027 ( 15379      0)     0.000 (   896      0)
"a_i:EAMxx::shoc::init"                                                                                                         -      24576    24576 2.457600e+04   1.856253e+02     0.193 ( 12599      0)     0.001 ( 12746      0)
"a_i:EAMxx::cld_fraction::init"                                                                                                 -      24576    24576 2.457600e+04   1.207389e+01     0.031 (  9835      0)     0.000 (  7265      0)
"a_i:EAMxx::spa::init"                                                                                                          -      24576    24576 2.457600e+04   1.356254e+06    59.796 ( 12874      0)    54.725 ( 19871      0)
"a_i:Build HorizRemap data (two grids)/lus/flare/projects/E3SMinput/data/atm/scream/maps/map_ne30pg2_to_ne1024pg2_20231201.nc"  -      24576    24576 2.457600e+04   1.230244e+06    50.062 ( 11216      0)    49.960 (  2339      0)
"a_i:EAMxx::p3::init"                                                                                                           -      24576    24576 2.457600e+04   1.994701e+04     1.322 ( 13901      0)     0.048 ( 12874      0)
"a_i:EAMxx::rrtmgp::init"                                                                                                       -      24576    24576 2.457600e+04   5.643869e+04     4.222 ( 16290      0)     0.047 ( 12874      0)
"a_i:EAMxx::SurfaceCouplingExporter::init"                                                                                      -      24576    24576 2.457600e+04   6.390948e+01     0.024 (   524      0)     0.002 ( 12874      0)
"a_i:EAMxx::initialize_output_managers"                                                                                         -      24576    24576 2.457600e+04   1.829497e+04     0.768 (  1752      0)     0.742 (  9363      0)
"a_i:EAMxx::IO::standard"                                                                                                       -      24576    24576 2.457600e+04   9.841430e+03     0.613 ( 12036      0)     0.328 (  1441      0)
"a_i:EAMxx::IO::nooutput.yaml"                                                                                                  -      24576    24576 2.457600e+04   9.841402e+03     0.613 ( 12036      0)     0.328 (  1441      0)
"a_i:EAMxx::IO::standard::get_new_file"                                                                                         -      24576    24576 2.457600e+04   9.790858e+03     0.589 ( 12036      0)     0.328 (  1441      0)
"a_i:PIO:PIOc_createfile"                                                                                                       -      24576    24576 2.457600e+04   8.380270e+03     0.530 ( 12044      0)     0.274 ( 13471      0)
"a_i:PIO:write_total"                                                                                                           -      24576    24576 8.355840e+05   8.413326e+03     0.538 ( 12036      0)     0.274 ( 13471      0)
"a_i:PIO:spio_put_att_tc"                                                                                                       -      24576    24576 7.618560e+05   2.091450e+00     0.000 ( 11436      0)     0.000 (  4058      0)
"a_i:PIO:spio_put_vars_tc"                                                                                                      -      24576    24576 2.457600e+04   1.889561e+01     0.003 (  3048      0)     0.000 ( 10413      0)
"a_i:PIO:flush_output_buffer"                                                                                                   -       2048     2048 4.096000e+03   1.668458e+01     0.008 (  1728      0)     0.006 ( 17532      0)
"a_i:EAMxx::IO::standard::run_output_streams"                                                                                   -      24576    24576 2.457600e+04   2.920556e-03     0.000 (  9504      0)     0.000 (   708      0)
"a_i:EAMxx::IO::standard::update_snapshot_tally"                                                                                -      24576    24576 2.457600e+04   5.046361e+01     0.024 (  1836      0)     0.000 (  8968      0)
"a_i:PIO:PIOc_sync"                                                                                                             -      24576    24576 2.457600e+04   1.208460e+01     0.006 ( 17472      0)     0.000 ( 13577      0)
"CPL:comp_init_cc_lnd"                                                                                                          -      24576    24576 2.457600e+04   9.464953e+06   385.132 ( 17853      0)   385.127 ( 23590      0)
"l_i:comp_init"                                                                                                                 -      24576    24576 2.457600e+04   9.461819e+06   385.126 (     0      0)   384.958 (  2721      0)
"l_i:elm_init1"                                                                                                                 -      24576    24576 2.457600e+04   1.968432e+06    80.230 (  8729      0)    79.599 (  4536      0)
"l_i:PIO:openfile"                                                                                                              -      24576    24576 5.652480e+05   8.862187e+04     4.838 (    26      0)     2.306 ( 21737      0)
"l_i:PIO:pio_inq_dimid_file_dimid"                                                                                              -      24576    24576 1.499136e+06   9.955636e+02     0.133 ( 10173      0)     0.006 (  8459      0)
"l_i:PIO:pio_inq_dimlen_file_dimid"                                                                                             -      24576    24576 8.822784e+06   5.741785e+02     0.092 (  4898      0)     0.009 ( 19956      0)
"l_i:PIO:pio_inq_dimlen_file_dimid_offlen"                                                                                      -      24576    24576 8.822784e+06   5.723975e+02     0.092 (  4904      0)     0.009 ( 19956      0)
"l_i:PIO:pio_inq_varid_file_vdesc"                                                                                              -      24576    24576 1.147699e+07   7.263605e+03     1.833 (  5527      0)     0.029 ( 10464      0)
"l_i:PIO:pio_inq_varid_file_vid"                                                                                                -      24576    24576 1.147699e+07   7.168763e+03     1.833 (  5527      0)     0.018 (  8243      0)
"l_i:PIO:get_var_1d_int"                                                                                                        -      24576    24576 1.474560e+05   4.514390e+03     0.202 (  8368      0)     0.096 ( 22591      0)
"l_i:PIO:spio_get_vars_tc"                                                                                                      -      24576    24576 4.890624e+06   7.132938e+04     3.236 ( 23302      0)     2.627 ( 10700      0)
"l_i:PIO:closefile"                                                                                                             -      24576    24576 4.915200e+05   1.734915e+03     1.179 (  6552      0)     0.001 ( 23096      0)
"l_i:PIO:PIOc_closefile"                                                                                                        -      24576    24576 4.915200e+05   1.734432e+03     1.179 (  6552      0)     0.001 ( 23096      0)
"l_i:PIO:pio_inq_varndims_file_vdesc"                                                                                           -      24576    24576 5.431296e+06   1.100942e+03     2.644 (  8188      0)     0.011 (  8243      0)
"l_i:PIO:pio_inq_varndims_file_vid"                                                                                             -      24576    24576 5.431296e+06   1.099596e+03     2.644 (  8188      0)     0.011 (  8243      0)
"l_i:PIO:pio_inq_vardimid_file_vdesc"                                                                                           -      24576    24576 5.431296e+06   1.425427e+03     0.139 (  3312      0)     0.024 ( 11459      0)
"l_i:PIO:pio_inq_vardimid_file_vid"                                                                                             -      24576    24576 5.431296e+06   1.424149e+03     0.139 (  3318      0)     0.024 ( 11453      0)
"l_i:PIO:pio_inq_dimname_file_dimid"                                                                                            -      24576    24576 1.953792e+07   1.649126e+03     0.186 (   450      0)     0.025 (  8856      0)
"l_i:PIO:initdecomp"                                                                                                            -      24576    24576 6.389760e+05   5.462551e+05    22.597 (    17      0)    21.296 ( 22860      0)
"l_i:PIO:PIOc_initdecomp"                                                                                                       -      24576    24576 6.389760e+05   5.462350e+05    22.596 (    17      0)    21.296 ( 22860      0)
"l_i:PIO:box_rearrange_create"                                                                                                  -      24576    24576 6.389760e+05   5.079285e+05    20.671 (  4111      0)    20.660 ( 17566      0)
"l_i:PIO:pio_swapm"                                                                                                             -      24576    24576 7.299072e+06   8.351635e+06   355.965 ( 23047      0)   136.049 (  5292      0)
"l_i:PIO:read_darray_1d_double"                                                                                                 -      24576    24576 2.015232e+06   2.607230e+06   106.305 ( 23183      0)   105.097 (  8185      0)
"l_i:PIO:PIOc_read_darray"                                                                                                      -      24576    24576 5.382144e+06   8.247708e+06   336.564 ( 23083      0)   332.611 (  8185      0)
"l_i:PIO:read_darray_nc"                                                                                                        -      24576    24576 5.382144e+06   3.642162e+05   217.893 ( 21036      0)     0.000 (  2596      0)
"l_i:PIO:rearrange_io2comp"                                                                                                     -      24576    24576 5.382144e+06   7.879027e+06   336.450 ( 23083      0)   117.639 (  5292      0)
"l_i:PIO:pio_inquire_file"                                                                                                      -      24576    24576 7.077888e+06   4.156480e+02     0.071 (   447      0)     0.006 (  8856      0)
"l_i:PIO:pio_inq_ndims_file"                                                                                                    -      24576    24576 7.077888e+06   3.922861e+02     0.037 (  6474      0)     0.006 (  8856      0)
"l_i:PIO:read_darray_1d_int"                                                                                                    -      24576    24576 1.720320e+05   3.238662e+05    13.475 ( 10907      0)    13.121 (  6916      0)
"l_i:PIO:read_darray_3d_double"                                                                                                 -      24576    24576 4.423680e+05   1.739615e+05     7.165 ( 23591      0)     6.470 (  8185      0)
"l_i:PIO:read_darray_3d_int"                                                                                                    -      24576    24576 2.457600e+04   8.972133e+03     0.381 ( 23781      0)     0.334 (  2878      0)
"l_i:PIO:read_darray_4d_double"                                                                                                 -      24576    24576 3.440640e+05   7.929891e+05    32.310 ( 16603      0)    31.751 (  8188      0)
"l_i:PIO:get_var_1d_text"                                                                                                       -      24576    24576 4.915200e+04   5.336030e+02     0.089 ( 13754      0)     0.002 (  8122      0)
"l_i:PIO:get_var_1d_double"                                                                                                     -      24576    24576 3.538944e+06   8.708659e+03     0.459 ( 23180      0)     0.103 ( 13556      0)
"l_i:PIO:get_var_0d_double"                                                                                                     -      24576    24576 2.457600e+05   6.528056e+02     0.032 (  5123      0)     0.011 (  4042      0)
"l_i:PIO:read_darray_2d_double"                                                                                                 -      24576    24576 2.285568e+06   4.327938e+06   176.766 ( 23083      0)   174.355 (  5527      0)
"l_i:PIO:read_darray_2d_int"                                                                                                    -      24576    24576 9.830400e+04   1.276285e+04     0.540 (  7992      0)     0.477 ( 18685      0)
"l_i:gather_1darray_int_total"                                                                                                  -      24576    24576 1.228800e+05   2.878715e+04     2.178 (     0      0)     0.740 (   265      0)
"l_i:scatter_1darray_int_total"                                                                                                 -      24576    24576 1.228800e+05   5.618718e+04     2.585 (     9      0)     1.246 (     0      0)
"l_i:init_filters"                                                                                                              -      24576    24576 2.457600e+04   4.005498e+01     0.035 ( 21588      0)     0.000 ( 18264      0)
"l_i:elm_init2"                                                                                                                 -      24576    24576 2.457600e+04   7.460252e+06   303.684 (     0      0)   303.513 (  2780      0)
"l_i:init_orbd"                                                                                                                 -      24576    24576 2.457600e+04   7.913954e+01     0.104 ( 11453      0)     0.000 ( 11276      0)
"l_i:PIO:get_var_0d_int"                                                                                                        -      24576    24576 5.160960e+05   6.071218e+04     2.716 (  5666      0)     2.358 ( 24299      0)
"l_i:PIO:get_var_2d_double"                                                                                                     -      24576    24576 2.949120e+05   1.221796e+03     0.057 (  2258      0)     0.034 ( 10724      0)
"l_i:PIO:get_var_3d_double"                                                                                                     -      24576    24576 9.830400e+04   4.997192e+02     0.024 ( 23244      0)     0.014 ( 15567      0)
"l_i:init_accflds"                                                                                                              -      24576    24576 2.457600e+04   1.300711e+02     0.051 ( 10717      0)     0.000 (  7152      0)
"l_i:init_dyn_subgrid"                                                                                                          -      24576    24576 2.457600e+04   2.120748e+02     0.047 (  5527      0)     0.001 (  8532      0)
"l_i:subgridRest_write-read"                                                                                                    -      24576    24576 2.457600e+04   1.073678e+06    43.701 ( 16248      0)    43.673 (     0      0)
"l_i:init_map2gc"                                                                                                               -      24576    24576 2.457600e+04   1.645590e+01     0.036 ( 14815      0)     0.000 ( 13771      0)
"l_i:init_elm_interface_data & pflotran"                                                                                        -      24576    24576 2.457600e+04   4.927017e-03     0.000 ( 10103      0)     0.000 ( 15888      0)
"l_i:init_wlog"                                                                                                                 -      24576    24576 2.457600e+04   2.103241e-02     0.014 (     0      0)     0.000 ( 10260      0)
"l_i:elm_init3"                                                                                                                 -      24576    24576 2.457600e+04   3.406700e-02     0.000 (  8065      0)     0.000 ( 20107      0)
"CPL:comp_init_cc_rof"                                                                                                          -      24576    24576 2.457600e+04   8.105908e+01     0.005 ( 11448      0)     0.002 ( 17845      0)
"r_i:comp_init"                                                                                                                 -      24576    24576 2.457600e+04   1.624130e+00     0.002 ( 11701      0)     0.000 ( 11500      0)
"CPL:comp_init_cc_ocn"                                                                                                          -      24576    24576 2.457600e+04   1.259761e+06    51.277 (  6225      0)    51.247 ( 13892      0)
"o_i:comp_init"                                                                                                                 -      24576    24576 2.457600e+04   1.259480e+06    51.274 (  6225      0)    51.180 (  2211      0)
"o_i:docn_readnml"                                                                                                              -      24576    24576 2.457600e+04   2.383594e+04     1.039 ( 20543      0)     0.406 (     0      0)
"o_i:DOCN_INIT"                                                                                                                 -      24576    24576 2.457600e+04   1.235512e+06    50.829 (    11      0)    50.156 (  2858      0)
"o_i:docn_strdata_init"                                                                                                         -      24576    24576 2.457600e+04   1.100941e+06    45.310 (     0      0)    44.567 (  4659      0)
"o_i:PIO:initdecomp"                                                                                                            -      24576    24576 7.372800e+04   4.583298e+04     1.931 (     1      0)     1.793 (     0      0)
"o_i:PIO:PIOc_initdecomp"                                                                                                       -      24576    24576 7.372800e+04   4.583270e+04     1.931 (     1      0)     1.793 (     0      0)
"o_i:PIO:box_rearrange_create"                                                                                                  -      24576    24576 7.372800e+04   4.402422e+04     1.792 (  4048      0)     1.791 ( 16108      0)
"o_i:PIO:pio_swapm"                                                                                                             -      24576    24576 2.703360e+05   4.444082e+04     1.975 ( 19844      0)     1.478 (  5796      0)
"o_i:docn_initgsmaps"                                                                                                           -      24576    24576 2.457600e+04   2.661059e+01     0.002 (  4961      0)     0.001 (  4665      0)
"o_i:docn_initmctdom"                                                                                                           -      24576    24576 2.457600e+04   7.430784e+01     0.162 ( 23408      0)     0.000 ( 12454      0)
"o_i:docn_initmctavs"                                                                                                           -      24576    24576 2.457600e+04   4.411270e+01     0.178 (  5063      0)     0.000 ( 12452      0)
"o_i:DOCN_RUN"                                                                                                                  -      24576    24576 2.457600e+04   1.344079e+05     5.658 (  4660      0)     5.281 ( 16253      0)
"o_i:docn_run1"                                                                                                                 -      24576    24576 2.457600e+04   2.422836e-02     0.000 (  7200      0)     0.000 ( 12188      0)
"o_i:docn"                                                                                                                      -      24576    24576 2.457600e+04   1.344077e+05     5.658 (  4660      0)     5.281 ( 16253      0)
"o_i:docn_strdata_advance"                                                                                                      -      24576    24576 2.457600e+04   1.344003e+05     5.657 (  4660      0)     5.281 ( 16253      0)
"o_i:docn_strd_adv_total"                                                                                                       -      24576    24576 2.457600e+04   1.344002e+05     5.657 (  4660      0)     5.281 ( 16253      0)
"o_i:docn_strd_adv_readLBUB"                                                                                                    -      24576    24576 2.457600e+04   1.333156e+05     5.627 ( 12444      0)     5.275 ( 16256      0)
"o_i:docn_readLBUB_setup"                                                                                                       -      24576    24576 2.457600e+04   9.380617e-03     0.000 (  6852      0)     0.000 ( 23252      0)
"o_i:docn_readLBUB_fbound"                                                                                                      -      24576    24576 2.457600e+04   5.110565e+00     5.108 (     0      0)     0.000 ( 10920      0)
"o_i:docn_readLBUB_bcast"                                                                                                       -      24576    24576 2.457600e+04   1.242467e+05     5.240 (  4656      0)     0.000 (     0      0)
"o_i:docn_readLBUB_LB_setup"                                                                                                    -      24576    24576 2.457600e+04   1.971346e-01     0.002 ( 12853      0)     0.000 ( 21186      0)
"o_i:docn_readLBUB_LB_readpio"                                                                                                  -      24576    24576 2.457600e+04   6.284825e+03     0.340 (  5235      0)     0.216 (     1      0)
"o_i:PIO:openfile"                                                                                                              -      24576    24576 2.457600e+04   4.950245e+03     0.203 (     0      0)     0.191 ( 20123      0)
"o_i:PIO:pio_inq_varid_file_vdesc"                                                                                              -      24576    24576 9.830400e+04   1.692092e+02     0.091 (  5327      0)     0.000 (  4354      0)
"o_i:PIO:pio_inq_varid_file_vid"                                                                                                -      24576    24576 9.830400e+04   1.691650e+02     0.091 (  5327      0)     0.000 (  4355      0)
"o_i:PIO:pio_inq_varndims_file_vdesc"                                                                                           -      24576    24576 4.915200e+04   2.363704e+01     0.067 ( 11100      0)     0.000 (  9848      0)
"o_i:PIO:pio_inq_varndims_file_vid"                                                                                             -      24576    24576 4.915200e+04   2.360831e+01     0.067 ( 11100      0)     0.000 (  9848      0)
"o_i:PIO:pio_inq_vardimid_file_vdesc"                                                                                           -      24576    24576 4.915200e+04   2.338364e+01     0.001 (  2226      0)     0.001 ( 24050      0)
"o_i:PIO:pio_inq_vardimid_file_vid"                                                                                             -      24576    24576 4.915200e+04   2.336012e+01     0.001 (  2226      0)     0.001 ( 23844      0)
"o_i:PIO:pio_inq_dimlen_file_dimid"                                                                                             -      24576    24576 1.474560e+05   1.416713e+01     0.001 (  2225      0)     0.000 ( 10517      0)
"o_i:PIO:pio_inq_dimlen_file_dimid_offlen"                                                                                      -      24576    24576 1.474560e+05   1.412167e+01     0.001 (  2222      0)     0.000 ( 10517      0)
"o_i:PIO:pio_inq_vartype_file_vdesc"                                                                                            -      24576    24576 4.915200e+04   1.306993e+01     0.001 (     8      0)     0.000 ( 24567      0)
"o_i:PIO:pio_inq_vartype_file_vid"                                                                                              -      24576    24576 4.915200e+04   1.304400e+01     0.001 (     8      0)     0.000 ( 24567      0)
"o_i:PIO:read_darray_1d_real"                                                                                                   -      24576    24576 4.915200e+04   3.327860e+03     0.208 (  3252      0)     0.048 (  6222      0)
"o_i:PIO:PIOc_read_darray"                                                                                                      -      24576    24576 4.915200e+04   3.327686e+03     0.208 (  3252      0)     0.048 (  6222      0)
"o_i:PIO:read_darray_nc"                                                                                                        -      24576    24576 4.915200e+04   2.268001e+02     0.198 ( 14148      0)     0.000 (  5637      0)
"o_i:PIO:rearrange_io2comp"                                                                                                     -      24576    24576 4.915200e+04   3.056288e+03     0.206 (  3265      0)     0.002 (  8112      0)
"o_i:docn_readLBUB_UB_setup"                                                                                                    -      24576    24576 2.457600e+04   1.754271e-02     0.000 (     0      0)     0.000 (  8135      0)
"o_i:docn_readLBUB_UB_readpio"                                                                                                  -      24576    24576 2.457600e+04   2.776188e+03     0.182 (  2220      0)     0.027 (  5243      0)
"o_i:docn_readLBUB_filemgt"                                                                                                     -      24576    24576 2.457600e+04   4.783746e-03     0.000 (  7211      0)     0.000 ( 16243      0)
"o_i:docn_strd_adv_fill"                                                                                                        -      24576    24576 2.457600e+04   8.066020e+00     0.004 ( 13460      0)     0.000 (    99      0)
"o_i:docn_strd_adv_map"                                                                                                         -      24576    24576 2.457600e+04   1.057809e+03     0.080 (  2066      0)     0.000 (  2478      0)
"o_i:docn_strd_adv_tint"                                                                                                        -      24576    24576 2.457600e+04   1.596380e+01     0.010 (  4537      0)     0.000 ( 21081      0)
"o_i:docn_scatter"                                                                                                              -      24576    24576 2.457600e+04   3.616462e+00     0.000 ( 16589      0)     0.000 (  3090      0)
"o_i:docn_datamode"                                                                                                             -      24576    24576 2.457600e+04   2.148009e+00     0.020 ( 14578      0)     0.000 ( 20372      0)
"o_i:docn_run2"                                                                                                                 -      24576    24576 2.457600e+04   3.560050e-02     0.000 ( 24296      0)     0.000 (   391      0)
"CPL:comp_init_cc_ice"                                                                                                          -      24576    24576 2.457600e+04   1.914528e+06    78.002 (  6918      0)    77.836 ( 15264      0)
"i_i:comp_init"                                                                                                                 -      24576    24576 2.457600e+04   1.909117e+06    77.999 (  6932      0)    77.290 ( 23813      0)
"i_i:cice_init"                                                                                                                 -      24576    24576 2.457600e+04   2.844162e+05    11.610 ( 15371      0)    11.544 (  4040      0)
"i_i:ice_HaloUpdate2DR8"                                                                                                        -      24576    24576 9.830400e+04   5.413931e+02     0.691 (  6923      0)     0.000 ( 14403      0)
"i_i:ice_HU2DR8_init"                                                                                                           -      24576    24576 9.830400e+04   5.739087e-02     0.000 ( 22328      0)     0.000 ( 20879      0)
"i_i:state_bound_h1"                                                                                                            -      24576    24576 2.457600e+04   2.400115e+01     0.041 ( 15371      0)     0.000 ( 20871      0)
"i_i:ice_HaloUpdate3DR8"                                                                                                        -      24576    24576 1.228800e+05   2.263181e+01     0.041 ( 15371      0)     0.000 ( 19855      0)
"i_i:ice_HU3DR8_init"                                                                                                           -      24576    24576 1.228800e+05   2.521849e+00     0.004 ( 10242      0)     0.000 ( 12453      0)
"i_i:ice_HU3DR8_recvall"                                                                                                        -      24576    24576 1.228800e+05   1.399050e+01     0.041 ( 15371      0)     0.000 (   109      0)
"i_i:state_bound_hm"                                                                                                            -      24576    24576 2.457600e+04   9.036899e-02     0.000 (  9601      0)     0.000 ( 21344      0)
"i_i:state_bound_hc"                                                                                                            -      24576    24576 2.457600e+04   5.817024e-02     0.000 (  9931      0)     0.000 ( 21344      0)
"i_i:state_bound_h2"                                                                                                            -      24576    24576 2.457600e+04   7.816783e+00     0.022 ( 18925      0)     0.000 (  9622      0)
"i_i:ice_HaloUpdate4DR8"                                                                                                        -      24576    24576 2.457600e+04   2.993220e+00     0.022 ( 18925      0)     0.000 (  8579      0)
"i_i:ice_HU4DR8_init"                                                                                                           -      24576    24576 2.457600e+04   8.256175e-01     0.004 (   523      0)     0.000 ( 20928      0)
"i_i:ice_HU4DR8_recvall"                                                                                                        -      24576    24576 2.457600e+04   8.012298e-01     0.022 ( 18925      0)     0.000 (  5165      0)
"i_i:state_bound_hd"                                                                                                            -      24576    24576 2.457600e+04   1.252896e-02     0.000 (  2049      0)     0.000 ( 14538      0)
"i_i:cice_mct_init"                                                                                                             -      24576    24576 2.457600e+04   1.624538e+06    66.423 (  6932      0)    65.684 ( 20746      0)
"i_i:PIO:initdecomp"                                                                                                            -      24576    24576 7.372800e+04   6.009287e+04    28.246 (     9      0)     1.837 ( 16678      0)
"i_i:PIO:PIOc_initdecomp"                                                                                                       -      24576    24576 7.372800e+04   6.009256e+04    28.246 (     9      0)     1.837 ( 16678      0)
"i_i:PIO:box_rearrange_create"                                                                                                  -      24576    24576 7.372800e+04   4.510494e+04     1.836 (  3717      0)     1.835 ( 17403      0)
"i_i:PIO:pio_swapm"                                                                                                             -      24576    24576 2.211840e+05   4.231461e+04     1.828 ( 10368      0)     1.508 (  6062      0)
"CPL:comp_init_cc_glc"                                                                                                          -      24576    24576 2.457600e+04   9.126264e+01     0.051 ( 24540      0)     0.001 ( 14960      0)
"g_i:comp_init"                                                                                                                 -      24576    24576 2.457600e+04   3.644782e-02     0.000 ( 15306      0)     0.000 ( 12180      0)
"CPL:comp_init_cc_wav"                                                                                                          -      24576    24576 2.457600e+04   6.534290e+01     0.004 ( 18197      0)     0.001 ( 14568      0)
"w_i:comp_init"                                                                                                                 -      24576    24576 2.457600e+04   1.859500e-02     0.000 ( 15958      0)     0.000 ( 14969      0)
"CPL:comp_init_cc_esp"                                                                                                          -      24576    24576 2.457600e+04   5.610741e+01     0.003 ( 10668      0)     0.000 ( 12224      0)
"e_i:comp_init"                                                                                                                 -      24576    24576 2.457600e+04   1.859659e-02     0.000 ( 21627      0)     0.000 ( 12128      0)
"CPL:comp_init_cx_all"                                                                                                          -      24576    24576 2.457600e+04   2.715812e+04     1.167 (    11      0)     1.018 (  6914      0)
"CPL:comp_list_all"                                                                                                             -      24576    24576 2.457600e+04   1.083218e+01     0.031 ( 10091      0)     0.000 (  6936      0)
"CPL:init_maps"                                                                                                                 -      24576    24576 2.457600e+04   1.381747e+03     0.464 ( 10696      0)     0.035 (    48      0)
"CPL:init_aream"                                                                                                                -      24576    24576 2.457600e+04   4.249078e+02     0.389 ( 11227      0)     0.000 ( 19968      0)
"CPL:init_domain_check"                                                                                                         -      24576    24576 2.457600e+04   1.059538e+04     0.470 (   488      0)     0.032 ( 10700      0)
"CPL:init_areacor"                                                                                                              -      24576    24576 2.457600e+04   5.113032e+03     0.208 (  3901      0)     0.189 ( 12102      0)
"CPL:init_fracs"                                                                                                                -      24576    24576 2.457600e+04   3.101071e+02     0.166 (     3      0)     0.001 ( 11615      0)
"CPL:init_aoflux"                                                                                                               -      24576    24576 2.457600e+04   3.845082e+01     0.062 (   915      0)     0.000 ( 18464      0)
"CPL:init_atminit"                                                                                                              -      24576    24576 1.474560e+05   5.912410e+02     0.216 (  2658      0)     0.002 ( 24530      0)
"CPL:comp_init_cc_atm2"                                                                                                         -      24576    24576 2.457600e+04   4.715464e+03     0.300 ( 22908      0)     0.006 (  2802      0)
"CPL:init_readrestart"                                                                                                          -      24576    24576 2.457600e+04   3.493175e+01     0.078 ( 14064      0)     0.000 (  7800      0)
"CPL:cime_run_init"                                                                                                             -      24576    24576 2.457600e+04   3.355345e+01     0.175 (     0      0)     0.000 ( 19178      0)
"CPL:INIT_sync1_tprf"                                                                                                           -      24576    24576 2.457600e+04   4.194910e+03     0.175 (  4513      0)     0.000 (     0      0)
"CPL:INIT_t_prf"                                                                                                                -      24576    24576 2.457600e+04   1.236476e+01     0.384 (     0      0)     0.000 (  1301      0)
"CPL:INIT_sync2_tprf"                                                                                                           -      24576    24576 2.457600e+04   9.415140e+03     0.383 ( 19383      0)     0.000 (     0      0)
"CPL:RUN_LOOP_BSTART"                                                                                                           -      24576    24576 2.457600e+04   1.387656e+00     0.000 (  4624      0)     0.000 ( 12852      0)
"CPL:RUN_LOOP"                                                                                                                  -      24576    24576 1.061683e+07   6.489084e+06   264.045 (  4173      0)   264.039 ( 23590      0)
"CPL:CLOCK_ADVANCE"                                                                                                             -      24576    24576 1.061683e+07   8.882657e+02     0.057 ( 20604      0)     0.035 (  4329      0)
"CPL:RUN"                                                                                                                       -      24576    24576 1.273774e+08   5.502945e+04     4.051 (  2473      0)     1.229 ( 21141      0)
"CPL:OCNPRE1"                                                                                                                   -      24576    24576 1.061683e+07   3.715462e+03     0.187 ( 12636      0)     0.141 ( 16938      0)
"CPL:ocnpre1_atm2ocn"                                                                                                           -      24576    24576 1.061683e+07   3.707009e+03     0.178 ( 21986      0)     0.141 ( 16938      0)
"CPL:LNDPREP"                                                                                                                   -      24576    24576 1.061683e+07   1.660564e+03     0.138 ( 23623      0)     0.047 ( 21141      0)
"CPL:lndprep_atm2lnd"                                                                                                           -      24576    24576 1.061683e+07   1.415311e+03     0.134 ( 10940      0)     0.043 ( 21141      0)
"CPL:lndprep_mrgx2l"                                                                                                            -      24576    24576 1.061683e+07   2.270374e+02     0.014 (  7839      0)     0.002 ( 17027      0)
"CPL:COMM"                                                                                                                      -      24576    24576 7.429325e+07   3.765297e+05    46.830 ( 22119      0)     5.028 (  1696      0)
"CPL:C2L"                                                                                                                       -      24576    24576 1.061683e+07   9.051565e+03     0.422 ( 14648      0)     0.255 (     0      0)
"CPL:c2l_lndx2lndl"                                                                                                             -      24576    24576 1.061683e+07   4.674473e+03     0.267 ( 15761      0)     0.105 ( 13539      0)
"CPL:c2l_infoexch"                                                                                                              -      24576    24576 1.061683e+07   4.360522e+03     0.304 ( 24548      0)     0.063 (    10      0)
"CPL:ICEPREP"                                                                                                                   -      24576    24576 1.061683e+07   1.631214e+03     0.083 (  6542      0)     0.063 (  2506      0)
"CPL:iceprep_ocn2ice"                                                                                                           -      24576    24576 1.061683e+07   3.502562e+02     0.020 (  8042      0)     0.012 (    12      0)
"CPL:iceprep_atm2ice"                                                                                                           -      24576    24576 1.061683e+07   4.883853e+02     0.026 ( 22596      0)     0.018 ( 13244      0)
"CPL:iceprep_mrgx2i"                                                                                                            -      24576    24576 1.061683e+07   7.490685e+02     0.039 (  6542      0)     0.029 ( 18598      0)
"CPL:C2I"                                                                                                                       -      24576    24576 1.061683e+07   3.879749e+03     0.172 ( 17650      0)     0.141 ( 22603      0)
"CPL:c2i_icex2icei"                                                                                                             -      24576    24576 1.061683e+07   5.159162e+02     0.027 ( 14201      0)     0.019 ( 15584      0)
"CPL:ice_infoexch"                                                                                                              -      24576    24576 1.061683e+07   3.352793e+03     0.151 ( 17650      0)     0.114 ( 22603      0)
"CPL:ICE_RUN"                                                                                                                   -      24576    24576 1.061683e+07   1.450955e+05     6.659 ( 19614      0)     5.706 ( 21903      0)
"i:cice_run_total"                                                                                                              -      24576    24576 1.061683e+07   1.439142e+05     6.608 ( 19614      0)     5.658 ( 21903      0)
"i:cice_run_import"                                                                                                             -      24576    24576 1.061683e+07   2.128293e+03     0.202 (   700      0)     0.080 ( 16630      0)
"i:cice_imp_ocn"                                                                                                                -      24576    24576 1.061683e+07   2.289145e+02     0.015 (  2552      0)     0.008 (  9901      0)
"i:cice_imp_atm"                                                                                                                -      24576    24576 1.061683e+07   2.038174e+02     0.017 (  2552      0)     0.008 (  1540      0)
"i:cice_run_initmd"                                                                                                             -      24576    24576 1.061683e+07   1.096066e+05     4.607 (     5      0)     1.885 (     0      0)
"i:cice_run_presc"                                                                                                              -      24576    24576 1.061683e+07   1.273314e+04     0.562 ( 24240      0)     0.346 ( 20507      0)
"i:cice_pice_strd_adv_total"                                                                                                    -      24576    24576 1.061683e+07   1.036494e+04     0.456 ( 18676      0)     0.258 ( 20507      0)
"i:cice_pice_strd_adv_readLBUB"                                                                                                 -      24576    24576 1.061683e+07   7.252151e+03     0.401 (   900      0)     0.251 ( 20505      0)
"i:cice_pice_readLBUB_setup"                                                                                                    -      24576    24576 1.061683e+07   3.193743e+00     0.000 ( 19769      0)     0.000 (  1923      0)
"i:cice_pice_readLBUB_fbound"                                                                                                   -      24576    24576 4.915200e+04   9.425329e-03     0.004 (     0      0)     0.000 ( 17700      0)
"i:cice_pice_readLBUB_bcast"                                                                                                    -      24576    24576 4.915200e+04   1.147524e+02     0.005 ( 11981      0)     0.000 (     0      0)
"i:cice_pice_readLBUB_LB_setup"                                                                                                 -      24576    24576 2.457600e+04   7.814801e-03     0.000 (     0      0)     0.000 ( 17957      0)
"i:cice_pice_readLBUB_LB_readpio"                                                                                               -      24576    24576 2.457600e+04   2.938987e+03     0.204 (  1848      0)     0.084 (   532      0)
"i:PIO:openfile"                                                                                                                -      24576    24576 2.457600e+04   1.468556e+03     0.061 (     0      0)     0.059 (     1      0)
"i:PIO:pio_inq_varid_file_vdesc"                                                                                                -      24576    24576 1.474560e+05   4.706457e+02     0.071 ( 20344      0)     0.000 (  8781      0)
"i:PIO:pio_inq_varid_file_vid"                                                                                                  -      24576    24576 1.474560e+05   4.705879e+02     0.071 ( 20344      0)     0.000 (  8781      0)
"i:PIO:pio_inq_varndims_file_vdesc"                                                                                             -      24576    24576 7.372800e+04   5.194235e+01     0.043 (  8940      0)     0.001 (     1      0)
"i:PIO:pio_inq_varndims_file_vid"                                                                                               -      24576    24576 7.372800e+04   5.190304e+01     0.043 (  8940      0)     0.001 (     1      0)
"i:PIO:pio_inq_vardimid_file_vdesc"                                                                                             -      24576    24576 7.372800e+04   4.246875e+01     0.002 (  5229      0)     0.001 (  5491      0)
"i:PIO:pio_inq_vardimid_file_vid"                                                                                               -      24576    24576 7.372800e+04   4.243644e+01     0.002 (  5225      0)     0.001 (  5491      0)
"i:PIO:pio_inq_dimlen_file_dimid"                                                                                               -      24576    24576 2.211840e+05   2.569270e+01     0.002 (  7105      0)     0.001 ( 15279      0)
"i:PIO:pio_inq_dimlen_file_dimid_offlen"                                                                                        -      24576    24576 2.211840e+05   2.562955e+01     0.002 (  7105      0)     0.001 ( 15276      0)
"i:PIO:pio_inq_vartype_file_vdesc"                                                                                              -      24576    24576 7.372800e+04   2.081489e+01     0.002 (     9      0)     0.000 ( 19967      0)
"i:PIO:pio_inq_vartype_file_vid"                                                                                                -      24576    24576 7.372800e+04   2.078017e+01     0.002 (     8      0)     0.000 ( 19967      0)
"i:PIO:read_darray_1d_real"                                                                                                     -      24576    24576 7.372800e+04   4.179421e+03     0.326 (   900      0)     0.087 ( 13160      0)
"i:PIO:PIOc_read_darray"                                                                                                        -      24576    24576 7.372800e+04   4.179218e+03     0.326 (   900      0)     0.087 ( 13160      0)
"i:PIO:read_darray_nc"                                                                                                          -      24576    24576 7.372800e+04   2.597607e+02     0.309 (   900      0)     0.000 ( 17842      0)
"i:PIO:rearrange_io2comp"                                                                                                       -      24576    24576 7.372800e+04   3.871164e+03     0.317 (  1322      0)     0.002 (     0      0)
"i:PIO:pio_swapm"                                                                                                               -      24576    24576 7.372800e+04   3.865502e+03     0.317 (  1322      0)     0.001 (     0      0)
"i:cice_pice_readLBUB_UB_setup"                                                                                                 -      24576    24576 4.915200e+04   2.143991e-02     0.000 (     0      0)     0.000 ( 12179      0)
"i:cice_pice_readLBUB_UB_readpio"                                                                                               -      24576    24576 4.915200e+04   4.165115e+03     0.289 (   744      0)     0.058 ( 14620      0)
"i:cice_pice_readLBUB_filemgt"                                                                                                  -      24576    24576 1.061683e+07   1.838202e+00     0.000 ( 11993      0)     0.000 (  4413      0)
"i:cice_pice_strd_adv_map"                                                                                                      -      24576    24576 4.915200e+04   2.971959e+03     0.194 ( 20505      0)     0.001 ( 20755      0)
"i:cice_pice_strd_adv_tint"                                                                                                     -      24576    24576 1.061683e+07   1.004977e+02     0.005 ( 24240      0)     0.004 ( 15083      0)
"i:cice_run_initflux"                                                                                                           -      24576    24576 1.061683e+07   9.275240e+01     0.004 ( 21993      0)     0.004 (  6542      0)
"i:cice_run_prepradiation"                                                                                                      -      24576    24576 1.061683e+07   7.928957e+01     0.008 ( 19569      0)     0.003 ( 15544      0)
"i:cice_run_therm1"                                                                                                             -      24576    24576 1.061683e+07   3.021568e+03     0.448 ( 17449      0)     0.099 (  7919      0)
"i:cice_run_dyn"                                                                                                                -      24576    24576 1.061683e+07   7.635959e-01     0.000 ( 16684      0)     0.000 (  4263      0)
"i:cice_run_radiation"                                                                                                          -      24576    24576 1.061683e+07   1.909612e+03     0.676 ( 19710      0)     0.048 ( 22409      0)
"i:cice_step_radiationib"                                                                                                       -      24576    24576 1.061683e+07   1.673354e+03     0.668 ( 19710      0)     0.040 ( 22445      0)
"i:cice_step_rib_swdedd1"                                                                                                       -      24576    24576 1.061683e+07   1.789979e+02     0.012 ( 24494      0)     0.003 (  7893      0)
"i:cice_step_rib_swdedd2"                                                                                                       -      24576    24576 1.061683e+07   1.350277e+02     0.007 ( 19590      0)     0.005 ( 23380      0)
"i:cice_step_rib_swdedd7"                                                                                                       -      24576    24576 1.061683e+07   1.232339e+03     0.647 ( 19710      0)     0.023 ( 22445      0)
"i:cice_run_couplingprep"                                                                                                       -      24576    24576 1.061683e+07   2.593480e+03     0.889 ( 19711      0)     0.045 ( 23569      0)
"i:ice_HaloUpdate2DR8"                                                                                                          -      24576    24576 1.061683e+07   1.568113e+03     0.848 ( 19711      0)     0.005 (  2524      0)
"i:ice_HU2DR8_init"                                                                                                             -      24576    24576 1.061683e+07   6.649101e+00     0.001 (  4863      0)     0.000 (  5758      0)
"i:cice_run_diag"                                                                                                               -      24576    24576 1.061683e+07   9.470399e+03     0.458 (  8097      0)     0.347 ( 19698      0)
"i:cice_run_hist"                                                                                                               -      24576    24576 1.061683e+07   1.372063e+03     0.093 ( 17208      0)     0.040 (  7978      0)
"i:cice_run_accum"                                                                                                              -      24576    24576 1.061683e+07   5.551636e+01     0.003 (  8711      0)     0.002 (  6511      0)
"i:cice_run_export"                                                                                                             -      24576    24576 1.061683e+07   6.426190e+02     0.038 ( 19569      0)     0.024 ( 22568      0)
"CPL:LND_RUN"                                                                                                                   -      24576    24576 1.061683e+07   4.230675e+05    20.140 (  1498      0)    14.650 ( 24208      0)
"l:lc_lnd_import"                                                                                                               -      24576    24576 1.061683e+07   6.136476e+02     0.097 (  8280      0)     0.021 ( 13733      0)
"l:elm_run"                                                                                                                     -      24576    24576 1.064141e+07   4.212607e+05    20.061 (  1498      0)    14.574 ( 24208      0)
"l:shr_orb_decl"                                                                                                                -      24576    24576 1.064141e+07   8.959808e+00     0.000 ( 12621      0)     0.000 ( 17170      0)
"l:decomp_vert"                                                                                                                 -      24576    24576 1.064141e+07   8.625969e+01     0.089 (  9157      0)     0.001 ( 15498      0)
"l:beggridwbal"                                                                                                                 -      24576    24576 1.064141e+07   1.721244e+03     0.164 ( 12684      0)     0.056 ( 14312      0)
"l:cnpinit"                                                                                                                     -      24576    24576 1.064141e+07   1.145093e+01     0.056 ( 16139      0)     0.000 ( 10908      0)
"l:cnpvegsumm"                                                                                                                  -      24576    24576 1.064141e+07   9.922522e-01     0.000 (  2514      0)     0.000 (  8194      0)
"l:dyn_subgrid"                                                                                                                 -      24576    24576 1.064141e+07   1.017622e+04     0.695 ( 22107      0)     0.343 ( 13686      0)
"l:begwbal"                                                                                                                     -      24576    24576 1.064141e+07   1.792462e+02     0.080 ( 23167      0)     0.005 ( 13488      0)
"l:begcnpbal"                                                                                                                   -      24576    24576 1.064141e+07   8.208847e-01     0.000 ( 13003      0)     0.000 (  6403      0)
"l:drvinit"                                                                                                                     -      24576    24576 1.064141e+07   1.104803e+03     0.128 (   446      0)     0.039 ( 13684      0)
"l:canhydro"                                                                                                                    -      24576    24576 1.064141e+07   1.782638e+03     0.247 (  5262      0)     0.049 ( 13250      0)
"l:surfrad"                                                                                                                     -      24576    24576 1.064141e+07   3.728107e+03     0.283 (  5943      0)     0.125 ( 11540      0)
"l:bgp1"                                                                                                                        -      24576    24576 1.064141e+07   2.114240e+03     0.190 ( 12379      0)     0.060 ( 17789      0)
"l:bgflux"                                                                                                                      -      24576    24576 1.064141e+07   2.588595e+03     0.182 ( 12695      0)     0.065 (  7312      0)
"l:canflux"                                                                                                                     -      24576    24576 1.064141e+07   1.014188e+05     6.339 ( 20138      0)     2.387 ( 12404      0)
"l:can_iter"                                                                                                                    -      24576    24576 1.064141e+07   8.301410e+04     5.482 ( 20138      0)     1.800 ( 12404      0)
"l:uflux"                                                                                                                       -      24576    24576 1.064141e+07   1.667346e+03     0.297 (  3355      0)     0.014 ( 19677      0)
"l:bgplake"                                                                                                                     -      24576    24576 1.064141e+07   7.913825e+03     0.638 (   914      0)     0.198 ( 12827      0)
"l:bgc"                                                                                                                         -      24576    24576 1.064141e+07   5.698471e+03     0.427 (  3076      0)     0.169 ( 12402      0)
"l:soiltemperature"                                                                                                             -      24576    24576 1.064141e+07   6.262851e+04     3.181 (  3096      0)     2.103 ( 23810      0)
"l:SoilThermProp"                                                                                                               -      24576    24576 1.064141e+07   3.304798e+03     0.225 ( 20244      0)     0.087 ( 16085      0)
"l:SoilTempBandDiag"                                                                                                            -      24576    24576 2.128282e+07   6.649277e+03     0.513 ( 19107      0)     0.183 (  1204      0)
"l:PhaseChangeH2osfc"                                                                                                           -      24576    24576 1.064141e+07   3.993719e+01     0.004 (  8996      0)     0.001 ( 19683      0)
"l:PhaseChangebeta"                                                                                                             -      24576    24576 1.064141e+07   1.329232e+03     0.099 (  8996      0)     0.026 ( 19684      0)
"l:bgp2"                                                                                                                        -      24576    24576 1.064141e+07   2.691425e+03     0.234 ( 21070      0)     0.079 ( 16085      0)
"l:bgp2_loop_1"                                                                                                                 -      24576    24576 1.064141e+07   4.202736e+02     0.025 (  1498      0)     0.013 ( 13670      0)
"l:bgp2_loop_2"                                                                                                                 -      24576    24576 1.064141e+07   7.805719e+02     0.103 (  5943      0)     0.024 ( 16085      0)
"l:bgp2_loop_3"                                                                                                                 -      24576    24576 1.064141e+07   1.128050e+03     0.065 ( 24300      0)     0.030 ( 24208      0)
"l:bgp2_loop_4"                                                                                                                 -      24576    24576 1.064141e+07   2.896619e+02     0.018 (  3862      0)     0.009 ( 17694      0)
"l:patch2col"                                                                                                                   -      24576    24576 1.064141e+07   1.422055e+03     0.137 ( 14569      0)     0.043 ( 16085      0)
"l:hydro without drainage"                                                                                                      -      24576    24576 1.064141e+07   1.951553e+04     1.235 (  1498      0)     0.591 ( 13766      0)
"l:hylake"                                                                                                                      -      24576    24576 1.064141e+07   1.979571e+03     0.191 (   752      0)     0.058 ( 17789      0)
"l:snow_init"                                                                                                                   -      24576    24576 1.064141e+07   1.546243e+02     0.017 (  4741      0)     0.003 (  1022      0)
"l:ecosysdyn"                                                                                                                   -      24576    24576 1.064141e+07   4.991826e+02     0.029 (  3115      0)     0.016 ( 11542      0)
"l:depvel"                                                                                                                      -      24576    24576 2.128282e+07   1.825215e+01     0.043 ( 24548      0)     0.000 ( 10886      0)
"l:hydro2 drainage"                                                                                                             -      24576    24576 1.064141e+07   1.497920e+03     0.137 ( 15463      0)     0.040 ( 14940      0)
"l:balchk"                                                                                                                      -      24576    24576 1.064141e+07   1.986179e+03     0.109 ( 16252      0)     0.069 (  8534      0)
"l:gridbalchk"                                                                                                                  -      24576    24576 1.064141e+07   1.100230e+03     0.054 (  3115      0)     0.038 ( 23810      0)
"l:lnd2atm"                                                                                                                     -      24576    24576 1.064141e+07   1.019454e+04     0.529 (  4057      0)     0.293 ( 12598      0)
"l:wrtdiag"                                                                                                                     -      24576    24576 1.064141e+07   1.008014e+02     0.018 (     0      0)     0.003 ( 18443      0)
"l:hbuf"                                                                                                                        -      24576    24576 1.064141e+07   3.104005e+04     1.435 (  1498      0)     1.102 ( 23810      0)
"l:elm_drv_io"                                                                                                                  -      24576    24576 1.064141e+07   5.042983e+01     0.101 (  5058      0)     0.001 ( 19471      0)
"l:elm_drv_io_htapes"                                                                                                           -      24576    24576 1.064141e+07   4.300544e+01     0.100 (  5058      0)     0.001 ( 21952      0)
"l:lc_lnd_export"                                                                                                               -      24576    24576 1.064141e+07   2.950707e+02     0.014 (  5326      0)     0.011 (  7726      0)
"l:lc_elm2_adv_timestep"                                                                                                        -      24576    24576 1.064141e+07   7.017493e+00     0.001 ( 18971      0)     0.000 (  3780      0)
"l:accum"                                                                                                                       -      24576    24576 1.061683e+07   5.644657e+03     0.349 ( 13464      0)     0.210 (   198      0)
"CPL:ATMOCNP"                                                                                                                   -      24576    24576 1.061683e+07   4.449724e+03     0.291 ( 24292      0)     0.038 ( 22792      0)
"CPL:atmocnp_fluxo"                                                                                                             -      24576    24576 1.061683e+07   3.769900e+03     0.268 ( 24292      0)     0.011 (  2611      0)
"CPL:atmocnp_ocnalb"                                                                                                            -      24576    24576 1.061683e+07   6.556806e+02     0.042 ( 22603      0)     0.018 ( 18392      0)
"CPL:L2C"                                                                                                                       -      24576    24576 1.061683e+07   1.942597e+04     3.052 (  9849      0)     0.149 (  6170      0)
"CPL:l2c_lndl2lndx"                                                                                                             -      24576    24576 1.061683e+07   1.938435e+04     3.050 (  9849      0)     0.148 (  6170      0)
"lnd2cpl_run"                                                                                                                   -      24576    24576 1.061683e+07   2.605344e+01     0.001 (   245      0)     0.001 ( 18550      0)
"CPL:LNDPOST"                                                                                                                   -      24576    24576 1.061683e+07   6.830316e+00     0.000 ( 20063      0)     0.000 (  7698      0)
"CPL:I2C"                                                                                                                       -      24576    24576 1.061683e+07   6.235924e+02     0.032 ( 22603      0)     0.024 ( 20875      0)
"CPL:i2c_icei2icex"                                                                                                             -      24576    24576 1.061683e+07   5.954340e+02     0.031 ( 22603      0)     0.023 ( 20875      0)
"CPL:i2c_infoexch"                                                                                                              -      24576    24576 1.061683e+07   1.254504e+01     0.001 (  9903      0)     0.000 (  7425      0)
"CPL:ICEPOST"                                                                                                                   -      24576    24576 1.061683e+07   6.665580e-01     0.000 ( 14647      0)     0.000 ( 19321      0)
"CPL:FRACSET"                                                                                                                   -      24576    24576 1.061683e+07   1.654385e+03     0.071 ( 17391      0)     0.065 (  7744      0)
"CPL:fracset_fracset"                                                                                                           -      24576    24576 1.061683e+07   1.650607e+03     0.071 ( 17391      0)     0.065 (  7744      0)
"CPL:ATMPREP"                                                                                                                   -      24576    24576 1.061683e+07   4.179947e+04     3.571 (  2473      0)     0.657 (  4974      0)
"CPL:atmprep_xao2atm"                                                                                                           -      24576    24576 1.061683e+07   3.278639e+03     0.150 ( 21028      0)     0.129 (  6382      0)
"CPL:atmprep_ocn2atm"                                                                                                           -      24576    24576 1.061683e+07   2.974112e+03     0.130 ( 22606      0)     0.117 (  6599      0)
"CPL:atmprep_alb2atm"                                                                                                           -      24576    24576 1.061683e+07   1.353805e+03     0.070 (  3968      0)     0.052 (  3514      0)
"CPL:atmprep_ice2atm"                                                                                                           -      24576    24576 1.061683e+07   3.304105e+03     0.150 (  6612      0)     0.129 (  5147      0)
"CPL:atmprep_lnd2atm"                                                                                                           -      24576    24576 1.061683e+07   2.858644e+04     3.031 (  2473      0)     0.130 ( 10848      0)
"CPL:atmprep_mrgx2a"                                                                                                            -      24576    24576 1.061683e+07   2.249811e+03     0.110 ( 22597      0)     0.083 (  1461      0)
"CPL:C2A"                                                                                                                       -      24576    24576 1.061683e+07   5.749232e+04     4.326 (     0      0)     0.773 (  2419      0)
"CPL:c2a_atmx2atmg"                                                                                                             -      24576    24576 1.061683e+07   3.398563e+04     3.608 (  4953      0)     0.191 ( 23526      0)
"CPL:c2a_infoexch"                                                                                                              -      24576    24576 1.061683e+07   2.349197e+04     2.084 ( 16735      0)     0.262 (   727      0)
"CPL:ATM_RUN"                                                                                                                   -      24576    24576 1.061683e+07   4.536135e+06   219.099 (  1029      0)   181.567 ( 13270      0)
"a:EAMxx::run"                                                                                                                  -      24576    24576 1.061683e+07   4.534852e+06   219.047 (  1029      0)   181.514 ( 13270      0)
"a:PIO:PIOc_sync"                                                                                                               -      24576    24576 2.457600e+04   5.964930e-01     0.000 ( 16008      0)     0.000 ( 21125      0)
"a:PIO:write_total"                                                                                                             -      24576    24576 2.457600e+04   5.449477e-01     0.000 ( 16008      0)     0.000 (  2053      0)
"a:PIO:flush_output_buffer"                                                                                                     -       2048     2048 2.048000e+03   2.235549e-01     0.000 ( 16008      0)     0.000 ( 18900      0)
"a:EAMxx::EAMxx::run"                                                                                                           -      24576    24576 1.061683e+07   4.532415e+06   218.946 (  1029      0)   181.418 ( 13270      0)
"a:EAMxx::EAMxx::run-precondition-checks"                                                                                       -      24576    24576 1.061683e+07   3.685860e+00     0.000 ( 14736      0)     0.000 ( 17883      0)
"a:EAMxx::SurfaceCouplingImporter::run"                                                                                         -      24576    24576 1.061683e+07   8.661815e+03     0.618 ( 12105      0)     0.308 (  6480      0)
"a:EAMxx::SurfaceCouplingImporter::run-precondition-checks"                                                                     -      24576    24576 1.061683e+07   1.863839e+00     0.000 (  8431      0)     0.000 ( 18459      0)
"a:EAMxx::SurfaceCouplingImporter::run-postcondition-checks"                                                                    -      24576    24576 1.061683e+07   7.801582e+03     0.582 ( 12105      0)     0.273 (  6480      0)
"a:EAMxx::homme::run"                                                                                                           -      24576    24576 1.061683e+07   4.193990e+06   171.050 (     9      0)   170.322 ( 23629      0)
"a:EAMxx::homme::run-precondition-checks"                                                                                       -      24576    24576 1.061683e+07   2.087321e+00     0.000 ( 15537      0)     0.000 (  5691      0)
"a:tl-sc prim_run_subcycle_c"                                                                                                   -      24576    24576 2.123366e+07   4.024636e+06   164.052 (    11      0)   163.537 ( 21995      0)
"a:tl-s prim_step_flexible"                                                                                                     -      24576    24576 2.123366e+07   4.024538e+06   164.048 (    11      0)   163.532 ( 21995      0)
"a:ApplyCAMForcing_tracers"                                                                                                     -      24576    24576 1.061683e+07   5.819966e+03     0.290 ( 23171      0)     0.224 (  4000      0)
"a:tl-s deep_copy+derived_dp"                                                                                                   -      24576    24576 2.123366e+07   1.307357e+03     0.119 ( 12769      0)     0.041 ( 10920      0)
"a:ApplyCAMForcing_dynamics"                                                                                                    -      24576    24576 6.370099e+07   7.038868e+03     0.362 (  6808      0)     0.267 ( 17672      0)
"a:tl-ae prim_advance_exp"                                                                                                      -      24576    24576 1.274020e+08   3.159338e+06   131.435 ( 17618      0)   126.891 ( 16259      0)
"a:ttype9_imex_timestep"                                                                                                        -      24576    24576 1.274020e+08   2.671850e+06   112.522 ( 17627      0)   106.705 ( 15449      0)
"a:caar compute"                                                                                                                -      24576    24576 1.274020e+09   6.697896e+05    28.417 ( 16209      0)    25.938 ( 22495      0)
"a:caar_bexchV"                                                                                                                 -      24576    24576 6.370099e+08   5.763593e+05    28.191 ( 15106      0)    19.194 ( 12199      0)
"a:caar limiter"                                                                                                                -      24576    24576 7.644119e+08   3.710317e+05    17.850 (  7784      0)    12.809 ( 16978      0)
"a:compute_stage_value_dirk"                                                                                                    -      24576    24576 6.370099e+08   1.041551e+06    47.463 ( 14852      0)    40.408 (  6480      0)
"a:tl-ae advance_hypervis_dp"                                                                                                   -      24576    24576 1.274020e+08   4.844417e+05    22.233 ( 17453      0)    17.610 (  9882      0)
"a:hvf-bhwk"                                                                                                                    -      24576    24576 1.274020e+08   2.496852e+05    11.437 ( 21853      0)     8.784 ( 10039      0)
"a:hvf-bexch"                                                                                                                   -      24576    24576 3.822060e+08   2.747157e+05    13.723 ( 17453      0)     9.190 (  9882      0)
"a:tl-sc vertical_remap"                                                                                                        -      24576    24576 6.370099e+07   1.821083e+05     8.370 ( 10920      0)     6.965 ( 12362      0)
"a:Remap Thickness Functor"                                                                                                     -      24576    24576 6.370099e+07   6.866737e+03     0.319 ( 21221      0)     0.259 ( 21926      0)
"a:Remap Scale States Functor"                                                                                                  -      24576    24576 6.370099e+07   3.356102e+03     0.165 (  4639      0)     0.125 ( 18158      0)
"a:Remap Compute Grids Functor"                                                                                                 -      24576    24576 6.370099e+07   1.513535e+04     0.792 ( 10920      0)     0.582 (  6480      0)
"a:Remap Compute Remap Functor"                                                                                                 -      24576    24576 6.370099e+07   1.174540e+05     5.602 ( 10920      0)     4.428 ( 12362      0)
"a:Remap Rescale States Functor"                                                                                                -      24576    24576 6.370099e+07   5.203018e+03     0.281 ( 20815      0)     0.183 ( 15114      0)
"a:tl-at prim_advec_observe_velocity"                                                                                           -      24576    24576 6.370099e+07   2.894028e+02     0.047 ( 17452      0)     0.010 (  8463      0)
"a:tl-at prim_advec_tracers_compose"                                                                                            -      24576    24576 2.123366e+07   6.409019e+05    27.776 ( 15665      0)    23.097 ( 17635      0)
"a:compose_transport"                                                                                                           -      24576    24576 2.123366e+07   6.408426e+05    27.774 ( 15665      0)    23.094 ( 17635      0)
"a:compose_calc_trajectory"                                                                                                     -      24576    24576 2.123366e+07   4.622730e+04     2.174 ( 17456      0)     1.613 (  6808      0)
"a:compose_3d_levels"                                                                                                           -      24576    24576 2.123366e+07   2.379227e+04     1.060 (  8281      0)     0.907 (   594      0)
"a:compose_v_bexchv"                                                                                                            -      24576    24576 2.123366e+07   2.068225e+04     1.130 ( 21530      0)     0.570 (  6808      0)
"a:compose_v2x"                                                                                                                 -      24576    24576 2.123366e+07   1.686503e+03     0.104 (  6808      0)     0.065 (  2722      0)
"a:compose_isl"                                                                                                                 -      24576    24576 2.123366e+07   1.711052e+05    10.076 ( 17423      0)     4.973 (  4637      0)
"a:compose_hypervis_scalar"                                                                                                     -      24576    24576 2.123366e+07   1.818834e+05    10.172 ( 19715      0)     5.465 ( 17424      0)
"a:compose_cedr_global"                                                                                                         -      24576    24576 2.123366e+07   2.105429e+05    11.302 ( 15914      0)     5.804 ( 17423      0)
"a:repro_sum_int"                                                                                                               -      24576    24576 2.123366e+07   1.903389e+05    10.478 ( 15914      0)     4.996 ( 17423      0)
"a:compose_cedr_local"                                                                                                          -      24576    24576 2.123366e+07   8.789778e+03     0.474 ( 23608      0)     0.296 ( 15519      0)
"a:compose_dss_q"                                                                                                               -      24576    24576 2.123366e+07   2.215220e+04     1.077 (  2159      0)     0.751 ( 15256      0)
"a:compose_vertical_remap"                                                                                                      -      24576    24576 2.123366e+07   2.690241e+04     1.348 ( 10920      0)     1.028 ( 18592      0)
"a:shr_reprosum_INF_NaN_Chk"                                                                                                    -      24576    24576 2.123366e+07   3.810418e+02     0.046 (  4039      0)     0.015 ( 21866      0)
"a:shr_reprosum_int"                                                                                                            -      24576    24576 2.123366e+07   4.587980e+04     2.064 (  2236      0)     1.655 ( 11437      0)
"a:repro_sum_loopa"                                                                                                             -      24576    24576 2.123366e+07   2.024795e+02     0.028 (  5164      0)     0.008 (  2983      0)
"a:repro_sum_allr_minmax"                                                                                                       -      24576    24576 2.123366e+07   3.345947e+04     1.559 ( 20872      0)     1.143 ( 21985      0)
"a:repro_sum_loopb"                                                                                                             -      24576    24576 2.123366e+07   4.788881e+02     0.027 ( 21544      0)     0.019 ( 16075      0)
"a:repro_sum_allr_i8"                                                                                                           -      24576    24576 2.123366e+07   1.159330e+04     0.490 (  6325      0)     0.399 (  9816      0)
"a:repro_sum_finalsum"                                                                                                          -      24576    24576 2.123366e+07   2.492245e+01     0.030 ( 24298      0)     0.001 (  6249      0)
"a:EAMxx::homme::run-postcondition-checks"                                                                                      -      24576    24576 1.061683e+07   2.445700e+04     1.250 ( 21987      0)     0.957 ( 11214      0)
"a:EAMxx::physics::run"                                                                                                         -      24576    24576 1.061683e+07   3.194070e+05    47.459 (  1029      0)    10.118 ( 13270      0)
"a:EAMxx::physics::run-precondition-checks"                                                                                     -      24576    24576 1.061683e+07   2.484296e+00     0.000 (  8870      0)     0.000 (  8160      0)
"a:EAMxx::mac_aero_mic::run"                                                                                                    -      24576    24576 1.061683e+07   1.654959e+05     9.145 ( 10395      0)     5.593 ( 12388      0)
"a:EAMxx::mac_aero_mic::run-precondition-checks"                                                                                -      24576    24576 1.061683e+07   2.006737e+00     0.000 ( 21994      0)     0.000 (  5683      0)
"a:EAMxx::tms::run"                                                                                                             -      24576    24576 1.061683e+07   2.548819e+03     0.143 ( 15377      0)     0.098 ( 22302      0)
"a:EAMxx::tms::run-precondition-checks"                                                                                         -      24576    24576 1.061683e+07   1.608168e+00     0.000 (  3941      0)     0.000 (  9802      0)
"a:EAMxx::tms::run-postcondition-checks"                                                                                        -      24576    24576 1.061683e+07   8.610558e+02     0.040 (  3887      0)     0.031 (  6480      0)
"a:EAMxx::shoc::run"                                                                                                            -      24576    24576 1.061683e+07   6.523864e+04     2.989 ( 21987      0)     2.406 ( 11534      0)
"a:EAMxx::shoc::run-precondition-checks"                                                                                        -      24576    24576 1.061683e+07   1.784353e+00     0.000 (   545      0)     0.000 ( 13038      0)
"a:EAMxx::shoc::run-postcondition-checks"                                                                                       -      24576    24576 1.061683e+07   2.890451e+04     1.458 ( 21987      0)     1.122 (  6480      0)
"a:EAMxx::cld_fraction::run"                                                                                                    -      24576    24576 1.061683e+07   4.516403e+03     0.217 ( 21985      0)     0.177 ( 20600      0)
"a:EAMxx::cld_fraction::run-precondition-checks"                                                                                -      24576    24576 1.061683e+07   2.376830e+00     0.000 ( 14698      0)     0.000 ( 10338      0)
"a:EAMxx::cld_fraction::run-postcondition-checks"                                                                               -      24576    24576 1.061683e+07   2.770264e+03     0.126 ( 21991      0)     0.108 (  6480      0)
"a:EAMxx::spa::run"                                                                                                             -      24576    24576 1.061683e+07   1.759559e+04     1.307 ( 10722      0)     0.651 (  6480      0)
"a:EAMxx::spa::run-precondition-checks"                                                                                         -      24576    24576 1.061683e+07   1.819823e+00     0.000 ( 15537      0)     0.000 (  7921      0)
"a:EAMxx::spa::run-postcondition-checks"                                                                                        -      24576    24576 1.061683e+07   1.128217e+04     0.598 ( 19861      0)     0.424 (  6480      0)
"a:EAMxx::p3::run"                                                                                                              -      24576    24576 1.061683e+07   7.524151e+04     5.454 ( 10395      0)     2.099 ( 13270      0)
"a:EAMxx::p3::run-precondition-checks"                                                                                          -      24576    24576 1.061683e+07   4.589229e+03     0.536 ( 11262      0)     0.098 (  6480      0)
"a:EAMxx::p3::run-postcondition-checks"                                                                                         -      24576    24576 1.061683e+07   3.857797e+04     1.948 ( 21989      0)     1.487 ( 11196      0)
"a:EAMxx::mac_aero_mic::run-postcondition-checks"                                                                               -      24576    24576 1.061683e+07   2.316373e+00     0.000 ( 21991      0)     0.000 (  2948      0)
"a:EAMxx::rrtmgp::run"                                                                                                          -      24576    24576 1.061683e+07   1.535810e+05    40.771 (  1029      0)     4.214 ( 11176      0)
"a:EAMxx::rrtmgp::run-precondition-checks"                                                                                      -      24576    24576 1.061683e+07   4.591121e+02     0.021 ( 21991      0)     0.018 (  6480      0)
"a:EAMxx::rrtmgp::run-postcondition-checks"                                                                                     -      24576    24576 1.061683e+07   1.440422e+04     0.656 ( 21985      0)     0.531 (  6440      0)
"a:EAMxx::physics::run-postcondition-checks"                                                                                    -      24576    24576 1.061683e+07   1.669117e+00     0.000 ( 21993      0)     0.000 ( 16355      0)
"a:EAMxx::SurfaceCouplingExporter::run"                                                                                         -      24576    24576 1.061683e+07   9.522417e+03     0.446 ( 21987      0)     0.360 ( 12982      0)
"a:EAMxx::SurfaceCouplingExporter::run-precondition-checks"                                                                     -      24576    24576 1.061683e+07   3.174471e+00     0.000 ( 11907      0)     0.000 ( 19200      0)
"a:EAMxx::SurfaceCouplingExporter::run-postcondition-checks"                                                                    -      24576    24576 1.061683e+07   4.130692e+00     0.000 (  9078      0)     0.000 (  5475      0)
"a:EAMxx::EAMxx::run-postcondition-checks"                                                                                      -      24576    24576 1.061683e+07   1.462242e+00     0.000 ( 13613      0)     0.000 ( 16246      0)
"a:EAMxx::IO::restart"                                                                                                          -      24576    24576 1.061683e+07   5.340781e+01     0.037 ( 19962      0)     0.002 ( 23769      0)
"a:EAMxx::IO::model_restart"                                                                                                    -      24576    24576 1.061683e+07   4.465357e+01     0.037 ( 19962      0)     0.001 ( 21613      0)
"a:EAMxx::IO::restart::get_new_file"                                                                                            -      24576    24576 1.061683e+07   1.151657e+00     0.000 ( 21838      0)     0.000 ( 20348      0)
"a:EAMxx::IO::restart::run_output_streams"                                                                                      -      24576    24576 1.061683e+07   1.922050e+01     0.036 ( 19962      0)     0.001 (  5389      0)
"a:EAMxx::IO::standard"                                                                                                         -      24576    24576 1.061683e+07   2.186632e+01     0.001 (  5055      0)     0.001 (  4968      0)
"a:EAMxx::IO::nooutput.yaml"                                                                                                    -      24576    24576 1.061683e+07   1.539935e+01     0.001 ( 13049      0)     0.000 (  4968      0)
"a:EAMxx::IO::standard::get_new_file"                                                                                           -      24576    24576 1.061683e+07   4.999624e-01     0.000 ( 18551      0)     0.000 (  5245      0)
"a:EAMxx::IO::standard::run_output_streams"                                                                                     -      24576    24576 1.061683e+07   1.466693e+00     0.000 (  5476      0)     0.000 (  7061      0)
"CPL:A2C"                                                                                                                       -      24576    24576 1.061683e+07   2.564551e+05    40.754 ( 22119      0)     1.051 (  7800      0)
"CPL:a2c_atma2atmx"                                                                                                             -      24576    24576 1.061683e+07   5.586910e+04    36.411 (  1936      0)     0.227 (  8350      0)
"CPL:a2c_infoexch"                                                                                                              -      24576    24576 1.061683e+07   2.005632e+05    38.522 ( 22533      0)     0.031 (     0      0)
"CPL:ATMPOST"                                                                                                                   -      24576    24576 1.061683e+07   5.033486e+00     0.000 (  7933      0)     0.000 (  4324      0)
"CPL:HISTORY"                                                                                                                   -      24576    24576 1.061683e+07   2.388191e+01     0.031 (  8000      0)     0.001 (     2      0)
"CPL:cime_run_write_history"                                                                                                    -      24576    24576 1.061683e+07   1.864987e+01     0.030 (  8002      0)     0.001 ( 16802      0)
"CPL:TSTAMP_WRITE"                                                                                                              -      24576    24576 1.061683e+07   7.364364e+00     0.016 ( 10088      0)     0.000 ( 16671      0)
"CPL:TPROF_WRITE"                                                                                                               -      24576    24576 1.061683e+07   3.210156e+00     0.000 (  1831      0)     0.000 ( 16382      0)
"CPL:C2O_INITWAIT"                                                                                                              -      24576    24576 1.059226e+07   9.470979e+05    46.415 (     8      0)     7.178 (  1030      0)
"l:interpMonthlyVeg"                                                                                                            -      24576    24576 1.059226e+07   1.029730e+05     4.204 ( 14580      0)     4.160 (  4634      0)
"l:readMonthlyVeg"                                                                                                              -      24576    24576 2.457600e+04   1.029576e+05     4.204 (  1668      0)     4.142 (   620      0)
"l:PIO:openfile"                                                                                                                -      24576    24576 2.457600e+04   6.721297e+03     0.358 ( 16440      0)     0.107 ( 17787      0)
"l:PIO:pio_inq_varid_file_vdesc"                                                                                                -      24576    24576 1.966080e+05   4.680627e+01     0.015 (  4633      0)     0.000 ( 14513      0)
"l:PIO:pio_inq_varid_file_vid"                                                                                                  -      24576    24576 1.966080e+05   4.673292e+01     0.015 (  4633      0)     0.000 ( 14513      0)
"l:PIO:pio_inq_varndims_file_vdesc"                                                                                             -      24576    24576 1.966080e+05   2.947782e+01     0.291 (  8187      0)     0.000 ( 18899      0)
"l:PIO:pio_inq_varndims_file_vid"                                                                                               -      24576    24576 1.966080e+05   2.941899e+01     0.291 (  8189      0)     0.000 ( 18899      0)
"l:PIO:pio_inq_vardimid_file_vdesc"                                                                                             -      24576    24576 1.966080e+05   5.792903e+01     0.005 (  2207      0)     0.001 ( 24575      0)
"l:PIO:pio_inq_vardimid_file_vid"                                                                                               -      24576    24576 1.966080e+05   5.787759e+01     0.005 (  2202      0)     0.001 ( 24575      0)
"l:PIO:pio_inq_dimname_file_dimid"                                                                                              -      24576    24576 1.671168e+06   1.425704e+02     0.013 (  2017      0)     0.002 ( 11064      0)
"l:PIO:pio_inq_dimlen_file_dimid"                                                                                               -      24576    24576 3.932160e+05   2.413141e+01     0.002 (  2026      0)     0.000 ( 19308      0)
"l:PIO:pio_inq_dimlen_file_dimid_offlen"                                                                                        -      24576    24576 3.932160e+05   2.404168e+01     0.002 (  2026      0)     0.000 ( 19308      0)
"l:PIO:pio_inquire_file"                                                                                                        -      24576    24576 7.372800e+05   4.198569e+01     0.004 (  2026      0)     0.001 ( 14116      0)
"l:PIO:pio_inq_ndims_file"                                                                                                      -      24576    24576 7.372800e+05   4.183321e+01     0.004 (  2026      0)     0.001 ( 19428      0)
"l:PIO:initdecomp"                                                                                                              -      24576    24576 2.457600e+04   2.461913e+04     1.002 (     2      0)     1.001 ( 11873      0)
"l:PIO:PIOc_initdecomp"                                                                                                         -      24576    24576 2.457600e+04   2.461884e+04     1.002 (     2      0)     1.001 ( 11873      0)
"l:PIO:box_rearrange_create"                                                                                                    -      24576    24576 2.457600e+04   2.459769e+04     1.001 (  7150      0)     1.001 ( 21918      0)
"l:PIO:pio_swapm"                                                                                                               -      24576    24576 2.703360e+05   9.123089e+04     3.821 ( 12822      0)     2.197 (  2544      0)
"l:PIO:read_darray_3d_double"                                                                                                   -      24576    24576 1.966080e+05   6.912935e+04     2.836 ( 15623      0)     2.492 (  8188      0)
"l:PIO:PIOc_read_darray"                                                                                                        -      24576    24576 1.966080e+05   6.912884e+04     2.836 ( 15623      0)     2.492 (  8188      0)
"l:PIO:read_darray_nc"                                                                                                          -      24576    24576 1.966080e+05   1.252786e+03     1.455 (  2544      0)     0.000 ( 23708      0)
"l:PIO:rearrange_io2comp"                                                                                                       -      24576    24576 1.966080e+05   6.777677e+04     2.833 ( 15623      0)     1.309 (  2544      0)
"l:PIO:closefile"                                                                                                               -      24576    24576 2.457600e+04   3.125966e+01     0.044 (  4632      0)     0.000 (   309      0)
"l:PIO:PIOc_closefile"                                                                                                          -      24576    24576 2.457600e+04   3.123039e+01     0.044 (  4632      0)     0.000 (   309      0)
"l:surfalb"                                                                                                                     -      24576    24576 1.059226e+07   2.045015e+04     1.071 (  8706      0)     0.674 (  2161      0)
"l:urbsurfalb"                                                                                                                  -      24576    24576 1.059226e+07   4.071690e+03     0.195 ( 21009      0)     0.134 (   197      0)
"CPL:OCNT_RUN"                                                                                                                  -      24576    24576 1.059226e+07   4.965718e+03     0.295 (     0      0)     0.107 ( 22927      0)
"o:DOCN_RUN"                                                                                                                    -      24576    24576 1.059226e+07   4.719692e+03     0.249 ( 14381      0)     0.098 ( 22927      0)
"o:docn_run1"                                                                                                                   -      24576    24576 1.059226e+07   1.097800e+01     0.001 (  7839      0)     0.000 (  7683      0)
"o:docn"                                                                                                                        -      24576    24576 1.059226e+07   4.691313e+03     0.248 ( 14381      0)     0.096 ( 22927      0)
"o:docn_strdata_advance"                                                                                                        -      24576    24576 1.059226e+07   2.900334e+03     0.170 ( 19667      0)     0.025 ( 22927      0)
"o:docn_strd_adv_total"                                                                                                         -      24576    24576 1.059226e+07   2.886979e+03     0.169 ( 19667      0)     0.024 ( 22927      0)
"o:docn_strd_adv_readLBUB"                                                                                                      -      24576    24576 1.059226e+07   1.184432e+03     0.154 (    68      0)     0.012 (     0      0)
"o:docn_readLBUB_setup"                                                                                                         -      24576    24576 1.059226e+07   3.806838e+00     0.000 (  6436      0)     0.000 ( 13154      0)
"o:docn_readLBUB_filemgt"                                                                                                       -      24576    24576 1.059226e+07   2.081512e+00     0.000 (  1409      0)     0.000 ( 21360      0)
"o:docn_strd_adv_tint"                                                                                                          -      24576    24576 1.059226e+07   9.611327e+01     0.006 ( 23608      0)     0.003 ( 12006      0)
"o:docn_scatter"                                                                                                                -      24576    24576 1.059226e+07   1.534952e+03     0.070 ( 21915      0)     0.059 (   751      0)
"o:docn_datamode"                                                                                                               -      24576    24576 1.059226e+07   5.016511e+01     0.003 (  5135      0)     0.002 (  6118      0)
"o:docn_run2"                                                                                                                   -      24576    24576 1.059226e+07   9.242851e-01     0.004 (     0      0)     0.000 (  5103      0)
"CPL:O2CT"                                                                                                                      -      24576    24576 1.059226e+07   2.956356e+04     3.966 ( 12605      0)     0.073 (   487      0)
"CPL:o2c_ocno2ocnx"                                                                                                             -      24576    24576 1.059226e+07   2.570746e+02     0.014 ( 19569      0)     0.009 ( 23456      0)
"CPL:o2c_infoexch"                                                                                                              -      24576    24576 1.059226e+07   2.928850e+04     3.955 ( 12605      0)     0.062 (   487      0)
"CPL:OCNPOSTT"                                                                                                                  -      24576    24576 1.059226e+07   6.009968e+00     0.000 ( 20880      0)     0.000 (  1872      0)
"i:cice_pice_readLBUB_LB_copy"                                                                                                  -      24576    24576 2.457600e+04   2.125771e-02     0.000 ( 20121      0)     0.000 ( 17702      0)
"o:docn_readLBUB_fbound"                                                                                                        -      24576    24576 2.457600e+04   3.408573e-03     0.000 (     0      0)     0.000 ( 19656      0)
"o:docn_readLBUB_bcast"                                                                                                         -      24576    24576 2.457600e+04   1.978855e+02     0.018 ( 15638      0)     0.000 (  1498      0)
"o:docn_readLBUB_LB_copy"                                                                                                       -      24576    24576 2.457600e+04   2.492551e-02     0.000 ( 22695      0)     0.000 (  3391      0)
"o:docn_readLBUB_UB_setup"                                                                                                      -      24576    24576 2.457600e+04   1.069460e-02     0.000 (     0      0)     0.000 (  2958      0)
"o:docn_readLBUB_UB_readpio"                                                                                                    -      24576    24576 2.457600e+04   9.560985e+02     0.144 (   396      0)     0.009 ( 10360      0)
"o:PIO:pio_inq_varid_file_vdesc"                                                                                                -      24576    24576 4.915200e+04   9.402597e+00     0.006 ( 15735      0)     0.000 (  8933      0)
"o:PIO:pio_inq_varid_file_vid"                                                                                                  -      24576    24576 4.915200e+04   9.375253e+00     0.006 ( 15735      0)     0.000 (  8933      0)
"o:PIO:pio_inq_varndims_file_vdesc"                                                                                             -      24576    24576 2.457600e+04   9.020496e+00     0.004 (   926      0)     0.000 (  3754      0)
"o:PIO:pio_inq_varndims_file_vid"                                                                                               -      24576    24576 2.457600e+04   9.003280e+00     0.004 (   926      0)     0.000 ( 19352      0)
"o:PIO:pio_inq_vardimid_file_vdesc"                                                                                             -      24576    24576 2.457600e+04   1.478345e+01     0.001 ( 22052      0)     0.000 (  3098      0)
"o:PIO:pio_inq_vardimid_file_vid"                                                                                               -      24576    24576 2.457600e+04   1.476731e+01     0.001 ( 22052      0)     0.000 ( 23810      0)
"o:PIO:pio_inq_dimlen_file_dimid"                                                                                               -      24576    24576 7.372800e+04   8.951940e+00     0.000 ( 20159      0)     0.000 (  3771      0)
"o:PIO:pio_inq_dimlen_file_dimid_offlen"                                                                                        -      24576    24576 7.372800e+04   8.914210e+00     0.000 ( 20149      0)     0.000 ( 23815      0)
"o:PIO:pio_inq_vartype_file_vdesc"                                                                                              -      24576    24576 2.457600e+04   9.053937e+00     0.001 (    23      0)     0.000 ( 23819      0)
"o:PIO:pio_inq_vartype_file_vid"                                                                                                -      24576    24576 2.457600e+04   9.036960e+00     0.001 (    20      0)     0.000 ( 23819      0)
"o:PIO:read_darray_1d_real"                                                                                                     -      24576    24576 2.457600e+04   8.785252e+02     0.141 (   563      0)     0.005 ( 10208      0)
"o:PIO:PIOc_read_darray"                                                                                                        -      24576    24576 2.457600e+04   8.784453e+02     0.141 (   563      0)     0.005 ( 10208      0)
"o:PIO:read_darray_nc"                                                                                                          -      24576    24576 2.457600e+04   5.305584e+01     0.140 (   396      0)     0.000 (  2488      0)
"o:PIO:rearrange_io2comp"                                                                                                       -      24576    24576 2.457600e+04   8.190341e+02     0.140 (   563      0)     0.000 (     0      0)
"o:PIO:pio_swapm"                                                                                                               -      24576    24576 2.457600e+04   8.180653e+02     0.140 (   563      0)     0.000 (     0      0)
"o:docn_strd_adv_fill"                                                                                                          -      24576    24576 2.457600e+04   5.920928e+00     0.000 (  1026      0)     0.000 (  1381      0)
"o:docn_strd_adv_map"                                                                                                           -      24576    24576 2.457600e+04   1.537488e+03     0.135 (     4      0)     0.000 ( 15805      0)
"CPL:RUN_LOOP_BSTOP"                                                                                                            -      24576    24576 2.457600e+04   8.117968e+01     0.004 (     2      0)     0.000 ( 20267      0)
"CPL:FINAL"                                                                                                                     -      24576    24576 2.457600e+04   3.857062e+03     0.158 (     0      0)     0.149 ( 13283      0)
"CPL:cime_final"                                                                                                                -      24576    24576 2.457600e+04   3.856998e+03     0.158 (     0      0)     0.149 ( 13283      0)
"o_f:DOCN_FINAL"                                                                                                                -      24576    24576 2.457600e+04   6.614586e-03     0.000 (     0      0)     0.000 ( 13522      0)
"a_f:EAMxx::finalize"                                                                                                           y      24576    24576 2.457600e+04   1.939358e+03     0.137 ( 12357      0)     0.056 ( 13784      0)
"a_f:PIO:PIOc_sync"                                                                                                             -      24576    24576 2.457600e+04   5.153312e-01     0.000 (  4488      0)     0.000 ( 22225      0)
"a_f:PIO:write_total"                                                                                                           -      24576    24576 4.915200e+04   3.997619e+01     0.064 (  2448      0)     0.000 (  1196      0)
"a_f:PIO:flush_output_buffer"                                                                                                   -       2048     2048 4.096000e+03   2.358089e-01     0.000 (  4488      0)     0.000 ( 16548      0)
"a_f:PIO:PIOc_closefile"                                                                                                        -      24576    24576 4.915200e+04   1.253705e+02     0.073 ( 21060      0)     0.000 ( 24129      0)
"a_f:PIO:PIOc_closefile_write_mode"                                                                                             -      24576    24576 2.457600e+04   3.949345e+01     0.064 (  2448      0)     0.000 ( 22792      0)
"a_f:PIO:PIOc_freedecomp"                                                                                                       -      24576    24576 3.194880e+05   3.369545e+00     0.001 ( 23928      0)     0.000 ( 24524      0)
"PIO:finalize"                                                                                                                  -      24576    24576 2.457600e+05   1.259197e+03     0.078 ( 21510      0)     0.001 ( 12357      0)
"PIO:PIOc_finalize"                                                                                                             -      24576    24576 2.457600e+05   1.256695e+03     0.078 ( 21510      0)     0.001 ( 11988      0)
"CPL:FINAL_sync1_tprf"                                                                                                          -      24576    24576 2.457600e+04   3.478847e+01     0.002 ( 10079      0)     0.000 (     0      0)
"CPL:FINAL_t_prf"                                                                                                               y          0        0 0.000000e+00   0.000000e+00     0.000 (     0      0)     0.000 (     0      0)

