{
  "ScorpioIOSummaryStatistics":{
    "OverallIOStatistics":{
      "name" : "Scorpio",
      "avg_wtput" : 2255.187702,
      "avg_rtput" : 80485.949409,
      "tot_wb" : 13921880226,
      "tot_rb" : 1356873823040,
      "tot_wtime" : 23.678002
      }
    ,
    "ModelComponentIOStatistics":[
      {
        "name" : "CPL",
        "avg_wtput" : 1349.359145,
        "avg_rtput" : 0.000000,
        "tot_wb" : 230292538,
        "tot_rb" : 0,
        "tot_wtime" : 0.278942
        }
      ,
      {
        "name" : "tmp_0640tasks0010io01_comp",
        "avg_wtput" : 2409.394110,
        "avg_rtput" : 88963.172722,
        "tot_wb" : 12408834969,
        "tot_rb" : 1356145353344,
        "tot_wtime" : 20.494376
        }
      ,
      {
        "name" : "tmp_0640tasks0010io02_comp",
        "avg_wtput" : 1696.297236,
        "avg_rtput" : 474.622991,
        "tot_wb" : 1178143917,
        "tot_rb" : 723285696,
        "tot_wtime" : 2.613489
        }
      ,
      {
        "name" : "tmp_0640tasks0010io03_comp",
        "avg_wtput" : 0.000000,
        "avg_rtput" : 122.479782,
        "tot_wb" : 0,
        "tot_rb" : 2592000,
        "tot_wtime" : 0.023499
        }
      ,
      {
        "name" : "tmp_0640tasks0010io04_comp",
        "avg_wtput" : 662.612384,
        "avg_rtput" : 37.271901,
        "tot_wb" : 104608802,
        "tot_rb" : 2592000,
        "tot_wtime" : 0.267683
        }
      ,
      {
        "name" : "tmp_0640tasks0010io05_comp",
        "avg_wtput" : 0.000000,
        "avg_rtput" : 0.000000,
        "tot_wb" : 0,
        "tot_rb" : 0,
        "tot_wtime" : 0.000000
        }
      ,
      {
        "name" : "tmp_0640tasks0010io06_comp",
        "avg_wtput" : 0.000000,
        "avg_rtput" : 0.000000,
        "tot_wb" : 0,
        "tot_rb" : 0,
        "tot_wtime" : 0.000000
        }
      ,
      {
        "name" : "tmp_0640tasks0010io07_comp",
        "avg_wtput" : 0.000000,
        "avg_rtput" : 0.000000,
        "tot_wb" : 0,
        "tot_rb" : 0,
        "tot_wtime" : 0.000011
        }
      ,
      {
        "name" : "tmp_0640tasks0004io08_comp",
        "avg_wtput" : 0.000000,
        "avg_rtput" : 0.000000,
        "tot_wb" : 0,
        "tot_rb" : 0,
        "tot_wtime" : 0.000001
        }
      ]
    ,
    "FileIOStatistics":[
      {
        "name" : "v2-overview-fcase-chrysalis-r0.FC5AV1C-L.ne30_ne30.10.cpl.hi.0001-04-01-00000.nc",
        "avg_wtput" : 1384.891785,
        "avg_rtput" : 0.000000,
        "tot_wb" : 147778552,
        "tot_rb" : 0,
        "tot_wtime" : 0.150776
        }
      ,
      {
        "name" : "v2-overview-fcase-chrysalis-r0.FC5AV1C-L.ne30_ne30.10.cpl.r.0001-04-01-00000.nc",
        "avg_wtput" : 1269.591037,
        "avg_rtput" : 0.000000,
        "tot_wb" : 82513986,
        "tot_rb" : 0,
        "tot_wtime" : 0.094147
        }
      ,
      {
        "name" : "/lcrc/group/e3sm/data/inputdata/atm/cam/chem/trop_mam/atmsrf_ne30np4_110920.nc",
        "avg_wtput" : 0.000000,
        "avg_rtput" : 74.660257,
        "tot_wb" : 0,
        "tot_rb" : 4276976,
        "tot_wtime" : 0.057085
        }
      ,
      {
        "name" : "/lcrc/group/e3sm/data/inputdata/atm/cam/chem/trop_mozart/dvel/season_wes.nc",
        "avg_wtput" : 0.000000,
        "avg_rtput" : 2248.965095,
        "tot_wb" : 0,
        "tot_rb" : 123494400,
        "tot_wtime" : 0.054805
        }
      ,
      {
        "name" : "/lcrc/group/e3sm/data/inputdata/atm/cam/chem/trop_mozart/phot/exo_coldens.nc",
        "avg_wtput" : 0.000000,
        "avg_rtput" : 9741.474864,
        "tot_wb" : 0,
        "tot_rb" : 519710720,
        "tot_wtime" : 0.055800
        }
      ,
      {
        "name" : "/lcrc/group/e3sm/data/inputdata/atm/cam/chem/trop_mozart/ub/EESC_1850-2100_c090603.nc",
        "avg_wtput" : 0.000000,
        "avg_rtput" : 5.191386,
        "tot_wb" : 0,
        "tot_rb" : 652800,
        "tot_wtime" : 0.123862
        }
      ,
      {
        "name" : "/lcrc/group/e3sm/data/inputdata/atm/cam/chem/trop_mozart/ub/clim_p_trop.nc",
        "avg_wtput" : 0.000000,
        "avg_rtput" : 6397.015828,
        "tot_wb" : 0,
        "tot_rb" : 646968320,
        "tot_wtime" : 0.098329
        }
      ,
      {
        "name" : "/lcrc/group/e3sm/data/inputdata/atm/cam/chem/trop_mozart_aero/emis/DMSflux.2000.1deg_latlon_conserv.POPmonthlyClimFromACES4BGC_c20160226.nc",
        "avg_wtput" : 0.000000,
        "avg_rtput" : 0.000000,
        "tot_wb" : 0,
        "tot_rb" : 0,
        "tot_wtime" : 0.047007
        }
      ,
      {
        "name" : "/lcrc/group/e3sm/data/inputdata/atm/cam/chem/trop_mozart_aero/emis/aces4bgc_nvsoa_soag_elev_2000_c160427.nc",
        "avg_wtput" : 0.000000,
        "avg_rtput" : 0.000000,
        "tot_wb" : 0,
        "tot_rb" : 0,
        "tot_wtime" : 0.071895
        }
      ,
      {
        "name" : "/lcrc/group/e3sm/data/inputdata/atm/cam/chem/trop_mozart_aero/emis/ar5_mam3_bc_elev_2000_c120315.nc",
        "avg_wtput" : 0.000000,
        "avg_rtput" : 0.000000,
        "tot_wb" : 0,
        "tot_rb" : 0,
        "tot_wtime" : 0.064580
        }
      ,
      {
        "name" : "/lcrc/group/e3sm/data/inputdata/atm/cam/chem/trop_mozart_aero/emis/ar5_mam3_bc_surf_2000_c120315.nc",
        "avg_wtput" : 0.000000,
        "avg_rtput" : 0.000000,
        "tot_wb" : 0,
        "tot_rb" : 0,
        "tot_wtime" : 0.035935
        }
      ,
      {
        "name" : "/lcrc/group/e3sm/data/inputdata/atm/cam/chem/trop_mozart_aero/emis/ar5_mam3_num_a2_elev_2000_c120315.nc",
        "avg_wtput" : 0.000000,
        "avg_rtput" : 0.000000,
        "tot_wb" : 0,
        "tot_rb" : 0,
        "tot_wtime" : 0.055745
        }
      ,
      {
        "name" : "/lcrc/group/e3sm/data/inputdata/atm/cam/chem/trop_mozart_aero/emis/ar5_mam3_num_a2_surf_2000_c120315.nc",
        "avg_wtput" : 0.000000,
        "avg_rtput" : 0.000000,
        "tot_wb" : 0,
        "tot_rb" : 0,
        "tot_wtime" : 0.039067
        }
      ,
      {
        "name" : "/lcrc/group/e3sm/data/inputdata/atm/cam/chem/trop_mozart_aero/emis/ar5_mam3_pom_elev_2000_c130422.nc",
        "avg_wtput" : 0.000000,
        "avg_rtput" : 0.000000,
        "tot_wb" : 0,
        "tot_rb" : 0,
        "tot_wtime" : 0.065857
        }
      ,
      {
        "name" : "/lcrc/group/e3sm/data/inputdata/atm/cam/chem/trop_mozart_aero/emis/ar5_mam3_pom_surf_2000_c130422.nc",
        "avg_wtput" : 0.000000,
        "avg_rtput" : 0.000000,
        "tot_wb" : 0,
        "tot_rb" : 0,
        "tot_wtime" : 0.055426
        }
      ,
      {
        "name" : "/lcrc/group/e3sm/data/inputdata/atm/cam/chem/trop_mozart_aero/emis/ar5_mam3_so2_elev_2000_c120315.nc",
        "avg_wtput" : 0.000000,
        "avg_rtput" : 0.000000,
        "tot_wb" : 0,
        "tot_rb" : 0,
        "tot_wtime" : 0.079889
        }
      ,
      {
        "name" : "/lcrc/group/e3sm/data/inputdata/atm/cam/chem/trop_mozart_aero/emis/ar5_mam3_so2_surf_2000_c120315.nc",
        "avg_wtput" : 0.000000,
        "avg_rtput" : 0.000000,
        "tot_wb" : 0,
        "tot_rb" : 0,
        "tot_wtime" : 0.032189
        }
      ,
      {
        "name" : "/lcrc/group/e3sm/data/inputdata/atm/cam/chem/trop_mozart_aero/emis/ar5_mam3_so4_a1_elev_2000_c120315.nc",
        "avg_wtput" : 0.000000,
        "avg_rtput" : 0.000000,
        "tot_wb" : 0,
        "tot_rb" : 0,
        "tot_wtime" : 0.087182
        }
      ,
      {
        "name" : "/lcrc/group/e3sm/data/inputdata/atm/cam/chem/trop_mozart_aero/emis/ar5_mam3_so4_a1_surf_2000_c120315.nc",
        "avg_wtput" : 0.000000,
        "avg_rtput" : 0.000000,
        "tot_wb" : 0,
        "tot_rb" : 0,
        "tot_wtime" : 0.027857
        }
      ,
      {
        "name" : "/lcrc/group/e3sm/data/inputdata/atm/cam/chem/trop_mozart_aero/emis/ar5_mam3_so4_a2_elev_2000_c120315.nc",
        "avg_wtput" : 0.000000,
        "avg_rtput" : 0.000000,
        "tot_wb" : 0,
        "tot_rb" : 0,