{
  "ScorpioIOSummaryStatistics":{
    "OverallIOStatistics":{
      "name" : "Scorpio",
      "avg_wtput" : 2392.671861,
      "avg_rtput" : 210987.009675,
      "tot_wb" : 13921880226,
      "tot_rb" : 6644264006336,
      "tot_wtime" : 41.085145
      }
    ,
    "ModelComponentIOStatistics":[
      {
        "name" : "CPL",
        "avg_wtput" : 822.864398,
        "avg_rtput" : 0.000000,
        "tot_wb" : 230292538,
        "tot_rb" : 0,
        "tot_wtime" : 0.501929
        }
      ,
      {
        "name" : "tmp_003136tasks000049io01_comp",
        "avg_wtput" : 2836.666554,
        "avg_rtput" : 254239.510730,
        "tot_wb" : 12408834969,
        "tot_rb" : 6641921762816,
        "tot_wtime" : 33.151028
        }
      ,
      {
        "name" : "tmp_003136tasks000049io02_comp",
        "avg_wtput" : 1327.658683,
        "avg_rtput" : 449.371177,
        "tot_wb" : 1178143917,
        "tot_rb" : 2337059520,
        "tot_wtime" : 6.750556
        }
      ,
      {
        "name" : "tmp_003136tasks000049io03_comp",
        "avg_wtput" : 0.000000,
        "avg_rtput" : 33.651945,
        "tot_wb" : 0,
        "tot_rb" : 2592000,
        "tot_wtime" : 0.212700
        }
      ,
      {
        "name" : "tmp_003136tasks000049io04_comp",
        "avg_wtput" : 377.846103,
        "avg_rtput" : 29.149481,
        "tot_wb" : 104608802,
        "tot_rb" : 2592000,
        "tot_wtime" : 0.468929
        }
      ,
      {
        "name" : "tmp_003136tasks000049io05_comp",
        "avg_wtput" : 0.000000,
        "avg_rtput" : 0.000000,
        "tot_wb" : 0,
        "tot_rb" : 0,
        "tot_wtime" : 0.000001
        }
      ,
      {
        "name" : "tmp_003136tasks000049io06_comp",
        "avg_wtput" : 0.000000,
        "avg_rtput" : 0.000000,
        "tot_wb" : 0,
        "tot_rb" : 0,
        "tot_wtime" : 0.000001
        }
      ,
      {
        "name" : "tmp_003136tasks000049io07_comp",
        "avg_wtput" : 0.000000,
        "avg_rtput" : 0.000000,
        "tot_wb" : 0,
        "tot_rb" : 0,
        "tot_wtime" : 0.000001
        }
      ,
      {
        "name" : "tmp_003136tasks000004io08_comp",
        "avg_wtput" : 0.000000,
        "avg_rtput" : 0.000000,
        "tot_wb" : 0,
        "tot_rb" : 0,
        "tot_wtime" : 0.000001
        }
      ]
    ,
    "FileIOStatistics":[
      {
        "name" : "v2-overview-fcase-chrysalis-r0.FC5AV1C-L.ne30_ne30.49.cpl.hi.0001-04-01-00000.nc",
        "avg_wtput" : 1120.655405,
        "avg_rtput" : 0.000000,
        "tot_wb" : 147778552,
        "tot_rb" : 0,
        "tot_wtime" : 0.185989
        }
      ,
      {
        "name" : "v2-overview-fcase-chrysalis-r0.FC5AV1C-L.ne30_ne30.49.cpl.r.0001-04-01-00000.nc",
        "avg_wtput" : 553.331367,
        "avg_rtput" : 0.000000,
        "tot_wb" : 82513986,
        "tot_rb" : 0,
        "tot_wtime" : 0.186776
        }
      ,
      {
        "name" : "/lcrc/group/e3sm/data/inputdata/atm/cam/chem/trop_mam/atmsrf_ne30np4_110920.nc",
        "avg_wtput" : 0.000000,
        "avg_rtput" : 31.935696,
        "tot_wb" : 0,
        "tot_rb" : 4276976,
        "tot_wtime" : 0.131027
        }
      ,
      {
        "name" : "/lcrc/group/e3sm/data/inputdata/atm/cam/chem/trop_mozart/dvel/season_wes.nc",
        "avg_wtput" : 0.000000,
        "avg_rtput" : 1460.547991,
        "tot_wb" : 0,
        "tot_rb" : 605122560,
        "tot_wtime" : 0.404809
        }
      ,
      {
        "name" : "/lcrc/group/e3sm/data/inputdata/atm/cam/chem/trop_mozart/phot/exo_coldens.nc",
        "avg_wtput" : 0.000000,
        "avg_rtput" : 6704.665901,
        "tot_wb" : 0,
        "tot_rb" : 2546582528,
        "tot_wtime" : 0.366837
        }
      ,
      {
        "name" : "/lcrc/group/e3sm/data/inputdata/atm/cam/chem/trop_mozart/ub/EESC_1850-2100_c090603.nc",
        "avg_wtput" : 0.000000,
        "avg_rtput" : 3.477235,
        "tot_wb" : 0,
        "tot_rb" : 3198720,
        "tot_wtime" : 0.888370
        }
      ,
      {
        "name" : "/lcrc/group/e3sm/data/inputdata/atm/cam/chem/trop_mozart/ub/clim_p_trop.nc",
        "avg_wtput" : 0.000000,
        "avg_rtput" : 6815.774028,
        "tot_wb" : 0,
        "tot_rb" : 3170144768,
        "tot_wtime" : 0.452463
        }
      ,
      {
        "name" : "/lcrc/group/e3sm/data/inputdata/atm/cam/chem/trop_mozart_aero/emis/DMSflux.2000.1deg_latlon_conserv.POPmonthlyClimFromACES4BGC_c20160226.nc",
        "avg_wtput" : 0.000000,
        "avg_rtput" : 0.000000,
        "tot_wb" : 0,
        "tot_rb" : 0,
        "tot_wtime" : 0.350475
        }
      ,
      {
        "name" : "/lcrc/group/e3sm/data/inputdata/atm/cam/chem/trop_mozart_aero/emis/aces4bgc_nvsoa_soag_elev_2000_c160427.nc",
        "avg_wtput" : 0.000000,
        "avg_rtput" : 0.000000,
        "tot_wb" : 0,
        "tot_rb" : 0,
        "tot_wtime" : 0.117239
        }
      ,
      {
        "name" : "/lcrc/group/e3sm/data/inputdata/atm/cam/chem/trop_mozart_aero/emis/ar5_mam3_bc_elev_2000_c120315.nc",
        "avg_wtput" : 0.000000,
        "avg_rtput" : 0.000000,
        "tot_wb" : 0,
        "tot_rb" : 0,
        "tot_wtime" : 0.128011
        }
      ,
      {
        "name" : "/lcrc/group/e3sm/data/inputdata/atm/cam/chem/trop_mozart_aero/emis/ar5_mam3_bc_surf_2000_c120315.nc",
        "avg_wtput" : 0.000000,
        "avg_rtput" : 0.000000,
        "tot_wb" : 0,
        "tot_rb" : 0,
        "tot_wtime" : 0.066708
        }
      ,
      {
        "name" : "/lcrc/group/e3sm/data/inputdata/atm/cam/chem/trop_mozart_aero/emis/ar5_mam3_num_a2_elev_2000_c120315.nc",
        "avg_wtput" : 0.000000,
        "avg_rtput" : 0.000000,
        "tot_wb" : 0,
        "tot_rb" : 0,
        "tot_wtime" : 0.087762
        }
      ,
      {
        "name" : "/lcrc/group/e3sm/data/inputdata/atm/cam/chem/trop_mozart_aero/emis/ar5_mam3_num_a2_surf_2000_c120315.nc",
        "avg_wtput" : 0.000000,
        "avg_rtput" : 0.000000,
        "tot_wb" : 0,
        "tot_rb" : 0,
        "tot_wtime" : 0.073897
        }
      ,
      {
        "name" : "/lcrc/group/e3sm/data/inputdata/atm/cam/chem/trop_mozart_aero/emis/ar5_mam3_pom_elev_2000_c130422.nc",
        "avg_wtput" : 0.000000,
        "avg_rtput" : 0.000000,
        "tot_wb" : 0,
        "tot_rb" : 0,
        "tot_wtime" : 0.123583
        }
      ,
      {
        "name" : "/lcrc/group/e3sm/data/inputdata/atm/cam/chem/trop_mozart_aero/emis/ar5_mam3_pom_surf_2000_c130422.nc",
        "avg_wtput" : 0.000000,
        "avg_rtput" : 0.000000,
        "tot_wb" : 0,
        "tot_rb" : 0,
        "tot_wtime" : 0.104558
        }
      ,
      {
        "name" : "/lcrc/group/e3sm/data/inputdata/atm/cam/chem/trop_mozart_aero/emis/ar5_mam3_so2_elev_2000_c120315.nc",
        "avg_wtput" : 0.000000,
        "avg_rtput" : 0.000000,
        "tot_wb" : 0,
        "tot_rb" : 0,
        "tot_wtime" : 0.151871
        }
      ,
      {
        "name" : "/lcrc/group/e3sm/data/inputdata/atm/cam/chem/trop_mozart_aero/emis/ar5_mam3_so2_surf_2000_c120315.nc",
        "avg_wtput" : 0.000000,
        "avg_rtput" : 0.000000,
        "tot_wb" : 0,
        "tot_rb" : 0,
        "tot_wtime" : 0.075498
        }
      ,
      {
        "name" : "/lcrc/group/e3sm/data/inputdata/atm/cam/chem/trop_mozart_aero/emis/ar5_mam3_so4_a1_elev_2000_c120315.nc",
        "avg_wtput" : 0.000000,
        "avg_rtput" : 0.000000,
        "tot_wb" : 0,
        "tot_rb" : 0,
        "tot_wtime" : 0.132541
        }
      ,
      {
        "name" : "/lcrc/group/e3sm/data/inputdata/atm/cam/chem/trop_mozart_aero/emis/ar5_mam3_so4_a1_surf_2000_c120315.nc",
        "avg_wtput" : 0.000000,
        "avg_rtput" : 0.000000,
        "tot_wb" : 0,
        "tot_rb" : 0,
        "tot_wtime" : 0.067556
        }
      ,
      {
        "name" : "/lcrc/group/e3sm/data/inputdata/atm/cam/chem/trop_mozart_aero/emis/ar5_mam3_so4_a2_elev_2000_c120315.nc",
        "avg_wtput" : 0.000000,
        "avg_rtput" : 0.000000,
        "tot_wb" : 0,
        "tot_rb" : 0,